id_pump|price_gasoline|price_gasoline_self|price_diesel|price_diesel_self|date
3464|2.209|1.849|2.539|2.179|2026-04-01
3468|NA|1.741|NA|1.924|2026-04-01
3471|2.129|1.829|2.469|2.159|2026-04-01
3473|2.072|1.768|2.386|2.082|2026-04-01
3474|2.215|1.815|2.515|2.115|2026-04-01
3486|2.298|1.898|2.598|2.198|2026-04-01
3489|2.209|1.779|2.519|2.089|2026-04-01
3492|2.064|1.815|2.369|2.12|2026-04-01
3493|1.999|1.799|2.279|2.079|2026-04-01
3503|2.139|1.889|2.379|2.129|2026-04-01
3510|2.119|1.769|2.419|2.069|2026-04-01
3511|1.998|1.798|2.299|2.099|2026-04-01
3512|1.999|1.799|2.389|2.189|2026-04-01
3513|2.139|1.924|2.509|2.294|2026-04-01
3514|2.069|1.819|2.404|2.124|2026-04-01
3515|2.139|1.924|2.459|2.244|2026-04-01
3516|1.899|1.699|2.198|1.998|2026-04-01
3518|2.009|1.804|2.359|2.154|2026-04-01
3521|2.084|1.827|2.354|2.097|2026-04-01
3526|2.099|1.799|2.379|2.079|2026-04-01
3527|2.068|1.848|2.369|2.149|2026-04-01
3530|2.038|1.828|2.339|2.129|2026-04-01
3533|2.069|1.829|2.419|2.179|2026-04-01
3535|2.129|1.769|2.429|2.069|2026-04-01
3537|2.349|1.899|2.599|2.269|2026-04-01
3544|2.222|1.842|2.542|2.162|2026-04-01
3546|2.184|1.799|2.514|2.129|2026-04-01
3547|2.092|1.792|2.392|2.092|2026-04-01
3548|2.164|1.804|2.499|2.144|2026-04-01
3549|2.164|1.779|2.504|2.119|2026-04-01
3551|2.012|1.912|2.382|2.282|2026-04-01
3552|2.182|1.802|2.482|2.102|2026-04-01
3553|2.182|1.802|2.542|2.162|2026-04-01
3554|2.049|1.774|2.384|2.109|2026-04-01
3555|2.024|1.779|2.369|2.119|2026-04-01
3558|2.258|1.898|2.492|2.132|2026-04-01
3559|1.992|1.762|2.362|2.032|2026-04-01
3561|2.202|1.822|2.562|2.182|2026-04-01
3562|2.212|1.832|2.582|2.202|2026-04-01
3563|2.188|1.858|2.492|2.162|2026-04-01
3565|2.164|1.804|2.494|2.134|2026-04-01
3566|2.139|1.849|2.489|2.199|2026-04-01
3568|2.059|1.839|2.389|2.169|2026-04-01
3574|1.954|1.777|2.266|2.088|2026-04-01
3575|2.019|1.849|2.339|2.169|2026-04-01
3581|2.109|1.759|2.449|2.099|2026-04-01
3586|2.012|1.819|2.285|2.095|2026-04-01
3587|2.179|1.829|2.419|2.119|2026-04-01
3588|2.035|1.785|2.345|2.095|2026-04-01
3598|2.179|1.809|2.499|2.129|2026-04-01
3599|2.149|1.799|2.479|2.129|2026-04-01
3606|NA|1.855|NA|2.155|2026-04-01
3607|2.169|1.769|2.469|2.069|2026-04-01
3612|NA|1.789|NA|2.129|2026-04-01
3618|2.03|1.81|2.316|2.098|2026-04-01
3625|2.042|1.812|2.345|2.115|2026-04-01
3626|2.069|1.859|2.379|2.169|2026-04-01
3630|1.964|1.798|2.278|2.112|2026-04-01
3635|NA|1.809|NA|2.139|2026-04-01
3636|NA|1.789|NA|2.149|2026-04-01
3641|2.149|1.799|2.479|2.129|2026-04-01
3645|2.009|1.799|2.309|2.099|2026-04-01
3646|2.092|1.822|2.385|2.095|2026-04-01
3649|1.999|1.789|2.389|2.179|2026-04-01
3651|2.009|1.799|2.305|2.095|2026-04-01
3654|1.998|1.778|2.398|2.069|2026-04-01
3666|2.249|1.849|2.599|2.199|2026-04-01
3668|1.966|1.755|2.273|2.063|2026-04-01
3680|2.119|1.889|2.489|2.259|2026-04-01
3686|2.119|1.919|2.489|2.289|2026-04-01
3687|2.219|1.829|2.529|2.129|2026-04-01
3706|2.099|1.829|2.399|2.149|2026-04-01
3707|2.169|1.919|2.489|2.239|2026-04-01
3711|2.109|1.839|2.429|2.159|2026-04-01
3714|2.098|1.828|2.398|2.138|2026-04-01
3715|2.061|1.778|2.368|2.089|2026-04-01
3717|2.099|1.829|2.399|2.139|2026-04-01
3719|2.016|1.776|2.313|2.073|2026-04-01
3728|2.125|1.785|2.425|2.085|2026-04-01
3730|2.024|1.841|2.319|2.136|2026-04-01
3733|2.054|1.789|2.409|2.124|2026-04-01
3746|2.122|1.812|2.445|2.135|2026-04-01
3747|2.101|1.879|2.411|2.199|2026-04-01
3748|1.983|1.773|2.284|2.074|2026-04-01
3749|2.019|2.019|2.359|2.359|2026-04-01
3760|2.069|1.869|2.299|2.099|2026-04-01
3763|2.249|1.869|2.529|2.199|2026-04-01
3777|2.105|1.755|2.389|2.039|2026-04-01
3786|2.289|1.939|2.494|2.159|2026-04-01
3798|2.079|1.869|2.409|2.199|2026-04-01
3808|2.009|1.819|1.999|1.819|2026-04-01
3816|NA|1.899|NA|2.199|2026-04-01
3820|2.199|1.999|2.458|2.258|2026-04-01
3823|2.209|1.799|2.519|2.109|2026-04-01
3829|2.07|1.86|2.353|2.143|2026-04-01
3836|2.129|1.779|2.429|2.079|2026-04-01
3841|2.059|1.849|2.379|2.169|2026-04-01
3842|NA|1.799|NA|2.129|2026-04-01
3843|1.972|1.762|2.298|2.078|2026-04-01
3844|1.942|1.762|2.258|2.078|2026-04-01
3850|1.942|1.752|2.258|2.068|2026-04-01
3851|1.935|1.795|2.235|2.085|2026-04-01
3853|1.952|1.782|2.268|2.098|2026-04-01
3855|1.935|1.765|2.244|2.074|2026-04-01
3857|1.919|1.759|2.239|2.069|2026-04-01
3858|1.942|1.792|2.235|2.085|2026-04-01
3860|1.945|1.765|2.258|2.078|2026-04-01
3861|1.894|1.772|2.201|2.08|2026-04-01
3862|1.911|1.77|2.226|2.086|2026-04-01
3867|2.149|1.819|2.449|2.149|2026-04-01
3887|2.065|1.795|2.385|2.115|2026-04-01
3894|2.049|1.779|2.369|2.099|2026-04-01
3896|2.249|2.019|2.489|2.259|2026-04-01
3898|2.221|1.971|2.635|2.385|2026-04-01
3904|2.089|1.839|2.419|2.169|2026-04-01
3907|1.999|1.814|2.246|2.061|2026-04-01
3909|2.067|1.857|2.365|2.155|2026-04-01
3918|NA|1.804|NA|2.139|2026-04-01
3927|NA|2.105|NA|2.155|2026-04-01
3929|NA|1.899|NA|2.199|2026-04-01
3935|2.025|1.815|2.34|2.13|2026-04-01
3981|1.875|1.749|2.249|2.212|2026-04-01
3986|1.999|1.799|2.349|2.149|2026-04-01
3987|2.005|1.795|2.315|2.105|2026-04-01
3992|2.219|1.839|2.549|2.169|2026-04-01
3999|NA|1.714|NA|1.999|2026-04-01
4014|1.989|1.989|2.219|2.219|2026-04-01
4015|1.942|1.732|2.255|2.045|2026-04-01
4023|2.089|1.839|2.379|2.129|2026-04-01
4027|1.779|1.729|2.129|2.079|2026-04-01
4035|1.922|1.712|2.245|2.035|2026-04-01
4036|NA|1.716|NA|2.096|2026-04-01
4047|1.957|1.737|2.255|2.035|2026-04-01
4049|2.019|1.809|2.279|2.069|2026-04-01
4054|1.759|1.759|2.139|2.139|2026-04-01
4055|1.759|1.759|2.159|2.159|2026-04-01
4064|1.964|1.749|2.294|2.079|2026-04-01
4065|1.739|1.739|2.089|2.089|2026-04-01
4066|1.839|1.739|2.229|2.129|2026-04-01
4067|1.729|1.729|2.099|2.099|2026-04-01
4077|1.942|1.732|2.258|2.048|2026-04-01
4079|NA|1.799|NA|2.099|2026-04-01
4083|1.869|1.719|2.189|2.039|2026-04-01
4085|1.945|1.725|2.255|2.035|2026-04-01
4092|1.745|1.745|2.083|2.083|2026-04-01
4095|1.769|1.769|2.139|2.139|2026-04-01
4100|1.839|1.749|2.179|2.089|2026-04-01
4101|1.828|1.738|2.179|2.089|2026-04-01
4102|1.745|1.735|2.065|2.055|2026-04-01
4106|1.967|1.747|2.283|2.063|2026-04-01
4109|1.799|1.719|2.159|2.079|2026-04-01
4112|1.942|1.732|2.255|2.045|2026-04-01
4115|1.729|1.729|2.049|2.049|2026-04-01
4127|1.899|1.699|2.299|2.099|2026-04-01
4130|1.804|1.804|NA|NA|2026-04-01
4131|1.759|1.759|2.149|2.149|2026-04-01
4134|1.839|1.769|2.149|2.079|2026-04-01
4135|NA|1.769|NA|2.079|2026-04-01
4137|1.717|1.717|2.057|2.057|2026-04-01
4141|NA|1.699|NA|2.019|2026-04-01
4142|1.999|1.749|2.349|2.099|2026-04-01
4151|1.839|1.839|2.099|2.099|2026-04-01
4185|1.718|1.718|2.078|2.078|2026-04-01
4186|NA|1.732|NA|2.048|2026-04-01
4203|NA|1.737|NA|2.045|2026-04-01
4210|1.999|1.999|2.169|2.169|2026-04-01
4214|1.807|1.727|2.089|2.009|2026-04-01
4216|1.93|1.71|2.301|2.081|2026-04-01
4217|2.009|1.799|2.349|2.139|2026-04-01
4226|2.079|1.779|2.449|2.149|2026-04-01
4233|1.957|1.737|2.253|2.033|2026-04-01
4242|1.957|1.737|2.265|2.045|2026-04-01
4244|1.95|1.73|2.253|2.033|2026-04-01
4246|2.026|1.826|2.336|2.136|2026-04-01
4251|NA|1.789|NA|2.069|2026-04-01
4254|1.942|1.732|2.25|2.04|2026-04-01
4256|1.989|1.779|2.309|2.099|2026-04-01
4257|1.957|1.737|2.253|2.033|2026-04-01
4259|1.955|1.735|2.304|2.084|2026-04-01
4260|1.769|1.769|2.047|2.047|2026-04-01
4262|NA|1.719|NA|2.059|2026-04-01
4265|1.799|1.719|2.159|2.079|2026-04-01
4267|NA|1.659|NA|2.029|2026-04-01
4272|1.937|1.717|2.253|2.033|2026-04-01
4279|1.919|1.789|2.199|2.069|2026-04-01
4280|1.839|1.839|2.119|2.119|2026-04-01
4285|1.899|1.699|2.309|2.109|2026-04-01
4304|1.94|1.72|2.26|2.04|2026-04-01
4307|1.899|1.669|2.299|2.069|2026-04-01
4308|1.899|1.669|2.299|2.069|2026-04-01
4309|1.929|1.699|2.299|2.069|2026-04-01
4310|1.929|1.699|2.309|2.079|2026-04-01
4311|1.929|1.699|2.299|2.069|2026-04-01
4313|NA|1.779|NA|2.149|2026-04-01
4328|1.917|1.697|2.255|2.035|2026-04-01
4338|1.935|1.725|2.258|2.048|2026-04-01
4339|1.725|1.725|2.024|2.024|2026-04-01
4344|1.957|1.737|2.273|2.053|2026-04-01
4351|1.753|1.753|2.053|2.053|2026-04-01
4352|1.999|1.789|2.319|2.109|2026-04-01
4356|NA|1.757|NA|2.137|2026-04-01
4357|1.929|1.929|2.129|2.129|2026-04-01
4363|1.919|1.769|2.149|1.999|2026-04-01
4365|1.959|1.809|2.255|2.105|2026-04-01
4366|1.959|1.809|2.255|2.105|2026-04-01
4367|1.94|1.725|2.26|2.045|2026-04-01
4373|1.73|1.73|2.078|2.078|2026-04-01
4382|1.759|1.759|2.088|2.088|2026-04-01
4384|1.979|1.759|NA|NA|2026-04-01
4397|NA|1.757|NA|2.097|2026-04-01
4398|NA|1.797|NA|2.077|2026-04-01
4399|1.779|1.779|2.099|2.099|2026-04-01
4400|NA|1.809|NA|2.119|2026-04-01
4401|NA|1.809|NA|2.119|2026-04-01
4404|NA|1.767|NA|2.067|2026-04-01
4405|NA|1.747|NA|2.049|2026-04-01
4406|NA|1.747|NA|2.077|2026-04-01
4407|NA|1.747|NA|2.097|2026-04-01
4408|NA|1.747|NA|2.097|2026-04-01
4409|1.837|1.767|2.157|2.087|2026-04-01
4410|1.942|1.725|2.262|2.045|2026-04-01
4419|1.879|1.699|2.239|2.059|2026-04-01
4423|1.919|1.679|2.269|2.029|2026-04-01
4442|1.809|1.769|2.039|1.999|2026-04-01
4445|1.949|1.739|2.259|2.049|2026-04-01
4458|NA|1.714|NA|2.029|2026-04-01
4478|1.957|1.737|2.253|2.033|2026-04-01
4481|NA|1.759|NA|2.089|2026-04-01
4484|NA|1.759|NA|2.089|2026-04-01
4485|NA|1.759|NA|2.089|2026-04-01
4486|NA|1.759|NA|2.089|2026-04-01
4487|NA|1.759|NA|2.089|2026-04-01
4488|NA|1.759|NA|2.089|2026-04-01
4489|NA|1.759|NA|2.089|2026-04-01
4490|NA|1.759|NA|2.089|2026-04-01
4491|NA|1.709|NA|2.099|2026-04-01
4493|NA|1.745|NA|2.053|2026-04-01
4504|1.835|1.675|2.299|2.139|2026-04-01
4532|1.869|1.769|2.199|2.099|2026-04-01
4535|1.699|1.699|2.019|2.019|2026-04-01
4536|1.739|1.739|2.059|2.059|2026-04-01
4548|1.769|NA|2.099|NA|2026-04-01
4558|1.73|1.73|2.05|2.05|2026-04-01
4560|1.999|1.789|2.319|2.109|2026-04-01
4580|1.769|1.729|2.069|2.029|2026-04-01
4581|1.769|1.729|2.069|2.029|2026-04-01
4582|1.769|1.729|2.069|2.029|2026-04-01
4586|1.779|1.729|2.079|2.029|2026-04-01
4593|NA|1.719|NA|1.999|2026-04-01
4595|1.745|1.745|NA|NA|2026-04-01
4601|1.709|1.709|2.049|2.049|2026-04-01
4602|1.719|1.719|2.059|2.059|2026-04-01
4604|1.95|1.73|2.265|2.045|2026-04-01
4605|1.729|1.729|1.999|1.999|2026-04-01
4612|1.759|1.759|2.139|2.139|2026-04-01
4626|1.879|1.819|2.149|2.089|2026-04-01
4628|1.892|1.732|2.268|2.108|2026-04-01
4629|1.952|1.742|2.258|2.048|2026-04-01
4642|NA|1.729|NA|2.159|2026-04-01
4645|2.162|1.802|2.462|2.102|2026-04-01
4662|1.979|1.759|2.299|2.079|2026-04-01
4688|1.957|1.732|2.273|2.048|2026-04-01
4689|1.899|1.759|2.269|2.129|2026-04-01
4706|1.829|1.689|2.189|2.049|2026-04-01
4707|2.131|1.919|2.501|2.279|2026-04-01
4712|1.899|1.759|2.269|2.129|2026-04-01
4720|1.999|1.799|2.349|2.149|2026-04-01
4730|NA|1.729|NA|2.049|2026-04-01
4734|1.95|1.73|2.253|2.035|2026-04-01
4737|1.697|1.697|2.069|2.069|2026-04-01
4757|2.119|1.889|2.379|2.159|2026-04-01
4759|2.149|1.799|2.514|2.164|2026-04-01
4770|1.837|1.747|2.152|2.062|2026-04-01
4772|1.702|1.702|2.049|2.049|2026-04-01
4773|1.919|1.729|2.249|2.059|2026-04-01
4781|1.858|1.858|2.098|2.098|2026-04-01
4789|1.989|NA|2.299|NA|2026-04-01
4792|1.768|1.768|2.089|2.089|2026-04-01
4796|1.715|1.715|2.059|2.059|2026-04-01
4805|NA|1.869|NA|2.21|2026-04-01
4814|1.777|NA|2.157|NA|2026-04-01
4815|2.267|1.767|2.647|2.147|2026-04-01
4818|1.777|NA|2.157|NA|2026-04-01
4822|1.748|1.748|2.128|2.128|2026-04-01
4825|1.717|1.697|2.027|1.997|2026-04-01
4827|1.748|1.748|2.128|2.128|2026-04-01
4835|1.786|1.786|2.099|2.099|2026-04-01
4836|1.794|1.794|2.144|2.144|2026-04-01
4838|1.789|1.749|2.159|2.119|2026-04-01
4839|1.848|1.698|2.188|2.038|2026-04-01
4840|1.819|1.769|2.149|2.099|2026-04-01
4841|1.92|1.71|2.225|2.015|2026-04-01
4849|1.945|1.725|2.255|2.035|2026-04-01
4866|2.009|1.759|2.339|2.089|2026-04-01
4867|1.922|1.712|2.289|2.079|2026-04-01
4868|2.267|1.767|2.647|2.147|2026-04-01
4876|1.889|1.699|2.249|2.059|2026-04-01
4877|1.909|1.699|2.225|2.059|2026-04-01
4882|1.899|1.699|2.239|2.039|2026-04-01
4906|1.945|1.745|2.305|2.105|2026-04-01
4911|1.959|1.759|2.279|2.079|2026-04-01
4917|1.979|1.769|2.339|2.129|2026-04-01
4920|1.934|1.769|2.184|2.019|2026-04-01
4928|1.879|1.729|2.249|2.099|2026-04-01
4930|1.879|1.729|2.249|2.099|2026-04-01
4931|1.909|1.759|2.149|1.999|2026-04-01
4932|1.879|1.729|2.249|2.099|2026-04-01
4938|1.899|1.749|2.269|2.119|2026-04-01
4953|NA|1.719|NA|2.069|2026-04-01
4954|1.819|1.719|2.169|2.069|2026-04-01
4955|NA|1.719|NA|2.069|2026-04-01
4956|NA|1.719|NA|2.069|2026-04-01
4957|1.979|1.759|2.309|2.089|2026-04-01
4958|1.979|1.759|2.319|2.099|2026-04-01
4959|1.979|1.759|2.289|2.069|2026-04-01
4960|NA|1.799|NA|2.129|2026-04-01
4961|1.747|NA|1.997|NA|2026-04-01
4966|1.759|1.759|2.099|2.099|2026-04-01
4979|1.937|1.717|2.255|2.035|2026-04-01
4981|1.957|1.737|2.255|2.035|2026-04-01
4983|1.869|NA|2.109|NA|2026-04-01
4984|NA|1.748|NA|2.098|2026-04-01
4991|1.799|1.799|2.159|2.159|2026-04-01
4993|1.739|1.739|2.049|2.049|2026-04-01
4995|NA|1.769|NA|2.099|2026-04-01
4996|1.93|1.71|2.25|2.03|2026-04-01
5009|NA|1.699|NA|2.039|2026-04-01
5010|1.699|1.679|2.029|2.009|2026-04-01
5011|NA|1.699|2.039|2.039|2026-04-01
5021|NA|1.719|NA|2.069|2026-04-01
5022|1.993|1.759|2.283|2.049|2026-04-01
5023|1.699|1.699|2.029|2.029|2026-04-01
5027|1.699|1.699|2.049|2.049|2026-04-01
5031|1.922|1.712|2.245|2.035|2026-04-01
5032|NA|1.749|NA|2.129|2026-04-01
5033|NA|1.689|NA|1.949|2026-04-01
5036|1.699|1.699|2.019|2.019|2026-04-01
5037|1.927|1.717|2.249|2.039|2026-04-01
5046|NA|1.789|NA|2.129|2026-04-01
5053|1.909|1.729|2.279|2.099|2026-04-01
5059|1.942|1.732|2.255|2.045|2026-04-01
5063|1.943|1.733|2.305|2.115|2026-04-01
5064|1.952|1.792|2.192|2.032|2026-04-01
5067|1.983|1.773|2.305|2.115|2026-04-01
5068|1.905|1.745|2.259|2.099|2026-04-01
5069|1.982|1.772|2.304|2.114|2026-04-01
5072|NA|1.737|NA|2.033|2026-04-01
5076|1.967|1.742|2.27|2.045|2026-04-01
5077|1.749|NA|2.109|NA|2026-04-01
5079|1.965|1.745|2.235|2.015|2026-04-01
5081|2.019|1.819|2.349|2.149|2026-04-01
5084|1.957|1.737|2.273|2.053|2026-04-01
5087|1.719|1.719|2.069|2.069|2026-04-01
5097|1.848|1.749|2.238|2.139|2026-04-01
5128|1.942|1.732|2.245|2.035|2026-04-01
5150|1.932|1.699|2.332|2.099|2026-04-01
5151|1.932|1.699|2.332|2.099|2026-04-01
5154|1.759|NA|2.129|NA|2026-04-01
5159|1.709|1.709|2.089|2.089|2026-04-01
5160|1.979|1.779|2.369|2.169|2026-04-01
5169|1.869|1.769|2.289|2.139|2026-04-01
5171|1.982|1.772|2.304|2.114|2026-04-01
5173|1.983|1.773|2.355|2.165|2026-04-01
5174|1.983|1.823|2.305|2.115|2026-04-01
5175|1.933|1.723|2.285|2.095|2026-04-01
5180|1.739|NA|2.089|NA|2026-04-01
5197|2.076|1.762|2.374|2.12|2026-04-01
5211|1.799|1.749|2.119|2.069|2026-04-01
5240|1.845|1.745|2.148|2.048|2026-04-01
5251|1.939|1.739|2.289|2.089|2026-04-01
5252|1.889|1.739|2.219|2.069|2026-04-01
5263|1.839|1.739|2.229|2.129|2026-04-01
5264|1.969|1.719|2.249|2.099|2026-04-01
5266|1.69|1.69|1.98|1.98|2026-04-01
5268|1.749|NA|2.109|NA|2026-04-01
5274|NA|1.769|NA|2.119|2026-04-01
5284|1.769|NA|2.119|NA|2026-04-01
5285|1.899|1.799|2.229|2.129|2026-04-01
5291|1.839|1.739|2.219|2.119|2026-04-01
5297|1.974|1.774|2.348|2.148|2026-04-01
5319|1.799|1.799|2.169|2.169|2026-04-01
5320|2.117|1.806|2.457|2.146|2026-04-01
5321|1.799|1.799|2.169|2.169|2026-04-01
5322|1.829|1.829|2.169|2.169|2026-04-01
5324|1.899|1.899|2.189|2.189|2026-04-01
5328|NA|1.749|NA|2.059|2026-04-01
5333|1.937|1.717|2.253|2.033|2026-04-01
5336|1.969|1.719|2.309|2.059|2026-04-01
5339|1.989|1.739|2.349|2.049|2026-04-01
5355|1.769|1.769|2.119|2.119|2026-04-01
5360|1.929|1.739|2.259|2.069|2026-04-01
5366|1.969|1.759|2.299|2.089|2026-04-01
5367|1.749|1.749|2.049|2.049|2026-04-01
5372|1.749|1.749|2.099|2.099|2026-04-01
5378|2.059|1.799|2.359|2.099|2026-04-01
5379|2.009|1.799|2.339|2.129|2026-04-01
5385|NA|1.737|NA|2.02|2026-04-01
5389|NA|1.766|NA|2.126|2026-04-01
5395|1.937|1.717|2.253|2.033|2026-04-01
5400|1.957|1.737|2.255|2.035|2026-04-01
5406|1.955|1.735|2.253|2.033|2026-04-01
5408|NA|1.692|NA|2.008|2026-04-01
5413|1.955|1.735|2.273|2.053|2026-04-01
5414|1.957|1.737|2.265|2.045|2026-04-01
5415|1.937|1.717|2.265|2.045|2026-04-01
5423|2.051|1.737|2.219|2.053|2026-04-01
5425|1.957|1.737|2.255|2.035|2026-04-01
5428|1.957|1.737|2.273|2.053|2026-04-01
5432|1.937|1.717|2.265|2.045|2026-04-01
5437|1.937|1.717|2.253|2.033|2026-04-01
5440|1.957|1.737|2.26|2.04|2026-04-01
5442|1.957|1.737|2.265|2.045|2026-04-01
5445|1.957|1.737|2.255|2.035|2026-04-01
5447|1.95|1.73|NA|NA|2026-04-01
5449|1.955|1.735|2.233|2.013|2026-04-01
5451|1.957|1.737|NA|NA|2026-04-01
5454|NA|NA|2.265|2.045|2026-04-01
5459|1.957|1.737|2.255|2.035|2026-04-01
5462|1.957|1.737|2.273|2.053|2026-04-01
5467|NA|1.692|NA|2.008|2026-04-01
5471|NA|1.692|NA|2.008|2026-04-01
5472|NA|1.692|NA|2.008|2026-04-01
5476|NA|1.692|NA|2.008|2026-04-01
5479|NA|1.605|NA|1.825|2026-04-01
5488|1.955|1.735|2.253|2.033|2026-04-01
5493|1.95|1.73|2.253|2.033|2026-04-01
5497|1.942|1.732|2.238|2.028|2026-04-01
5499|1.942|1.732|2.238|2.028|2026-04-01
5506|1.944|1.735|2.039|2.033|2026-04-01
5511|NA|1.779|NA|2.159|2026-04-01
5512|NA|1.729|NA|2.079|2026-04-01
5513|NA|1.779|NA|2.139|2026-04-01
5515|NA|1.799|NA|2.099|2026-04-01
5516|NA|1.799|NA|2.159|2026-04-01
5517|NA|1.779|NA|2.159|2026-04-01
5520|NA|1.769|NA|2.099|2026-04-01
5521|NA|1.769|NA|2.139|2026-04-01
5522|NA|1.789|NA|2.139|2026-04-01
5523|NA|1.779|NA|2.159|2026-04-01
5524|NA|1.789|NA|2.159|2026-04-01
5526|NA|1.799|NA|2.099|2026-04-01
5527|NA|1.664|NA|2.064|2026-04-01
5528|NA|1.819|NA|2.159|2026-04-01
5529|NA|1.759|NA|2.069|2026-04-01
5530|NA|1.779|NA|2.099|2026-04-01
5531|NA|1.749|NA|2.109|2026-04-01
5532|NA|1.819|NA|2.159|2026-04-01
5533|NA|1.759|NA|2.089|2026-04-01
5534|NA|1.769|NA|2.139|2026-04-01
5535|NA|1.759|NA|2.069|2026-04-01
5537|NA|1.719|NA|2.059|2026-04-01
5538|NA|1.779|NA|2.149|2026-04-01
5540|NA|1.779|NA|2.149|2026-04-01
5542|NA|1.729|NA|2.069|2026-04-01
5544|NA|1.769|NA|2.059|2026-04-01
5545|NA|1.719|NA|2.029|2026-04-01
5547|NA|1.749|NA|2.139|2026-04-01
5549|NA|1.779|NA|2.149|2026-04-01
5550|NA|1.759|NA|2.099|2026-04-01
5551|NA|1.779|NA|2.149|2026-04-01
5552|NA|1.819|NA|2.199|2026-04-01
5553|NA|1.779|NA|2.159|2026-04-01
5554|NA|1.749|NA|2.099|2026-04-01
5555|NA|1.779|NA|2.129|2026-04-01
5574|1.848|1.749|2.198|2.099|2026-04-01
5583|2.149|1.799|2.519|2.169|2026-04-01
5593|2.029|1.779|2.369|2.119|2026-04-01
5603|NA|1.699|NA|2.069|2026-04-01
5610|2.289|1.999|2.389|2.099|2026-04-01
5615|1.759|1.759|2.059|2.059|2026-04-01
5618|1.839|1.839|2.119|2.119|2026-04-01
5620|NA|1.774|NA|2.098|2026-04-01
5626|1.719|1.719|2.085|2.085|2026-04-01
5628|1.969|1.719|2.219|2.089|2026-04-01
5629|1.88|1.789|2.14|2.049|2026-04-01
5636|1.849|1.699|2.219|2.069|2026-04-01
5638|1.979|1.779|2.349|2.149|2026-04-01
5639|1.899|1.699|2.219|2.019|2026-04-01
5643|1.942|1.732|2.258|2.048|2026-04-01
5647|1.905|1.695|2.245|2.035|2026-04-01
5651|2.0|1.769|2.0|2.099|2026-04-01
5652|NA|1.799|NA|2.089|2026-04-01
5653|NA|1.799|NA|2.059|2026-04-01
5655|NA|1.799|NA|2.009|2026-04-01
5657|1.819|1.819|2.099|2.099|2026-04-01
5658|1.659|1.659|1.679|1.679|2026-04-01
5660|1.937|1.717|2.255|2.035|2026-04-01
5662|NA|1.799|NA|2.099|2026-04-01
5663|1.799|1.799|2.079|2.079|2026-04-01
5664|NA|1.799|NA|2.089|2026-04-01
5665|NA|1.798|NA|2.098|2026-04-01
5666|NA|1.774|NA|2.098|2026-04-01
5669|1.979|1.779|2.349|2.149|2026-04-01
5674|NA|1.719|NA|2.069|2026-04-01
5702|1.749|NA|2.135|NA|2026-04-01
5707|1.894|1.669|1.969|1.729|2026-04-01
5728|1.987|1.767|2.345|2.125|2026-04-01
5730|1.749|1.749|2.039|2.039|2026-04-01
5731|1.689|1.689|1.749|1.749|2026-04-01
5732|1.955|1.735|2.255|2.035|2026-04-01
5740|2.019|1.819|2.329|2.129|2026-04-01
5759|NA|1.769|2.229|2.099|2026-04-01
5760|1.819|1.819|2.149|2.149|2026-04-01
5765|1.959|1.749|2.309|2.099|2026-04-01
5766|NA|1.735|NA|2.045|2026-04-01
5928|NA|1.778|NA|2.158|2026-04-01
5935|NA|1.769|NA|2.099|2026-04-01
5936|NA|1.769|NA|2.099|2026-04-01
5937|NA|1.799|NA|2.099|2026-04-01
5943|NA|1.819|NA|2.099|2026-04-01
5946|NA|1.819|NA|2.149|2026-04-01
5947|NA|1.759|NA|2.139|2026-04-01
5951|NA|1.719|NA|2.049|2026-04-01
5955|NA|1.759|NA|2.119|2026-04-01
5956|NA|1.719|NA|2.069|2026-04-01
5959|NA|1.789|NA|2.149|2026-04-01
5961|NA|1.719|NA|2.099|2026-04-01
5962|NA|1.778|NA|2.148|2026-04-01
5965|NA|1.779|NA|2.149|2026-04-01
5967|NA|1.819|NA|2.099|2026-04-01
5978|NA|1.799|NA|2.139|2026-04-01
5981|NA|1.779|NA|2.149|2026-04-01
5998|1.989|1.769|2.319|2.099|2026-04-01
5999|1.955|1.735|2.235|2.015|2026-04-01
6003|1.959|1.749|2.329|2.119|2026-04-01
6008|1.987|1.767|2.345|2.125|2026-04-01
6020|1.959|1.709|1.959|1.709|2026-04-01
6021|1.957|1.737|2.273|2.053|2026-04-01
6023|NA|1.769|NA|2.099|2026-04-01
6025|1.969|1.769|2.299|2.099|2026-04-01
6032|1.942|1.732|2.263|2.053|2026-04-01
6036|1.737|NA|2.033|NA|2026-04-01
6038|NA|1.699|NA|2.039|2026-04-01
6039|1.969|1.759|2.269|2.059|2026-04-01
6040|1.979|1.769|2.329|2.119|2026-04-01
6043|1.799|NA|2.149|NA|2026-04-01
6047|1.957|1.737|2.273|2.053|2026-04-01
6072|1.92|1.71|2.22|2.01|2026-04-01
6109|1.788|1.738|2.118|2.068|2026-04-01
6113|2.049|1.839|2.329|2.119|2026-04-01
6115|1.779|1.779|2.129|2.129|2026-04-01
6120|1.949|1.739|2.309|2.099|2026-04-01
6137|1.899|1.739|2.229|2.069|2026-04-01
6149|2.087|1.769|2.457|2.139|2026-04-01
6150|1.749|1.749|2.159|2.159|2026-04-01
6161|NA|1.779|NA|2.149|2026-04-01
6163|1.759|1.719|2.109|2.089|2026-04-01
6164|1.945|1.735|2.263|2.053|2026-04-01
6182|1.985|1.721|2.145|2.031|2026-04-01
6193|NA|1.749|NA|2.069|2026-04-01
6195|1.967|1.747|2.275|2.055|2026-04-01
6197|1.799|1.799|2.149|2.149|2026-04-01
6207|1.925|1.705|2.265|2.045|2026-04-01
6216|1.745|1.745|2.065|2.065|2026-04-01
6228|2.009|1.749|2.359|2.099|2026-04-01
6250|1.959|1.749|2.309|2.099|2026-04-01
6253|1.905|1.725|2.265|2.085|2026-04-01
6254|1.935|1.715|2.255|2.035|2026-04-01
6259|NA|1.749|NA|2.099|2026-04-01
6260|NA|1.749|NA|2.099|2026-04-01
6262|NA|1.749|NA|NA|2026-04-01
6264|NA|1.749|NA|NA|2026-04-01
6266|NA|1.749|NA|NA|2026-04-01
6267|NA|1.749|NA|2.099|2026-04-01
6268|NA|1.749|NA|NA|2026-04-01
6272|1.959|1.759|2.299|2.099|2026-04-01
6281|1.967|1.747|2.273|2.053|2026-04-01
6286|1.929|1.719|2.309|2.099|2026-04-01
6292|NA|1.759|NA|2.089|2026-04-01
6293|NA|1.759|NA|2.059|2026-04-01
6296|NA|1.769|NA|2.099|2026-04-01
6297|NA|1.759|NA|2.079|2026-04-01
6298|NA|1.769|NA|2.089|2026-04-01
6299|NA|1.759|NA|2.099|2026-04-01
6300|NA|1.759|NA|2.059|2026-04-01
6301|NA|1.759|NA|2.059|2026-04-01
6303|NA|1.749|NA|2.059|2026-04-01
6304|NA|1.749|NA|2.059|2026-04-01
6309|1.769|1.769|2.189|2.189|2026-04-01
6314|1.957|1.737|2.265|2.045|2026-04-01
6320|1.858|1.749|2.258|2.149|2026-04-01
6324|1.909|1.689|2.159|1.939|2026-04-01
6329|NA|1.769|NA|2.129|2026-04-01
6333|NA|1.75|NA|1.99|2026-04-01
6335|NA|1.819|NA|2.159|2026-04-01
6338|1.939|1.749|2.219|2.029|2026-04-01
6343|NA|1.818|NA|2.139|2026-04-01
6348|1.769|1.769|2.159|2.159|2026-04-01
6355|1.925|1.705|2.245|2.025|2026-04-01
6369|NA|1.869|NA|2.21|2026-04-01
6384|NA|1.739|NA|2.049|2026-04-01
6385|NA|1.757|NA|2.087|2026-04-01
6386|NA|1.729|NA|2.039|2026-04-01
6387|NA|1.739|NA|2.039|2026-04-01
6388|NA|1.699|NA|2.039|2026-04-01
6389|NA|1.699|NA|1.999|2026-04-01
6390|NA|1.789|NA|2.109|2026-04-01
6391|NA|1.819|NA|2.139|2026-04-01
6392|NA|1.739|NA|2.049|2026-04-01
6393|NA|1.769|NA|2.099|2026-04-01
6394|NA|1.769|NA|2.099|2026-04-01
6395|NA|1.699|NA|1.999|2026-04-01
6396|NA|1.799|NA|2.149|2026-04-01
6397|NA|1.739|NA|2.039|2026-04-01
6398|NA|1.779|NA|2.099|2026-04-01
6399|NA|1.719|NA|2.019|2026-04-01
6400|NA|1.708|NA|2.058|2026-04-01
6401|NA|1.719|NA|2.059|2026-04-01
6402|NA|1.699|NA|2.039|2026-04-01
6403|NA|1.699|NA|2.049|2026-04-01
6404|NA|1.719|NA|2.089|2026-04-01
6405|NA|1.749|NA|2.069|2026-04-01
6406|NA|1.699|NA|2.079|2026-04-01
6407|NA|1.787|NA|2.127|2026-04-01
6408|NA|1.729|NA|2.089|2026-04-01
6412|NA|1.699|NA|2.029|2026-04-01
6413|NA|1.749|NA|2.089|2026-04-01
6414|NA|1.719|NA|2.059|2026-04-01
6415|NA|1.699|NA|2.029|2026-04-01
6416|NA|1.749|NA|2.049|2026-04-01
6417|NA|1.799|NA|2.099|2026-04-01
6420|NA|1.769|NA|2.099|2026-04-01
6421|NA|1.739|NA|2.029|2026-04-01
6422|NA|1.699|NA|2.089|2026-04-01
6423|NA|1.799|NA|2.059|2026-04-01
6424|NA|1.739|NA|2.079|2026-04-01
6425|NA|1.739|NA|2.029|2026-04-01
6426|NA|1.714|NA|2.039|2026-04-01
6427|NA|1.699|NA|2.079|2026-04-01
6428|NA|1.699|NA|2.019|2026-04-01
6430|NA|1.778|NA|2.098|2026-04-01
6431|NA|1.699|NA|2.019|2026-04-01
6432|NA|1.699|NA|2.029|2026-04-01
6433|NA|1.749|NA|2.099|2026-04-01
6434|NA|1.699|NA|2.049|2026-04-01
6435|NA|1.699|NA|2.099|2026-04-01
6436|NA|1.669|NA|2.019|2026-04-01
6437|NA|1.719|NA|2.029|2026-04-01
6439|NA|1.689|NA|2.059|2026-04-01
6440|NA|1.759|NA|2.099|2026-04-01
6441|NA|1.715|NA|2.025|2026-04-01
6442|NA|1.729|NA|2.099|2026-04-01
6443|NA|1.729|NA|2.039|2026-04-01
6445|NA|1.719|NA|2.029|2026-04-01
6446|NA|1.719|NA|2.029|2026-04-01
6447|NA|1.739|NA|2.099|2026-04-01
6448|NA|1.699|NA|2.019|2026-04-01
6449|NA|1.699|NA|2.049|2026-04-01
6450|NA|1.699|NA|2.019|2026-04-01
6451|NA|1.769|NA|2.099|2026-04-01
6452|NA|1.739|NA|2.099|2026-04-01
6453|NA|1.699|NA|2.069|2026-04-01
6454|NA|1.719|NA|1.999|2026-04-01
6456|NA|1.739|NA|2.059|2026-04-01
6457|NA|1.739|NA|2.039|2026-04-01
6458|NA|1.739|NA|2.059|2026-04-01
6459|NA|1.759|NA|2.089|2026-04-01
6460|NA|1.679|NA|2.019|2026-04-01
6461|NA|1.749|NA|2.079|2026-04-01
6462|NA|1.759|NA|2.029|2026-04-01
6464|NA|1.759|NA|2.039|2026-04-01
6465|NA|1.769|NA|2.039|2026-04-01
6466|NA|1.779|NA|2.129|2026-04-01
6468|NA|1.769|NA|2.119|2026-04-01
6469|NA|1.779|NA|2.089|2026-04-01
6470|NA|1.789|NA|2.119|2026-04-01
6471|NA|1.759|NA|2.119|2026-04-01
6473|NA|1.739|NA|2.039|2026-04-01
6474|NA|1.719|NA|2.049|2026-04-01
6475|NA|1.729|NA|2.039|2026-04-01
6476|NA|1.679|NA|2.029|2026-04-01
6477|NA|1.719|NA|2.029|2026-04-01
6478|NA|1.699|NA|2.079|2026-04-01
6479|NA|1.699|NA|2.029|2026-04-01
6480|NA|1.729|NA|2.089|2026-04-01
6481|NA|1.769|NA|2.109|2026-04-01
6482|NA|1.759|NA|2.089|2026-04-01
6483|NA|1.759|NA|2.099|2026-04-01
6484|NA|1.719|NA|2.049|2026-04-01
6485|NA|1.729|NA|2.099|2026-04-01
6486|NA|1.739|NA|2.129|2026-04-01
6487|NA|1.739|NA|2.089|2026-04-01
6488|NA|1.719|NA|2.049|2026-04-01
6489|NA|1.749|NA|2.049|2026-04-01
6490|NA|1.739|NA|2.059|2026-04-01
6491|NA|1.699|NA|2.019|2026-04-01
6492|NA|1.729|NA|2.029|2026-04-01
6493|NA|1.719|NA|2.069|2026-04-01
6494|NA|1.739|NA|2.039|2026-04-01
6496|NA|1.789|NA|2.099|2026-04-01
6497|NA|1.709|NA|2.079|2026-04-01
6498|NA|1.719|NA|2.099|2026-04-01
6499|NA|1.719|NA|2.059|2026-04-01
6500|NA|1.749|NA|2.079|2026-04-01
6501|NA|1.689|NA|2.099|2026-04-01
6502|NA|1.749|NA|2.069|2026-04-01
6503|NA|1.739|NA|2.079|2026-04-01
6504|NA|1.749|NA|2.039|2026-04-01
6505|NA|1.759|NA|2.099|2026-04-01
6506|NA|1.739|NA|1.689|2026-04-01
6507|NA|1.739|NA|2.039|2026-04-01
6508|NA|1.719|NA|2.089|2026-04-01
6509|NA|1.769|NA|2.089|2026-04-01
6510|NA|1.749|NA|2.059|2026-04-01
6511|NA|1.759|NA|2.089|2026-04-01
6512|NA|1.769|NA|2.049|2026-04-01
6513|NA|1.769|NA|2.099|2026-04-01
6515|NA|1.719|NA|2.079|2026-04-01
6516|NA|1.739|NA|2.089|2026-04-01
6517|NA|1.739|NA|2.069|2026-04-01
6518|NA|1.749|NA|2.089|2026-04-01
6519|NA|1.729|NA|2.059|2026-04-01
6520|NA|1.729|NA|2.089|2026-04-01
6522|NA|1.749|NA|2.099|2026-04-01
6523|NA|1.759|NA|2.099|2026-04-01
6524|NA|1.749|NA|2.129|2026-04-01
6525|NA|1.719|NA|2.019|2026-04-01
6526|NA|1.769|NA|2.119|2026-04-01
6527|NA|1.779|NA|2.119|2026-04-01
6528|NA|1.779|NA|2.129|2026-04-01
6529|NA|1.759|NA|2.079|2026-04-01
6530|NA|1.699|NA|2.039|2026-04-01
6531|NA|1.759|NA|2.099|2026-04-01
6532|NA|1.739|NA|2.069|2026-04-01
6533|NA|1.769|NA|2.129|2026-04-01
6534|NA|1.759|NA|2.069|2026-04-01
6535|NA|1.789|NA|2.059|2026-04-01
6536|NA|1.759|NA|2.089|2026-04-01
6537|NA|1.739|NA|2.059|2026-04-01
6538|NA|1.769|NA|2.049|2026-04-01
6539|NA|1.669|NA|1.539|2026-04-01
6540|NA|1.699|NA|2.019|2026-04-01
6541|NA|1.749|NA|2.059|2026-04-01
6542|NA|1.749|NA|2.099|2026-04-01
6543|NA|1.769|NA|2.079|2026-04-01
6544|NA|1.769|NA|2.099|2026-04-01
6546|NA|1.699|NA|2.019|2026-04-01
6547|NA|1.699|NA|2.059|2026-04-01
6548|NA|1.719|NA|2.059|2026-04-01
6549|NA|1.779|NA|2.119|2026-04-01
6550|NA|1.769|NA|2.099|2026-04-01
6551|NA|1.709|NA|2.059|2026-04-01
6552|NA|1.719|NA|2.039|2026-04-01
6554|NA|1.759|NA|2.099|2026-04-01
6556|NA|1.699|NA|2.039|2026-04-01
6557|NA|1.689|NA|2.019|2026-04-01
6558|NA|1.679|NA|2.019|2026-04-01
6559|NA|1.739|NA|2.049|2026-04-01
6560|NA|1.699|NA|2.039|2026-04-01
6561|NA|1.714|NA|2.084|2026-04-01
6562|NA|1.719|NA|2.039|2026-04-01
6563|NA|1.779|NA|2.149|2026-04-01
6564|NA|1.699|NA|2.119|2026-04-01
6565|NA|1.709|NA|2.039|2026-04-01
6566|NA|1.729|NA|2.049|2026-04-01
6567|NA|1.759|NA|2.079|2026-04-01
6568|NA|1.698|NA|1.998|2026-04-01
6569|NA|1.729|NA|2.019|2026-04-01
6570|NA|1.719|NA|2.019|2026-04-01
6571|NA|1.729|NA|2.059|2026-04-01
6572|NA|1.679|NA|1.999|2026-04-01
6573|NA|1.749|NA|2.119|2026-04-01
6574|NA|1.749|NA|2.089|2026-04-01
6576|NA|1.739|NA|1.999|2026-04-01
6577|NA|1.739|NA|2.049|2026-04-01
6578|NA|1.739|NA|2.069|2026-04-01
6579|NA|1.729|NA|2.059|2026-04-01
6580|NA|1.759|NA|2.079|2026-04-01
6581|NA|1.779|NA|2.129|2026-04-01
6583|NA|1.759|NA|2.039|2026-04-01
6584|NA|1.739|NA|2.069|2026-04-01
6585|NA|1.689|NA|2.029|2026-04-01
6586|NA|1.759|NA|2.129|2026-04-01
6587|NA|1.719|NA|2.029|2026-04-01
6588|NA|1.699|NA|2.039|2026-04-01
6589|NA|1.659|NA|1.999|2026-04-01
6590|NA|1.699|NA|2.059|2026-04-01
6591|NA|1.719|NA|2.039|2026-04-01
6592|NA|1.709|NA|2.059|2026-04-01
6593|NA|1.709|NA|2.029|2026-04-01
6594|NA|1.739|NA|2.069|2026-04-01
6595|NA|1.769|NA|2.129|2026-04-01
6596|NA|1.669|NA|2.059|2026-04-01
6597|NA|1.739|NA|2.039|2026-04-01
6599|NA|1.727|NA|2.047|2026-04-01
6600|NA|1.749|NA|2.049|2026-04-01
6601|NA|1.719|NA|2.029|2026-04-01
6602|NA|1.699|NA|2.019|2026-04-01
6603|NA|1.739|NA|2.049|2026-04-01
6604|NA|1.779|NA|2.049|2026-04-01
6605|NA|1.699|NA|2.019|2026-04-01
6607|NA|1.719|NA|2.039|2026-04-01
6608|NA|1.699|NA|2.059|2026-04-01
6609|NA|1.709|NA|2.019|2026-04-01
6610|NA|1.699|NA|2.049|2026-04-01
6611|NA|1.759|NA|2.069|2026-04-01
6612|NA|1.729|NA|2.069|2026-04-01
6613|NA|1.859|NA|1.809|2026-04-01
6614|NA|1.739|NA|2.049|2026-04-01
6615|NA|1.739|NA|2.059|2026-04-01
6616|NA|1.779|NA|2.069|2026-04-01
6617|NA|1.749|NA|2.069|2026-04-01
6618|NA|1.714|NA|2.019|2026-04-01
6619|NA|1.749|NA|2.029|2026-04-01
6620|NA|1.819|NA|2.139|2026-04-01
6622|NA|1.719|NA|2.039|2026-04-01
6623|NA|1.739|NA|2.049|2026-04-01
6624|NA|1.759|NA|2.019|2026-04-01
6625|NA|1.729|NA|2.079|2026-04-01
6626|NA|1.797|NA|2.097|2026-04-01
6627|NA|1.739|NA|2.019|2026-04-01
6628|NA|1.789|NA|2.089|2026-04-01
6629|NA|1.719|NA|2.119|2026-04-01
6630|NA|1.729|NA|2.069|2026-04-01
6631|NA|1.739|NA|2.089|2026-04-01
6632|NA|1.769|NA|2.069|2026-04-01
6633|NA|1.799|NA|2.099|2026-04-01
6634|NA|1.799|NA|2.119|2026-04-01
6635|NA|1.759|NA|2.039|2026-04-01
6636|NA|1.719|NA|2.019|2026-04-01
6637|NA|1.799|NA|2.099|2026-04-01
6638|NA|1.769|NA|2.069|2026-04-01
6639|NA|1.699|NA|2.049|2026-04-01
6640|NA|1.689|NA|2.029|2026-04-01
6641|NA|1.759|NA|2.059|2026-04-01
6642|NA|1.749|NA|2.099|2026-04-01
6643|NA|1.739|NA|2.099|2026-04-01
6644|NA|1.789|NA|2.089|2026-04-01
6645|NA|1.749|NA|2.079|2026-04-01
6646|NA|1.749|NA|2.079|2026-04-01
6647|NA|1.699|NA|2.019|2026-04-01
6648|NA|1.699|NA|2.059|2026-04-01
6649|NA|1.759|NA|2.119|2026-04-01
6650|NA|1.794|NA|2.094|2026-04-01
6653|NA|1.749|NA|2.049|2026-04-01
6654|NA|1.769|NA|2.069|2026-04-01
6655|NA|1.759|NA|2.059|2026-04-01
6656|NA|1.789|NA|2.099|2026-04-01
6657|NA|1.729|NA|2.019|2026-04-01
6658|NA|1.759|NA|2.039|2026-04-01
6659|NA|1.684|NA|2.024|2026-04-01
6660|NA|1.819|NA|2.149|2026-04-01
6661|NA|1.728|NA|2.028|2026-04-01
6662|NA|1.759|NA|2.049|2026-04-01
6664|NA|1.739|NA|2.049|2026-04-01
6665|NA|1.839|NA|2.089|2026-04-01
6666|NA|1.759|NA|2.079|2026-04-01
6667|NA|1.729|NA|2.049|2026-04-01
6668|NA|1.749|NA|2.079|2026-04-01
6669|NA|1.739|NA|2.089|2026-04-01
6670|NA|1.739|NA|2.089|2026-04-01
6671|NA|1.739|NA|2.089|2026-04-01
6672|NA|1.759|NA|2.039|2026-04-01
6674|NA|1.759|NA|2.049|2026-04-01
6675|NA|1.799|NA|2.089|2026-04-01
6676|NA|1.799|NA|2.029|2026-04-01
6677|NA|1.739|NA|2.079|2026-04-01
6678|NA|1.699|NA|2.029|2026-04-01
6679|NA|1.719|NA|2.059|2026-04-01
6680|NA|1.759|NA|2.099|2026-04-01
6681|NA|1.789|NA|1.669|2026-04-01
6682|NA|1.729|NA|2.059|2026-04-01
6683|NA|1.749|NA|2.029|2026-04-01
6684|NA|1.769|NA|2.099|2026-04-01
6685|NA|1.769|NA|2.129|2026-04-01
6686|NA|1.689|NA|1.999|2026-04-01
6687|NA|1.719|NA|2.049|2026-04-01
6688|NA|1.699|NA|2.029|2026-04-01
6689|NA|1.679|NA|1.999|2026-04-01
6690|NA|1.699|NA|2.029|2026-04-01
6691|NA|1.679|NA|1.999|2026-04-01
6692|NA|1.679|NA|1.999|2026-04-01
6693|NA|1.679|NA|2.049|2026-04-01
6694|NA|1.679|NA|1.999|2026-04-01
6695|NA|1.789|NA|2.119|2026-04-01
6696|NA|1.679|NA|2.049|2026-04-01
6697|NA|1.749|NA|2.069|2026-04-01
6698|NA|1.705|NA|2.035|2026-04-01
6699|NA|1.739|NA|2.059|2026-04-01
6700|NA|1.739|NA|2.079|2026-04-01
6701|NA|1.699|NA|2.019|2026-04-01
6702|NA|1.769|NA|2.119|2026-04-01
6703|NA|1.839|NA|2.089|2026-04-01
6704|NA|1.749|NA|2.019|2026-04-01
6705|NA|1.729|NA|2.049|2026-04-01
6706|NA|1.789|NA|2.129|2026-04-01
6707|NA|1.739|NA|2.059|2026-04-01
6708|NA|1.759|NA|2.099|2026-04-01
6709|NA|1.739|NA|2.049|2026-04-01
6710|NA|1.789|NA|2.059|2026-04-01
6711|NA|1.729|NA|2.039|2026-04-01
6712|NA|1.799|NA|2.129|2026-04-01
6713|NA|1.799|NA|2.109|2026-04-01
6715|NA|1.739|NA|2.049|2026-04-01
6717|NA|1.799|NA|2.129|2026-04-01
6719|NA|1.769|NA|2.019|2026-04-01
6720|NA|1.769|NA|2.059|2026-04-01
6721|NA|1.739|NA|2.019|2026-04-01
6722|NA|1.739|NA|2.059|2026-04-01
6723|NA|1.809|NA|2.119|2026-04-01
6724|NA|1.729|NA|2.049|2026-04-01
6725|NA|1.759|NA|2.079|2026-04-01
6726|NA|1.819|NA|2.099|2026-04-01
6727|NA|1.749|NA|2.089|2026-04-01
6728|NA|1.749|NA|2.029|2026-04-01
6729|NA|1.749|NA|2.059|2026-04-01
6730|NA|1.749|NA|2.019|2026-04-01
6731|NA|1.739|NA|2.039|2026-04-01
6732|NA|1.799|NA|2.129|2026-04-01
6733|NA|1.759|NA|2.059|2026-04-01
6734|NA|1.759|NA|2.079|2026-04-01
6735|NA|1.769|NA|2.039|2026-04-01
6736|NA|1.749|NA|2.019|2026-04-01
6737|NA|1.739|NA|2.019|2026-04-01
6738|NA|1.769|NA|2.039|2026-04-01
6739|NA|1.719|NA|2.019|2026-04-01
6740|NA|1.849|NA|2.129|2026-04-01
6741|NA|1.729|NA|2.019|2026-04-01
6742|NA|1.739|NA|2.099|2026-04-01
6743|NA|1.759|NA|2.079|2026-04-01
6744|NA|1.799|NA|2.129|2026-04-01
6746|NA|1.739|NA|2.039|2026-04-01
6747|NA|1.739|NA|2.019|2026-04-01
6748|NA|1.759|NA|2.069|2026-04-01
6749|NA|1.789|NA|2.149|2026-04-01
6750|NA|1.749|NA|2.099|2026-04-01
6751|NA|1.739|NA|2.049|2026-04-01
6752|NA|1.759|NA|2.059|2026-04-01
6753|NA|1.769|NA|2.019|2026-04-01
6754|NA|1.749|NA|2.059|2026-04-01
6755|NA|1.769|NA|1.679|2026-04-01
6756|NA|1.769|NA|2.049|2026-04-01
6757|NA|1.749|NA|2.079|2026-04-01
6758|NA|1.749|NA|2.029|2026-04-01
6759|NA|1.769|NA|2.099|2026-04-01
6760|NA|1.769|NA|2.089|2026-04-01
6762|NA|1.749|NA|2.059|2026-04-01
6763|NA|1.739|NA|2.079|2026-04-01
6764|NA|1.729|NA|2.029|2026-04-01
6765|NA|1.759|NA|2.039|2026-04-01
6766|NA|1.759|NA|2.069|2026-04-01
6767|NA|1.739|NA|2.079|2026-04-01
6768|NA|1.769|NA|2.099|2026-04-01
6769|NA|1.749|NA|2.069|2026-04-01
6770|NA|1.749|NA|2.069|2026-04-01
6771|NA|1.749|NA|2.059|2026-04-01
6772|NA|1.749|NA|2.039|2026-04-01
6773|NA|1.699|NA|1.999|2026-04-01
6774|NA|1.699|NA|1.999|2026-04-01
6775|NA|1.769|NA|2.129|2026-04-01
6776|NA|1.699|NA|2.019|2026-04-01
6777|NA|1.739|NA|2.079|2026-04-01
6778|NA|1.779|NA|2.059|2026-04-01
6779|NA|1.739|NA|2.059|2026-04-01
6780|NA|1.709|NA|2.029|2026-04-01
6781|NA|1.759|NA|2.059|2026-04-01
6782|NA|1.739|NA|2.039|2026-04-01
6783|NA|1.739|NA|2.039|2026-04-01
6784|NA|1.749|NA|2.029|2026-04-01
6785|NA|1.749|NA|2.029|2026-04-01
6796|NA|1.779|NA|2.119|2026-04-01
6805|1.957|1.737|2.265|2.045|2026-04-01
6810|1.967|1.747|2.265|2.045|2026-04-01
6811|NA|1.688|NA|2.038|2026-04-01
6814|1.979|1.749|2.329|2.099|2026-04-01
6821|NA|1.74|NA|2.05|2026-04-01
6824|NA|1.729|NA|2.049|2026-04-01
6830|NA|1.719|NA|2.039|2026-04-01
6831|NA|1.749|NA|2.049|2026-04-01
6832|NA|1.729|NA|2.069|2026-04-01
6834|NA|1.759|NA|2.099|2026-04-01
6835|NA|1.699|NA|1.999|2026-04-01
6836|NA|1.799|NA|2.069|2026-04-01
6838|NA|1.749|NA|2.099|2026-04-01
6839|NA|1.729|NA|2.019|2026-04-01
6840|NA|1.709|NA|2.029|2026-04-01
6842|1.957|1.732|2.273|2.048|2026-04-01
6848|1.949|1.729|2.339|2.119|2026-04-01
6849|1.932|1.712|2.255|2.035|2026-04-01
6853|1.789|1.789|2.089|2.089|2026-04-01
6856|1.719|NA|2.099|NA|2026-04-01
6868|1.689|1.689|1.979|1.979|2026-04-01
6871|1.699|1.699|2.019|2.019|2026-04-01
6874|NA|1.688|NA|2.068|2026-04-01
6878|1.932|1.712|2.255|2.035|2026-04-01
6879|1.932|1.712|2.255|2.035|2026-04-01
6884|1.749|1.749|2.059|2.059|2026-04-01
6887|NA|1.729|NA|2.049|2026-04-01
6888|1.779|1.719|2.149|2.089|2026-04-01
6891|NA|1.719|NA|2.069|2026-04-01
6893|1.725|1.725|2.045|2.045|2026-04-01
6895|1.949|1.729|1.879|1.659|2026-04-01
6896|2.049|1.799|2.349|2.099|2026-04-01
6897|1.942|1.732|2.258|2.048|2026-04-01
6904|1.929|1.799|2.269|2.139|2026-04-01
6914|1.987|1.767|2.345|2.125|2026-04-01
6917|1.779|1.719|2.169|2.109|2026-04-01
6920|1.965|1.745|2.315|2.095|2026-04-01
6927|NA|1.739|NA|2.059|2026-04-01
6928|NA|1.729|NA|2.059|2026-04-01
6930|NA|1.759|NA|2.099|2026-04-01
6936|2.059|1.769|2.459|2.169|2026-04-01
6937|1.935|1.725|2.245|2.035|2026-04-01
6938|1.859|1.759|2.169|2.069|2026-04-01
6942|1.949|1.749|2.289|2.089|2026-04-01
6947|1.829|1.829|2.119|2.119|2026-04-01
6950|1.839|NA|2.189|NA|2026-04-01
6960|NA|1.699|NA|2.079|2026-04-01
6961|1.939|1.729|2.329|2.119|2026-04-01
6969|1.757|1.757|2.099|2.099|2026-04-01
6974|1.829|1.729|2.149|2.049|2026-04-01
6976|1.759|1.759|2.119|2.119|2026-04-01
6977|NA|1.729|NA|2.069|2026-04-01
6982|1.967|1.747|2.273|2.063|2026-04-01
6987|NA|1.758|NA|2.098|2026-04-01
6988|NA|1.899|2.259|2.059|2026-04-01
6994|1.957|1.747|2.263|2.053|2026-04-01
6995|1.799|1.799|2.049|2.049|2026-04-01
7006|1.957|1.737|2.265|2.045|2026-04-01
7008|1.942|1.732|2.238|2.028|2026-04-01
7016|NA|1.731|NA|2.021|2026-04-01
7018|1.957|1.737|2.273|2.053|2026-04-01
7021|NA|1.699|NA|2.039|2026-04-01
7033|1.879|1.689|2.219|2.029|2026-04-01
7036|1.846|1.846|2.099|2.099|2026-04-01
7038|1.846|1.846|2.099|2.099|2026-04-01
7047|1.955|1.735|2.273|2.053|2026-04-01
7072|2.119|1.819|2.449|2.149|2026-04-01
7074|2.019|1.769|2.349|2.099|2026-04-01
7078|NA|1.779|NA|2.089|2026-04-01
7081|NA|1.697|NA|1.997|2026-04-01
7085|1.749|1.749|2.139|2.139|2026-04-01
7089|1.957|1.737|2.273|2.053|2026-04-01
7098|1.849|1.729|2.199|2.079|2026-04-01
7100|1.957|1.737|2.273|2.053|2026-04-01
7111|1.889|1.739|NA|NA|2026-04-01
7115|1.73|1.73|2.05|2.05|2026-04-01
7135|1.929|1.929|2.179|2.179|2026-04-01
7137|1.942|1.732|2.245|2.035|2026-04-01
7143|1.749|1.749|2.139|2.139|2026-04-01
7158|1.769|1.769|2.099|2.099|2026-04-01
7160|1.769|1.769|2.099|2.099|2026-04-01
7166|1.955|1.735|2.26|2.04|2026-04-01
7182|1.955|1.735|2.273|2.053|2026-04-01
7184|1.959|1.759|2.289|2.089|2026-04-01
7185|1.759|NA|2.089|NA|2026-04-01
7194|2.249|1.849|2.609|2.209|2026-04-01
7195|NA|1.699|NA|2.069|2026-04-01
7205|NA|1.749|NA|2.029|2026-04-01
7209|1.859|1.729|2.229|2.099|2026-04-01
7226|1.905|1.725|2.235|2.055|2026-04-01
7237|1.919|1.769|2.249|2.099|2026-04-01
7240|1.942|1.732|2.245|2.035|2026-04-01
7242|1.869|NA|2.219|NA|2026-04-01
7243|1.829|1.729|2.239|2.139|2026-04-01
7244|1.874|1.649|1.939|1.714|2026-04-01
7251|1.749|1.749|2.059|2.059|2026-04-01
7253|1.887|1.737|2.225|2.075|2026-04-01
7257|NA|1.799|NA|2.129|2026-04-01
7258|NA|1.699|NA|2.019|2026-04-01
7259|NA|1.789|NA|2.199|2026-04-01
7260|NA|1.799|NA|2.159|2026-04-01
7261|NA|1.769|NA|2.119|2026-04-01
7262|NA|1.749|NA|2.119|2026-04-01
7263|NA|1.739|NA|2.119|2026-04-01
7264|NA|1.769|NA|2.129|2026-04-01
7265|NA|1.819|NA|2.159|2026-04-01
7266|NA|1.739|NA|2.099|2026-04-01
7267|NA|1.749|NA|2.059|2026-04-01
7268|NA|1.779|NA|2.089|2026-04-01
7269|NA|1.729|NA|2.049|2026-04-01
7270|NA|1.739|NA|2.079|2026-04-01
7271|NA|1.719|NA|2.019|2026-04-01
7272|NA|1.749|NA|2.059|2026-04-01
7275|NA|1.719|NA|2.019|2026-04-01
7276|NA|1.749|NA|2.099|2026-04-01
7277|NA|1.719|NA|2.039|2026-04-01
7278|NA|1.759|NA|2.099|2026-04-01
7279|NA|1.799|NA|2.139|2026-04-01
7280|NA|1.779|NA|2.169|2026-04-01
7281|NA|1.719|NA|2.039|2026-04-01
7282|NA|1.799|NA|2.129|2026-04-01
7283|NA|1.739|NA|1.999|2026-04-01
7284|NA|1.789|NA|2.119|2026-04-01
7285|NA|1.719|NA|2.019|2026-04-01
7286|NA|1.749|NA|2.099|2026-04-01
7287|NA|1.739|NA|2.079|2026-04-01
7288|NA|1.719|NA|2.089|2026-04-01
7289|NA|1.719|NA|2.069|2026-04-01
7290|NA|1.739|NA|2.019|2026-04-01
7291|NA|1.719|NA|1.979|2026-04-01
7292|NA|1.739|NA|2.039|2026-04-01
7293|NA|1.769|NA|2.079|2026-04-01
7294|NA|1.739|NA|2.099|2026-04-01
7295|NA|1.719|NA|2.069|2026-04-01
7296|NA|1.799|NA|2.149|2026-04-01
7297|NA|1.719|NA|2.089|2026-04-01
7298|NA|1.739|NA|2.079|2026-04-01
7299|NA|1.729|NA|2.079|2026-04-01
7300|NA|1.739|NA|2.069|2026-04-01
7301|NA|1.779|NA|2.139|2026-04-01
7302|NA|1.799|NA|2.119|2026-04-01
7303|NA|1.719|NA|2.039|2026-04-01
7304|NA|1.819|NA|2.149|2026-04-01
7305|NA|1.759|NA|2.079|2026-04-01
7306|NA|1.779|NA|2.119|2026-04-01
7307|2.061|1.737|2.289|2.045|2026-04-01
7313|NA|1.739|NA|2.099|2026-04-01
7321|1.937|1.717|2.265|2.045|2026-04-01
7337|1.965|1.745|2.253|2.033|2026-04-01
7338|1.957|1.737|2.273|2.053|2026-04-01
7340|NA|1.699|NA|2.089|2026-04-01
7345|1.95|1.73|2.265|2.045|2026-04-01
7350|NA|1.789|NA|2.099|2026-04-01
7351|1.759|NA|2.139|NA|2026-04-01
7357|1.929|1.719|2.209|2.059|2026-04-01
7359|1.979|1.769|2.379|2.169|2026-04-01
7364|1.955|1.735|2.253|2.033|2026-04-01
7366|1.972|1.762|2.273|2.063|2026-04-01
7368|NA|1.737|NA|2.053|2026-04-01
7370|1.922|1.712|2.245|2.035|2026-04-01
7391|1.739|1.739|2.099|2.099|2026-04-01
7399|1.945|1.725|2.26|2.04|2026-04-01
7402|1.739|1.739|2.099|2.099|2026-04-01
7403|1.94|1.715|2.26|2.035|2026-04-01
7410|1.957|1.737|2.255|2.035|2026-04-01
7415|2.109|1.759|2.489|2.139|2026-04-01
7421|1.957|1.737|2.255|2.035|2026-04-01
7427|2.01|1.786|2.32|2.096|2026-04-01
7439|1.925|1.715|2.258|2.048|2026-04-01
7440|NA|1.735|NA|2.048|2026-04-01
7444|1.729|NA|2.099|NA|2026-04-01
7446|1.957|1.737|2.253|2.033|2026-04-01
7447|NA|1.732|NA|2.035|2026-04-01
7450|1.955|1.735|2.255|2.035|2026-04-01
7454|1.889|1.769|2.169|2.049|2026-04-01
7459|1.779|1.779|2.099|2.099|2026-04-01
7469|1.942|1.732|2.245|2.035|2026-04-01
7471|1.942|1.732|2.245|2.035|2026-04-01
7473|1.942|1.732|2.245|2.035|2026-04-01
7477|1.902|1.692|2.225|2.015|2026-04-01
7480|2.059|1.759|2.389|2.089|2026-04-01
7481|NA|1.759|NA|2.119|2026-04-01
7486|NA|1.717|NA|2.057|2026-04-01
7491|NA|1.739|NA|2.049|2026-04-01
7493|NA|1.739|NA|2.039|2026-04-01
7494|1.989|1.779|2.328|2.118|2026-04-01
7496|NA|1.749|NA|2.019|2026-04-01
7498|NA|1.699|NA|2.049|2026-04-01
7499|1.745|NA|2.065|NA|2026-04-01
7503|1.939|1.739|2.299|2.099|2026-04-01
7506|1.952|1.732|2.268|2.048|2026-04-01
7507|NA|1.737|NA|2.053|2026-04-01
7508|NA|1.698|NA|1.991|2026-04-01
7518|2.168|1.769|2.498|2.099|2026-04-01
7526|1.942|1.732|2.258|2.048|2026-04-01
7529|NA|1.699|NA|2.069|2026-04-01
7532|1.937|1.719|2.287|2.069|2026-04-01
7538|NA|1.639|NA|1.639|2026-04-01
7540|2.079|1.779|2.399|2.099|2026-04-01
7544|NA|1.769|NA|2.069|2026-04-01
7547|NA|1.779|NA|2.099|2026-04-01
7554|1.759|1.759|2.079|2.079|2026-04-01
7566|NA|1.735|NA|2.095|2026-04-01
7578|NA|1.739|NA|2.059|2026-04-01
7579|NA|1.769|NA|2.099|2026-04-01
7585|1.939|1.719|2.253|2.033|2026-04-01
7588|1.789|1.789|2.139|2.139|2026-04-01
7592|1.779|1.779|2.099|2.099|2026-04-01
7593|NA|1.739|NA|2.059|2026-04-01
7597|NA|1.799|NA|2.149|2026-04-01
7606|1.889|1.889|2.159|2.159|2026-04-01
7610|NA|1.799|NA|2.099|2026-04-01
7625|2.059|1.859|2.289|2.089|2026-04-01
7665|1.915|1.715|2.175|1.975|2026-04-01
7666|1.957|1.737|2.273|2.053|2026-04-01
7673|NA|1.769|NA|2.039|2026-04-01
7677|1.859|1.859|2.129|2.129|2026-04-01
7682|1.798|1.798|2.049|2.049|2026-04-01
7683|1.832|1.832|2.166|2.166|2026-04-01
7685|1.978|1.768|2.32|2.13|2026-04-01
7688|1.718|1.718|2.11|2.11|2026-04-01
7689|1.943|1.733|2.305|2.115|2026-04-01
7690|1.982|1.772|2.304|2.114|2026-04-01
7692|1.983|1.773|2.305|2.115|2026-04-01
7693|1.983|1.773|2.305|2.115|2026-04-01
7694|1.983|1.773|2.305|2.115|2026-04-01
7696|1.963|1.803|2.355|2.165|2026-04-01
7697|1.963|1.803|2.355|2.165|2026-04-01
7698|1.983|1.773|2.305|2.115|2026-04-01
7699|1.699|1.699|1.995|1.995|2026-04-01
7709|1.937|1.717|2.255|2.035|2026-04-01
7719|1.739|1.739|2.099|2.099|2026-04-01
7721|1.94|1.72|2.265|2.045|2026-04-01
7726|1.889|1.739|2.249|2.099|2026-04-01
7727|1.955|1.735|2.273|2.053|2026-04-01
7728|1.889|1.679|1.957|1.747|2026-04-01
7734|1.966|1.756|2.306|2.096|2026-04-01
7735|1.745|1.745|2.083|2.083|2026-04-01
7744|2.139|1.889|2.379|2.129|2026-04-01
7752|NA|1.734|NA|2.104|2026-04-01
7755|NA|1.759|NA|2.129|2026-04-01
7760|2.019|1.899|2.209|2.089|2026-04-01
7768|1.819|1.719|2.209|2.109|2026-04-01
7769|1.769|1.769|2.199|2.199|2026-04-01
7776|1.945|1.735|2.263|2.053|2026-04-01
7786|NA|NA|2.255|2.035|2026-04-01
7787|1.749|1.749|2.029|2.029|2026-04-01
7788|1.935|1.715|2.26|2.04|2026-04-01
7790|1.939|1.729|2.329|2.119|2026-04-01
7793|1.829|1.779|2.119|2.069|2026-04-01
7795|1.829|1.779|2.119|2.069|2026-04-01
7796|NA|1.759|NA|1.999|2026-04-01
7797|1.789|1.789|2.149|2.149|2026-04-01
7802|NA|1.769|NA|2.119|2026-04-01
7806|NA|1.799|NA|2.159|2026-04-01
7807|1.997|1.779|2.367|2.149|2026-04-01
7811|NA|1.719|NA|2.049|2026-04-01
7814|1.739|1.739|2.059|2.059|2026-04-01
7815|1.759|1.759|2.099|2.099|2026-04-01
7816|1.809|1.809|2.129|2.129|2026-04-01
7818|NA|1.739|NA|2.069|2026-04-01
7831|1.969|1.729|2.279|2.099|2026-04-01
7849|1.799|NA|2.119|NA|2026-04-01
7854|1.914|1.699|1.964|1.749|2026-04-01
7857|1.93|1.72|2.238|2.028|2026-04-01
7860|1.949|1.699|2.349|2.099|2026-04-01
7863|1.957|1.737|2.265|2.045|2026-04-01
7870|1.899|1.699|2.259|2.059|2026-04-01
7872|NA|1.717|NA|2.033|2026-04-01
7873|1.95|1.73|2.265|2.045|2026-04-01
7875|1.979|1.779|2.239|2.039|2026-04-01
7876|1.979|1.779|2.239|2.039|2026-04-01
7879|1.947|1.737|2.263|2.053|2026-04-01
7881|1.937|1.717|2.253|2.033|2026-04-01
7887|NA|1.737|NA|2.071|2026-04-01
7899|1.955|1.735|2.323|2.053|2026-04-01
7902|NA|1.759|NA|2.089|2026-04-01
7907|1.952|1.742|2.268|2.058|2026-04-01
7908|1.729|1.729|2.049|2.049|2026-04-01
7911|1.759|1.759|2.119|2.119|2026-04-01
7918|1.769|1.769|2.119|2.119|2026-04-01
7924|1.749|1.749|2.099|2.099|2026-04-01
7925|1.769|1.769|2.099|2.099|2026-04-01
7926|1.909|1.699|2.279|2.069|2026-04-01
7929|1.868|1.749|2.258|2.139|2026-04-01
7930|1.942|1.732|2.258|2.048|2026-04-01
7934|1.879|1.729|2.269|2.119|2026-04-01
7946|1.945|1.725|2.26|2.04|2026-04-01
7956|1.957|1.737|2.265|2.045|2026-04-01
7962|1.779|1.779|2.119|2.119|2026-04-01
7966|1.763|NA|2.068|NA|2026-04-01
7988|1.94|1.72|2.255|2.035|2026-04-01
7991|1.745|1.745|2.065|2.065|2026-04-01
7993|1.999|1.799|2.349|2.149|2026-04-01
7999|1.929|1.729|2.249|2.049|2026-04-01
8000|1.819|1.819|2.149|2.149|2026-04-01
8001|1.949|1.729|2.309|2.089|2026-04-01
8004|1.957|1.737|2.273|2.053|2026-04-01
8005|1.945|1.745|2.245|2.045|2026-04-01
8013|1.962|1.749|2.352|2.139|2026-04-01
8015|1.994|1.784|2.314|2.104|2026-04-01
8027|2.019|1.769|2.429|2.129|2026-04-01
8053|1.987|1.769|2.317|2.099|2026-04-01
8056|1.999|1.769|2.299|2.069|2026-04-01
8064|1.942|1.732|2.258|2.048|2026-04-01
8069|1.957|1.737|2.273|2.053|2026-04-01
8082|NA|1.732|NA|2.035|2026-04-01
8083|1.799|1.799|2.129|2.129|2026-04-01
8086|NA|1.769|NA|2.099|2026-04-01
8087|1.859|1.759|2.159|2.059|2026-04-01
8096|1.957|1.737|2.265|2.045|2026-04-01
8124|1.757|1.757|2.087|2.087|2026-04-01
8131|1.952|1.742|2.258|2.048|2026-04-01
8134|1.779|1.779|2.079|2.079|2026-04-01
8136|1.977|1.766|2.247|2.036|2026-04-01
8142|1.922|1.712|2.245|2.035|2026-04-01
8146|1.804|1.692|2.079|2.015|2026-04-01
8156|1.942|1.732|2.258|2.048|2026-04-01
8167|1.957|1.737|2.273|2.053|2026-04-01
8173|NA|1.739|NA|2.099|2026-04-01
8174|NA|1.699|NA|2.019|2026-04-01
8176|NA|1.739|NA|2.099|2026-04-01
8177|NA|1.739|NA|2.049|2026-04-01
8179|1.957|1.737|2.273|2.053|2026-04-01
8189|1.979|1.736|2.339|2.089|2026-04-01
8198|NA|1.749|NA|2.079|2026-04-01
8203|2.069|1.854|2.329|2.114|2026-04-01
8206|1.957|1.737|2.275|2.055|2026-04-01
8209|NA|1.699|NA|2.046|2026-04-01
8213|1.942|1.732|2.255|2.045|2026-04-01
8237|1.935|1.725|2.238|2.028|2026-04-01
8238|1.935|1.725|2.238|2.028|2026-04-01
8239|1.739|1.709|2.059|2.029|2026-04-01
8254|1.719|1.719|2.038|2.038|2026-04-01
8256|1.989|1.769|2.289|2.069|2026-04-01
8260|2.039|1.789|2.409|2.159|2026-04-01
8261|1.965|1.715|2.285|2.035|2026-04-01
8262|1.957|1.737|2.293|2.073|2026-04-01
8277|1.989|1.769|2.319|2.099|2026-04-01
8278|1.957|1.737|2.233|2.013|2026-04-01
8282|1.957|1.737|2.275|2.055|2026-04-01
8284|1.959|1.809|2.239|2.089|2026-04-01
8290|1.749|1.749|2.129|2.129|2026-04-01
8291|1.73|1.73|2.05|2.05|2026-04-01
8297|1.922|1.712|2.238|2.028|2026-04-01
8319|1.771|1.771|2.169|2.169|2026-04-01
8321|1.999|1.799|2.369|2.169|2026-04-01
8327|NA|1.799|NA|2.089|2026-04-01
8331|1.749|1.749|2.099|2.099|2026-04-01
8336|1.95|1.73|2.255|2.035|2026-04-01
8341|NA|1.759|NA|2.129|2026-04-01
8342|NA|1.759|NA|2.099|2026-04-01
8343|1.749|1.749|2.129|2.129|2026-04-01
8345|1.779|1.779|2.089|2.089|2026-04-01
8377|1.779|1.774|2.069|2.064|2026-04-01
8378|1.779|1.779|2.069|2.069|2026-04-01
8381|1.779|1.779|2.189|2.189|2026-04-01
8387|1.939|1.739|2.259|2.059|2026-04-01
8388|1.949|1.739|2.309|2.099|2026-04-01
8389|NA|1.739|NA|2.019|2026-04-01
8391|1.999|1.799|2.349|2.149|2026-04-01
8404|1.967|1.747|2.275|2.055|2026-04-01
8408|1.935|1.725|2.238|2.028|2026-04-01
8410|1.729|NA|2.069|NA|2026-04-01
8420|2.021|1.799|2.361|2.139|2026-04-01
8421|NA|1.779|NA|2.149|2026-04-01
8426|1.999|1.779|2.319|2.099|2026-04-01
8427|1.799|1.799|2.149|2.149|2026-04-01
8437|NA|1.729|NA|2.029|2026-04-01
8438|NA|1.699|NA|2.089|2026-04-01
8442|1.929|1.739|2.329|2.139|2026-04-01
8443|1.979|1.779|2.329|2.129|2026-04-01
8448|2.029|1.829|2.369|2.169|2026-04-01
8450|NA|1.717|NA|2.035|2026-04-01
8454|1.688|NA|2.098|NA|2026-04-01
8473|1.759|1.759|2.079|2.079|2026-04-01
8477|1.869|1.769|2.259|2.159|2026-04-01
8482|NA|1.739|NA|2.119|2026-04-01
8486|1.944|1.719|2.344|2.119|2026-04-01
8489|1.959|1.759|2.369|2.139|2026-04-01
8490|2.005|1.795|2.305|2.095|2026-04-01
8499|1.749|1.749|2.049|2.049|2026-04-01
8500|1.69|1.685|2.047|2.042|2026-04-01
8511|1.799|1.799|2.059|2.059|2026-04-01
8514|1.967|1.742|2.27|2.045|2026-04-01
8529|1.922|1.712|2.238|2.028|2026-04-01
8531|NA|1.719|NA|1.999|2026-04-01
8533|1.967|1.747|2.275|2.055|2026-04-01
8541|NA|1.719|NA|2.069|2026-04-01
8544|1.967|1.747|2.275|2.055|2026-04-01
8547|1.94|1.715|2.26|2.035|2026-04-01
8548|1.969|1.769|2.229|2.029|2026-04-01
8553|1.769|1.769|2.098|2.098|2026-04-01
8565|1.759|NA|2.089|NA|2026-04-01
8566|NA|1.717|NA|2.017|2026-04-01
8568|1.799|1.799|2.119|2.119|2026-04-01
8573|NA|1.769|NA|2.099|2026-04-01
8576|1.957|1.737|2.273|2.053|2026-04-01
8589|1.957|1.732|2.26|2.035|2026-04-01
8613|1.789|1.789|2.159|2.159|2026-04-01
8614|NA|1.729|NA|2.079|2026-04-01
8615|NA|1.729|NA|2.029|2026-04-01
8616|1.739|1.739|2.059|2.059|2026-04-01
8621|NA|1.769|NA|2.099|2026-04-01
8622|NA|1.779|NA|2.149|2026-04-01
8625|1.919|1.719|2.329|2.129|2026-04-01
8631|1.929|1.739|2.329|2.139|2026-04-01
8633|1.729|NA|2.049|NA|2026-04-01
8643|NA|1.699|NA|2.039|2026-04-01
8644|NA|1.799|NA|2.069|2026-04-01
8646|1.957|1.737|2.293|2.073|2026-04-01
8648|NA|1.779|NA|2.169|2026-04-01
8649|1.915|1.705|2.273|2.063|2026-04-01
8650|NA|1.779|NA|2.119|2026-04-01
8654|1.839|1.839|2.15|2.15|2026-04-01
8674|1.749|1.749|2.139|2.139|2026-04-01
8681|1.795|NA|2.096|NA|2026-04-01
8684|1.927|1.717|2.25|2.04|2026-04-01
8686|NA|1.809|NA|2.167|2026-04-01
8688|2.059|1.849|2.369|2.159|2026-04-01
8699|1.932|1.712|2.248|2.028|2026-04-01
8704|1.647|1.647|1.697|1.697|2026-04-01
8706|1.983|1.773|2.355|2.165|2026-04-01
8716|1.977|1.757|2.275|2.055|2026-04-01
8718|1.957|1.737|2.253|2.033|2026-04-01
8725|NA|1.769|NA|2.089|2026-04-01
8726|NA|1.739|NA|2.059|2026-04-01
8735|1.708|1.708|2.018|2.018|2026-04-01
8737|1.759|1.759|2.159|2.159|2026-04-01
8738|1.779|1.779|2.119|2.119|2026-04-01
8741|NA|1.819|NA|2.199|2026-04-01
8744|NA|1.779|NA|2.099|2026-04-01
8746|1.969|1.742|2.283|2.056|2026-04-01
8753|NA|1.725|NA|2.045|2026-04-01
8761|1.962|1.742|2.265|2.045|2026-04-01
8770|NA|1.789|NA|2.119|2026-04-01
8776|1.849|1.849|2.159|2.159|2026-04-01
8778|1.799|1.799|2.045|2.045|2026-04-01
8780|1.937|1.712|2.27|2.045|2026-04-01
8783|NA|1.799|NA|2.129|2026-04-01
8789|1.699|1.699|2.059|2.059|2026-04-01
8813|1.739|1.739|2.069|2.069|2026-04-01
8817|1.755|NA|NA|NA|2026-04-01
8820|1.957|1.737|2.265|2.045|2026-04-01
8822|1.935|1.725|2.279|2.069|2026-04-01
8824|1.759|1.759|2.069|2.069|2026-04-01
8829|1.799|1.799|2.139|2.139|2026-04-01
8850|1.909|1.759|2.249|2.099|2026-04-01
8853|NA|1.679|NA|1.989|2026-04-01
8854|1.94|1.72|2.26|2.04|2026-04-01
8855|1.789|NA|2.069|NA|2026-04-01
8859|NA|1.747|NA|2.045|2026-04-01
8863|1.849|1.649|2.259|2.059|2026-04-01
8871|1.967|1.747|2.283|2.063|2026-04-01
8875|1.759|1.759|2.099|2.099|2026-04-01
8885|1.938|1.719|2.318|2.099|2026-04-01
8887|NA|1.699|NA|2.079|2026-04-01
8888|NA|1.699|NA|2.079|2026-04-01
8889|NA|1.699|NA|2.079|2026-04-01
8893|1.929|1.729|2.289|2.089|2026-04-01
8895|1.757|1.757|1.997|1.997|2026-04-01
8897|1.942|1.732|2.255|2.045|2026-04-01
8898|1.929|1.729|2.238|2.038|2026-04-01
8906|1.94|1.72|2.253|2.033|2026-04-01
8917|1.957|1.732|2.273|2.048|2026-04-01
8923|NA|1.719|NA|2.049|2026-04-01
8925|1.957|1.737|2.253|2.033|2026-04-01
8933|1.999|1.749|2.309|2.059|2026-04-01
8938|NA|1.739|NA|2.029|2026-04-01
8942|1.695|1.695|NA|NA|2026-04-01
8944|1.749|1.749|2.069|2.069|2026-04-01
8946|1.937|1.717|2.26|2.035|2026-04-01
8954|1.739|1.689|2.119|2.069|2026-04-01
8958|NA|1.789|NA|2.039|2026-04-01
8977|1.697|1.697|2.057|2.057|2026-04-01
8980|1.819|1.719|2.169|2.069|2026-04-01
8982|1.769|NA|2.119|NA|2026-04-01
8987|1.779|1.779|2.139|2.139|2026-04-01
9001|NA|1.739|NA|2.079|2026-04-01
9002|NA|1.699|NA|2.019|2026-04-01
9003|NA|1.719|NA|2.019|2026-04-01
9004|NA|1.729|NA|2.069|2026-04-01
9009|1.819|1.819|2.139|2.139|2026-04-01
9014|NA|1.779|NA|2.079|2026-04-01
9038|1.769|1.769|2.137|2.137|2026-04-01
9045|1.957|1.737|2.273|2.053|2026-04-01
9046|2.069|1.819|2.419|2.169|2026-04-01
9047|1.929|1.695|2.319|2.085|2026-04-01
9058|2.019|1.809|2.339|2.129|2026-04-01
9059|2.019|1.809|2.339|2.129|2026-04-01
9068|1.749|1.749|2.039|2.039|2026-04-01
9072|NA|1.699|NA|2.089|2026-04-01
9080|1.797|1.797|2.137|2.137|2026-04-01
9084|1.859|1.719|2.159|2.019|2026-04-01
9106|1.969|1.769|2.279|2.079|2026-04-01
9111|1.957|1.732|2.273|2.048|2026-04-01
9115|1.957|1.737|2.255|2.035|2026-04-01
9117|NA|1.789|NA|2.049|2026-04-01
9118|NA|1.739|NA|2.119|2026-04-01
9119|NA|1.729|NA|2.079|2026-04-01
9120|NA|1.779|NA|2.109|2026-04-01
9122|1.809|1.809|2.179|2.179|2026-04-01
9123|1.748|1.748|2.128|2.128|2026-04-01
9127|1.748|1.748|2.128|2.128|2026-04-01
9128|1.748|1.748|2.128|2.128|2026-04-01
9129|1.748|NA|2.128|NA|2026-04-01
9130|1.748|1.748|2.128|2.128|2026-04-01
9131|1.748|1.748|2.128|2.128|2026-04-01
9132|1.748|1.748|2.128|2.128|2026-04-01
9134|1.748|1.748|2.128|2.128|2026-04-01
9138|1.779|1.779|2.109|2.109|2026-04-01
9144|1.899|1.899|1.799|1.799|2026-04-01
9148|1.929|1.779|2.289|2.139|2026-04-01
9153|1.909|1.709|2.289|2.089|2026-04-01
9156|2.009|1.779|2.289|2.059|2026-04-01
9157|1.819|1.689|2.169|2.039|2026-04-01
9171|1.965|1.745|2.235|2.015|2026-04-01
9172|1.899|1.749|2.209|2.059|2026-04-01
9174|NA|1.699|NA|1.999|2026-04-01
9175|1.799|1.799|2.099|2.099|2026-04-01
9179|1.769|1.769|2.095|2.095|2026-04-01
9180|1.959|1.749|2.299|2.089|2026-04-01
9182|2.199|1.697|2.299|2.033|2026-04-01
9185|1.949|1.799|2.159|2.159|2026-04-01
9197|1.94|1.94|2.21|2.21|2026-04-01
9198|1.929|1.719|2.309|2.099|2026-04-01
9201|NA|1.699|NA|1.995|2026-04-01
9204|1.719|1.719|2.139|2.139|2026-04-01
9205|1.497|1.497|NA|NA|2026-04-01
9210|1.979|1.779|2.359|2.159|2026-04-01
9217|1.749|1.749|2.039|2.039|2026-04-01
9220|2.099|1.799|2.419|2.119|2026-04-01
9224|1.829|1.829|2.119|2.119|2026-04-01
9228|1.983|1.823|2.305|2.115|2026-04-01
9233|NA|1.66|NA|2.04|2026-04-01
9240|1.799|1.799|2.109|2.109|2026-04-01
9241|NA|1.739|NA|2.039|2026-04-01
9242|NA|1.689|NA|1.989|2026-04-01
9248|1.729|1.729|2.029|2.029|2026-04-01
9251|1.839|1.719|2.149|2.029|2026-04-01
9252|1.957|1.737|2.26|2.04|2026-04-01
9254|2.039|1.759|2.359|2.079|2026-04-01
9256|1.999|1.779|2.269|2.049|2026-04-01
9263|1.899|1.799|2.199|2.099|2026-04-01
9269|1.989|1.779|2.369|2.159|2026-04-01
9284|2.039|1.789|2.349|2.099|2026-04-01
9285|1.697|1.697|1.997|1.997|2026-04-01
9294|1.999|1.759|2.329|2.089|2026-04-01
9321|1.749|1.749|2.079|2.079|2026-04-01
9326|1.947|1.737|2.24|2.03|2026-04-01
9327|2.099|1.779|2.409|2.089|2026-04-01
9329|1.749|1.749|2.099|2.099|2026-04-01
9332|1.799|1.799|2.129|2.129|2026-04-01
9341|1.938|1.719|2.268|2.049|2026-04-01
9344|1.769|NA|2.099|NA|2026-04-01
9352|1.808|1.658|2.148|1.998|2026-04-01
9353|1.839|1.689|2.139|1.989|2026-04-01
9354|1.693|NA|1.993|NA|2026-04-01
9355|1.698|NA|1.998|NA|2026-04-01
9356|1.845|1.695|2.145|1.995|2026-04-01
9358|1.693|NA|1.993|NA|2026-04-01
9359|1.839|1.689|2.139|1.989|2026-04-01
9360|1.694|NA|1.994|NA|2026-04-01
9361|1.848|1.668|2.168|1.988|2026-04-01
9362|1.704|NA|2.014|NA|2026-04-01
9363|1.725|NA|1.995|NA|2026-04-01
9365|1.725|NA|1.995|NA|2026-04-01
9367|1.714|NA|2.024|NA|2026-04-01
9369|1.847|1.697|2.184|2.034|2026-04-01
9370|1.714|NA|2.024|NA|2026-04-01
9371|NA|1.721|NA|1.991|2026-04-01
9373|1.994|1.784|2.374|2.164|2026-04-01
9375|1.909|1.709|2.249|2.049|2026-04-01
9382|1.799|1.799|2.159|2.159|2026-04-01
9386|1.942|1.732|2.238|2.028|2026-04-01
9392|1.957|1.737|2.273|2.053|2026-04-01
9405|1.709|1.709|2.079|2.079|2026-04-01
9407|1.809|1.809|2.197|2.197|2026-04-01
9410|1.725|NA|2.024|NA|2026-04-01
9411|1.725|NA|2.024|NA|2026-04-01
9412|1.721|NA|2.019|NA|2026-04-01
9413|1.725|NA|2.024|NA|2026-04-01
9414|NA|1.779|NA|2.109|2026-04-01
9415|1.725|NA|2.024|NA|2026-04-01
9416|1.713|NA|2.013|NA|2026-04-01
9417|1.713|NA|2.013|NA|2026-04-01
9420|1.899|1.899|2.149|2.149|2026-04-01
9421|1.769|1.769|2.099|2.099|2026-04-01
9422|1.819|1.819|2.149|2.149|2026-04-01
9424|1.942|1.732|2.255|2.045|2026-04-01
9426|1.898|1.838|2.108|2.048|2026-04-01
9435|1.957|1.737|2.273|2.053|2026-04-01
9436|1.739|1.739|2.099|2.099|2026-04-01
9440|1.739|1.739|2.069|2.069|2026-04-01
9443|1.797|1.797|2.157|2.157|2026-04-01
9446|1.759|1.759|2.099|2.099|2026-04-01
9451|NA|1.759|NA|2.139|2026-04-01
9455|1.937|1.717|2.265|2.045|2026-04-01
9457|2.029|1.829|2.359|2.159|2026-04-01
9461|2.049|1.799|2.349|2.099|2026-04-01
9462|1.94|1.72|2.253|2.033|2026-04-01
9468|1.819|1.729|2.129|2.039|2026-04-01
9474|1.799|1.799|2.099|2.099|2026-04-01
9484|NA|1.739|NA|2.119|2026-04-01
9498|1.799|1.799|2.099|2.099|2026-04-01
9501|1.937|1.717|2.255|2.035|2026-04-01
9505|1.769|1.769|2.129|2.129|2026-04-01
9515|1.779|NA|1.959|NA|2026-04-01
9522|1.779|1.779|2.099|2.099|2026-04-01
9527|1.739|1.739|2.099|2.099|2026-04-01
9530|1.919|1.719|2.329|2.129|2026-04-01
9538|NA|1.829|NA|1.999|2026-04-01
9540|2.019|1.819|2.349|NA|2026-04-01
9541|NA|1.839|NA|2.079|2026-04-01
9542|1.759|1.759|2.139|2.139|2026-04-01
9546|1.759|1.759|2.079|2.079|2026-04-01
9547|1.937|1.717|2.26|2.04|2026-04-01
9555|1.779|1.779|2.099|2.099|2026-04-01
9556|1.957|1.737|2.273|2.053|2026-04-01
9558|1.959|1.759|2.329|2.129|2026-04-01
9561|1.899|1.699|2.299|2.099|2026-04-01
9565|1.799|1.799|2.109|2.109|2026-04-01
9569|2.299|1.729|2.199|2.059|2026-04-01
9572|1.759|1.759|2.079|2.079|2026-04-01
9575|1.739|1.739|2.149|2.149|2026-04-01
9577|1.799|1.799|2.199|2.199|2026-04-01
9584|1.756|1.756|2.126|2.126|2026-04-01
9595|1.799|1.799|2.099|2.099|2026-04-01
9598|1.989|1.779|2.319|2.109|2026-04-01
9601|NA|1.689|NA|2.019|2026-04-01
9602|NA|1.749|NA|2.059|2026-04-01
9610|1.939|1.729|2.279|2.069|2026-04-01
9613|1.967|1.747|2.275|2.055|2026-04-01
9615|NA|1.739|NA|2.039|2026-04-01
9617|1.967|1.747|2.265|2.045|2026-04-01
9622|NA|1.699|NA|2.099|2026-04-01
9627|1.937|1.712|2.27|2.045|2026-04-01
9630|1.739|NA|2.059|NA|2026-04-01
9633|1.759|1.759|1.959|1.959|2026-04-01
9636|1.957|1.737|2.273|2.053|2026-04-01
9646|NA|1.749|NA|2.049|2026-04-01
9649|1.95|1.73|2.253|2.033|2026-04-01
9662|1.709|1.709|2.059|2.059|2026-04-01
9663|1.769|1.719|2.089|2.039|2026-04-01
9665|1.947|1.737|2.263|2.053|2026-04-01
9666|1.729|1.729|2.011|2.011|2026-04-01
9668|1.769|1.769|2.099|2.099|2026-04-01
9669|NA|1.759|NA|2.059|2026-04-01
9670|NA|1.749|NA|2.059|2026-04-01
9672|NA|1.759|NA|2.059|2026-04-01
9676|2.049|1.792|2.363|2.106|2026-04-01
9679|1.759|1.759|2.029|2.029|2026-04-01
9682|2.019|1.789|2.379|2.149|2026-04-01
9684|1.959|1.759|2.279|2.099|2026-04-01
9689|1.957|1.737|2.255|2.035|2026-04-01
9724|1.957|1.737|2.273|2.053|2026-04-01
9727|1.966|1.776|2.316|2.126|2026-04-01
9729|1.779|NA|2.149|NA|2026-04-01
9730|1.799|NA|2.149|NA|2026-04-01
9737|1.829|1.829|2.229|2.229|2026-04-01
9738|1.909|1.719|NA|NA|2026-04-01
9741|1.749|1.749|2.099|2.099|2026-04-01
9748|1.919|1.739|2.309|2.129|2026-04-01
9749|NA|1.789|NA|2.119|2026-04-01
9755|1.789|1.789|2.099|2.099|2026-04-01
9760|NA|1.859|NA|2.099|2026-04-01
9762|1.957|1.737|2.273|2.053|2026-04-01
9764|NA|1.739|NA|2.089|2026-04-01
9770|1.749|1.749|2.099|2.099|2026-04-01
9774|1.699|1.699|2.069|2.069|2026-04-01
9778|1.957|1.737|2.291|2.071|2026-04-01
9782|NA|1.749|NA|1.999|2026-04-01
9784|1.942|1.732|2.255|2.045|2026-04-01
9785|1.945|1.725|2.253|2.033|2026-04-01
9794|2.089|1.849|2.359|2.119|2026-04-01
9797|1.739|1.739|2.059|2.059|2026-04-01
9799|1.957|1.737|2.265|2.045|2026-04-01
9810|1.8|1.8|2.1|2.1|2026-04-01
9832|1.745|NA|NA|NA|2026-04-01
9834|1.849|1.849|2.209|2.209|2026-04-01
9836|2.019|1.769|2.319|2.069|2026-04-01
9837|2.029|1.789|2.359|2.119|2026-04-01
9840|1.942|1.732|2.245|2.035|2026-04-01
9843|1.859|1.759|2.239|2.139|2026-04-01
9846|1.779|NA|2.129|NA|2026-04-01
9850|1.957|1.737|2.255|2.035|2026-04-01
9869|NA|1.732|NA|2.048|2026-04-01
9873|1.975|1.795|2.255|2.075|2026-04-01
9876|2.019|1.769|2.379|2.129|2026-04-01
9880|NA|1.719|NA|2.049|2026-04-01
9881|NA|1.789|NA|2.129|2026-04-01
9884|1.689|NA|2.019|NA|2026-04-01
9900|NA|1.759|NA|2.089|2026-04-01
9902|2.019|1.819|2.349|2.149|2026-04-01
9903|1.999|1.779|2.289|2.069|2026-04-01
9906|1.959|1.739|2.359|2.139|2026-04-01
9917|1.699|NA|2.059|NA|2026-04-01
9920|1.769|1.769|2.069|2.069|2026-04-01
9921|2.019|1.769|2.389|2.139|2026-04-01
9923|1.788|1.788|2.178|2.178|2026-04-01
9930|1.876|1.732|2.127|2.066|2026-04-01
9933|2.149|1.799|2.499|2.149|2026-04-01
9943|1.739|1.739|2.099|2.099|2026-04-01
9947|1.875|1.695|2.245|2.065|2026-04-01
9950|1.759|1.759|2.079|2.079|2026-04-01
9952|1.999|1.799|2.349|2.149|2026-04-01
9955|NA|1.699|NA|2.029|2026-04-01
9956|NA|1.759|NA|2.099|2026-04-01
9958|1.725|NA|2.024|NA|2026-04-01
9963|1.749|1.749|2.129|2.129|2026-04-01
9967|NA|1.749|NA|2.049|2026-04-01
9968|NA|1.729|NA|2.069|2026-04-01
9973|1.725|1.725|2.015|2.015|2026-04-01
9983|1.73|1.73|2.08|2.08|2026-04-01
9991|1.708|NA|2.068|NA|2026-04-01
9994|1.903|1.739|2.233|2.069|2026-04-01
9995|1.719|1.719|1.999|1.999|2026-04-01
9997|1.899|NA|2.099|NA|2026-04-01
10001|1.942|1.732|2.245|2.035|2026-04-01
10002|NA|1.737|NA|2.053|2026-04-01
10006|NA|1.759|NA|2.059|2026-04-01
10008|1.719|NA|2.009|NA|2026-04-01
10010|NA|1.729|NA|2.115|2026-04-01
10021|1.979|1.769|2.339|2.129|2026-04-01
10022|1.748|1.748|2.088|2.088|2026-04-01
10023|1.955|1.735|2.273|2.053|2026-04-01
10026|NA|1.759|NA|2.139|2026-04-01
10031|NA|1.729|NA|1.959|2026-04-01
10034|1.924|1.724|2.259|2.059|2026-04-01
10041|NA|1.759|NA|2.099|2026-04-01
10048|1.745|NA|2.065|NA|2026-04-01
10049|1.942|1.732|2.245|2.035|2026-04-01
10056|1.952|1.737|2.268|2.053|2026-04-01
10058|1.779|1.779|2.119|2.119|2026-04-01
10061|1.93|1.72|2.244|2.034|2026-04-01
10066|2.109|1.799|2.359|2.049|2026-04-01
10069|1.899|1.699|2.279|2.079|2026-04-01
10070|1.829|1.829|2.099|2.099|2026-04-01
10072|NA|1.739|NA|2.019|2026-04-01
10075|NA|1.739|NA|2.079|2026-04-01
10076|NA|1.738|NA|2.038|2026-04-01
10077|NA|1.769|NA|2.099|2026-04-01
10079|NA|1.759|NA|2.159|2026-04-01
10080|NA|1.729|NA|2.079|2026-04-01
10082|NA|1.758|NA|2.038|2026-04-01
10083|NA|1.769|NA|2.099|2026-04-01
10084|NA|1.739|NA|2.069|2026-04-01
10085|NA|1.779|NA|2.099|2026-04-01
10086|NA|1.839|NA|2.149|2026-04-01
10088|NA|1.759|NA|2.099|2026-04-01
10089|1.969|1.789|2.239|2.059|2026-04-01
10090|NA|1.749|NA|2.149|2026-04-01
10091|NA|1.759|NA|2.079|2026-04-01
10092|NA|1.799|NA|2.159|2026-04-01
10094|NA|1.759|NA|2.159|2026-04-01
10095|NA|1.839|NA|2.149|2026-04-01
10096|NA|1.799|NA|2.149|2026-04-01
10097|NA|1.729|NA|2.089|2026-04-01
10098|NA|1.779|NA|2.159|2026-04-01
10100|NA|1.759|NA|2.099|2026-04-01
10101|NA|1.779|NA|2.149|2026-04-01
10102|NA|1.729|NA|2.059|2026-04-01
10103|1.879|1.747|2.097|2.063|2026-04-01
10104|NA|1.819|NA|2.159|2026-04-01
10106|NA|1.779|NA|2.149|2026-04-01
10108|NA|1.769|NA|2.159|2026-04-01
10109|NA|1.699|NA|2.019|2026-04-01
10110|NA|1.699|NA|2.029|2026-04-01
10115|NA|1.819|NA|2.199|2026-04-01
10116|NA|1.759|NA|2.129|2026-04-01
10118|NA|1.799|NA|2.159|2026-04-01
10121|NA|1.819|NA|2.159|2026-04-01
10127|NA|1.719|NA|2.039|2026-04-01
10130|NA|1.799|NA|2.149|2026-04-01
10131|NA|1.779|NA|2.139|2026-04-01
10132|NA|1.779|NA|2.139|2026-04-01
10134|NA|1.789|NA|2.149|2026-04-01
10135|NA|1.779|NA|2.149|2026-04-01
10136|NA|1.789|NA|2.099|2026-04-01
10140|NA|1.729|NA|1.999|2026-04-01
10143|NA|1.729|NA|2.089|2026-04-01
10146|NA|1.719|NA|2.049|2026-04-01
10148|NA|1.759|NA|2.159|2026-04-01
10149|NA|1.739|NA|2.079|2026-04-01
10150|NA|1.729|NA|2.069|2026-04-01
10151|NA|1.759|NA|2.079|2026-04-01
10157|1.73|1.73|2.05|2.05|2026-04-01
10163|1.957|1.737|2.273|2.053|2026-04-01
10165|NA|1.652|NA|2.036|2026-04-01
10166|1.739|1.719|2.039|2.019|2026-04-01
10167|1.945|1.725|2.265|2.045|2026-04-01
10177|1.957|1.737|2.253|2.033|2026-04-01
10181|1.957|1.737|2.253|2.033|2026-04-01
10184|1.959|1.759|2.339|2.139|2026-04-01
10186|NA|1.729|NA|2.029|2026-04-01
10190|1.957|1.737|2.255|2.035|2026-04-01
10191|NA|1.72|NA|2.1|2026-04-01
10192|2.019|1.819|2.349|2.149|2026-04-01
10193|1.849|1.849|2.209|2.209|2026-04-01
10207|1.929|1.739|2.249|2.059|2026-04-01
10208|1.799|1.799|2.099|2.099|2026-04-01
10209|1.989|1.789|2.309|2.109|2026-04-01
10212|1.942|1.732|2.258|2.048|2026-04-01
10220|NA|1.749|NA|2.039|2026-04-01
10222|NA|1.759|NA|2.099|2026-04-01
10225|1.749|1.749|2.099|2.099|2026-04-01
10226|1.699|1.699|2.029|2.029|2026-04-01
10227|1.769|1.769|2.079|2.079|2026-04-01
10229|1.909|1.909|2.199|2.199|2026-04-01
10236|2.009|1.799|2.339|2.129|2026-04-01
10241|1.922|1.712|2.238|2.028|2026-04-01
10248|1.955|1.735|2.23|2.01|2026-04-01
10249|NA|1.715|NA|2.01|2026-04-01
10256|1.809|1.809|2.115|2.115|2026-04-01
10259|1.962|1.742|2.275|2.055|2026-04-01
10272|NA|1.759|NA|2.059|2026-04-01
10273|1.935|1.725|2.238|2.028|2026-04-01
10279|1.915|1.735|2.275|2.095|2026-04-01
10282|1.749|NA|2.149|NA|2026-04-01
10304|NA|1.799|NA|2.149|2026-04-01
10315|NA|1.709|NA|2.089|2026-04-01
10317|1.952|1.742|2.255|2.045|2026-04-01
10320|2.026|1.816|2.376|2.166|2026-04-01
10327|NA|1.799|NA|2.099|2026-04-01
10328|1.999|1.749|2.349|2.099|2026-04-01
10332|NA|1.779|NA|2.139|2026-04-01
10334|NA|1.729|NA|2.049|2026-04-01
10335|NA|1.879|NA|2.099|2026-04-01
10336|1.964|1.764|2.309|2.109|2026-04-01
10337|1.899|1.799|2.159|2.059|2026-04-01
10338|1.989|1.899|2.189|2.099|2026-04-01
10341|1.929|1.749|2.219|2.039|2026-04-01
10344|1.957|1.737|2.26|2.04|2026-04-01
10349|1.859|NA|2.159|NA|2026-04-01
10354|1.969|1.749|2.279|2.059|2026-04-01
10355|1.942|1.732|2.245|2.035|2026-04-01
10357|1.799|1.799|2.159|2.159|2026-04-01
10363|2.01|1.749|2.34|2.079|2026-04-01
10367|1.809|NA|2.179|NA|2026-04-01
10371|1.919|1.699|2.269|2.029|2026-04-01
10385|2.129|1.819|2.459|2.149|2026-04-01
10390|NA|1.739|NA|2.069|2026-04-01
10398|1.957|1.737|2.255|2.035|2026-04-01
10404|1.869|1.759|2.159|2.049|2026-04-01
10405|NA|1.737|NA|2.045|2026-04-01
10408|1.949|1.759|2.319|2.129|2026-04-01
10409|NA|1.729|NA|2.099|2026-04-01
10411|1.957|1.737|2.273|2.053|2026-04-01
10414|2.149|1.799|2.409|2.059|2026-04-01
10416|1.949|1.719|2.269|2.039|2026-04-01
10417|2.099|1.799|2.399|2.099|2026-04-01
10428|1.919|1.769|2.249|2.099|2026-04-01
10431|NA|1.769|NA|2.099|2026-04-01
10438|1.719|1.719|2.119|2.119|2026-04-01
10447|1.957|1.737|2.255|2.035|2026-04-01
10448|1.899|1.699|2.289|2.089|2026-04-01
10455|1.999|1.999|1.999|1.999|2026-04-01
10457|1.729|1.729|2.099|2.099|2026-04-01
10458|NA|1.732|NA|2.066|2026-04-01
10464|1.789|1.789|1.689|1.689|2026-04-01
10468|1.745|NA|2.065|NA|2026-04-01
10475|NA|1.719|NA|2.119|2026-04-01
10476|1.967|1.747|2.265|2.045|2026-04-01
10477|1.745|1.745|2.065|2.065|2026-04-01
10479|1.904|1.759|2.234|2.089|2026-04-01
10481|1.931|1.721|2.241|2.031|2026-04-01
10482|1.967|1.747|2.273|2.053|2026-04-01
10486|NA|1.718|NA|2.057|2026-04-01
10491|1.942|1.732|2.245|2.035|2026-04-01
10498|1.957|1.737|2.26|2.04|2026-04-01
10503|NA|1.689|NA|2.019|2026-04-01
10509|1.957|1.737|2.26|2.04|2026-04-01
10513|1.849|1.749|2.219|2.119|2026-04-01
10521|1.929|1.749|2.279|2.099|2026-04-01
10526|NA|1.719|NA|2.099|2026-04-01
10528|NA|1.729|NA|2.089|2026-04-01
10531|NA|1.727|NA|2.089|2026-04-01
10532|NA|1.739|NA|2.089|2026-04-01
10535|NA|1.759|NA|2.099|2026-04-01
10536|NA|1.719|NA|2.089|2026-04-01
10537|NA|1.729|NA|2.089|2026-04-01
10540|NA|1.699|NA|2.089|2026-04-01
10543|NA|1.729|NA|2.099|2026-04-01
10544|1.957|1.737|2.273|2.053|2026-04-01
10545|NA|1.729|NA|2.089|2026-04-01
10557|1.923|1.699|2.273|2.049|2026-04-01
10558|NA|1.749|NA|2.089|2026-04-01
10563|2.069|1.819|2.409|2.159|2026-04-01
10564|1.726|1.726|2.03|2.03|2026-04-01
10565|1.899|1.699|2.279|2.079|2026-04-01
10573|1.715|1.665|2.069|2.019|2026-04-01
10583|1.978|1.759|2.268|2.049|2026-04-01
10586|NA|1.719|NA|1.999|2026-04-01
10587|NA|1.712|NA|2.035|2026-04-01
10588|NA|1.699|NA|2.019|2026-04-01
10590|1.759|1.759|2.089|2.089|2026-04-01
10593|1.942|1.732|2.258|2.048|2026-04-01
10595|1.859|1.759|2.189|2.089|2026-04-01
10599|1.879|1.879|2.149|2.149|2026-04-01
10601|1.939|1.729|2.329|2.119|2026-04-01
10605|1.739|1.739|2.079|2.079|2026-04-01
10607|1.929|1.929|2.209|2.209|2026-04-01
10616|NA|1.765|NA|2.059|2026-04-01
10622|2.059|1.759|2.409|2.109|2026-04-01
10623|1.889|1.719|2.279|2.109|2026-04-01
10631|1.939|1.724|2.289|2.074|2026-04-01
10633|1.959|1.759|2.279|2.079|2026-04-01
10635|1.749|1.709|2.129|2.089|2026-04-01
10641|NA|1.749|NA|2.139|2026-04-01
10642|1.77|1.72|2.115|2.065|2026-04-01
10644|1.849|1.749|2.179|2.079|2026-04-01
10654|1.942|1.732|2.245|2.035|2026-04-01
10663|1.719|NA|1.999|NA|2026-04-01
10666|1.745|NA|2.045|NA|2026-04-01
10676|NA|1.729|NA|2.059|2026-04-01
10677|1.779|1.729|2.147|2.097|2026-04-01
10678|1.73|1.73|2.05|2.05|2026-04-01
10687|2.015|1.785|2.354|2.124|2026-04-01
10691|NA|1.677|NA|2.017|2026-04-01
10698|NA|1.738|NA|2.049|2026-04-01
10700|1.748|NA|2.069|NA|2026-04-01
10701|1.748|NA|2.069|NA|2026-04-01
10702|1.929|1.929|2.199|2.199|2026-04-01
10703|1.748|NA|2.069|NA|2026-04-01
10704|1.748|NA|2.069|NA|2026-04-01
10705|NA|1.738|NA|2.049|2026-04-01
10715|NA|1.779|NA|2.149|2026-04-01
10718|1.799|1.799|2.199|2.199|2026-04-01
10719|1.899|1.779|2.219|2.099|2026-04-01
10721|1.919|1.719|2.269|2.069|2026-04-01
10723|1.759|1.759|2.119|2.119|2026-04-01
10727|1.809|1.809|2.189|2.189|2026-04-01
10729|1.819|1.729|2.189|2.099|2026-04-01
10739|1.92|1.7|2.26|2.04|2026-04-01
10749|1.799|1.799|2.089|2.089|2026-04-01
10751|1.95|1.73|2.255|2.035|2026-04-01
10752|NA|1.72|NA|2.045|2026-04-01
10759|1.999|1.779|2.319|2.099|2026-04-01
10766|1.999|1.799|2.249|2.049|2026-04-01
10768|2.029|1.769|2.429|2.169|2026-04-01
10769|1.729|1.729|2.079|2.079|2026-04-01
10771|2.179|1.779|2.479|2.149|2026-04-01
10774|1.889|1.739|2.219|2.069|2026-04-01
10778|1.745|1.745|2.065|2.065|2026-04-01
10781|1.889|1.769|2.239|2.119|2026-04-01
10784|1.967|1.747|2.273|2.053|2026-04-01
10797|NA|1.779|NA|2.079|2026-04-01
10798|2.019|1.819|2.349|2.149|2026-04-01
10800|1.779|1.779|2.099|2.099|2026-04-01
10801|NA|1.729|NA|2.049|2026-04-01
10815|1.899|1.799|2.249|2.149|2026-04-01
10816|1.957|1.737|2.273|2.053|2026-04-01
10817|1.947|1.737|2.25|2.04|2026-04-01
10819|1.937|1.717|2.253|2.033|2026-04-01
10825|1.735|1.735|2.055|2.055|2026-04-01
10826|NA|1.717|NA|2.035|2026-04-01
10833|1.952|1.737|2.25|2.035|2026-04-01
10836|1.869|1.719|2.189|2.039|2026-04-01
10839|1.967|1.747|2.265|2.045|2026-04-01
10843|1.935|1.715|2.245|2.025|2026-04-01
10848|1.728|1.728|2.078|2.078|2026-04-01
10849|1.729|1.729|2.029|2.029|2026-04-01
10851|1.779|1.779|2.169|2.169|2026-04-01
10862|1.74|1.74|2.06|2.06|2026-04-01
10867|NA|1.688|NA|2.038|2026-04-01
10869|1.858|1.738|2.218|2.098|2026-04-01
10874|2.059|1.759|2.389|2.089|2026-04-01
10876|1.964|1.739|2.364|2.139|2026-04-01
10883|1.915|1.705|2.239|2.029|2026-04-01
10887|1.799|1.699|2.159|2.059|2026-04-01
10890|1.749|1.749|2.139|2.139|2026-04-01
10914|1.957|1.737|2.265|2.045|2026-04-01
10916|1.959|1.769|2.319|2.129|2026-04-01
10924|1.969|1.819|2.299|2.149|2026-04-01
10925|1.922|1.712|2.238|2.028|2026-04-01
10929|1.779|1.729|2.169|2.119|2026-04-01
10937|1.889|1.689|2.279|2.079|2026-04-01
10951|1.759|1.759|2.049|2.049|2026-04-01
10953|1.799|1.799|2.069|2.069|2026-04-01
10954|NA|1.759|NA|2.129|2026-04-01
10960|1.799|NA|2.129|NA|2026-04-01
10965|NA|1.729|NA|2.099|2026-04-01
10974|1.915|1.735|2.265|2.085|2026-04-01
10976|1.999|1.789|2.349|2.139|2026-04-01
10977|1.799|NA|2.179|NA|2026-04-01
10982|NA|1.819|NA|2.149|2026-04-01
10985|NA|1.746|NA|2.156|2026-04-01
10989|1.952|1.742|2.258|2.048|2026-04-01
10994|1.789|1.789|2.099|2.099|2026-04-01
11005|1.939|1.739|2.249|2.049|2026-04-01
11007|1.857|NA|2.197|NA|2026-04-01
11009|NA|1.799|NA|2.149|2026-04-01
11019|1.749|1.749|2.119|2.119|2026-04-01
11030|1.979|1.799|NA|NA|2026-04-01
11041|1.999|1.779|2.319|2.099|2026-04-01
11045|1.745|1.745|2.065|2.065|2026-04-01
11046|NA|1.769|NA|2.169|2026-04-01
11050|NA|1.769|NA|2.089|2026-04-01
11060|1.932|1.712|2.255|2.035|2026-04-01
11061|1.947|1.737|2.243|2.015|2026-04-01
11062|1.752|1.752|2.092|2.092|2026-04-01
11067|NA|1.769|NA|2.139|2026-04-01
11070|1.967|1.747|2.275|2.055|2026-04-01
11071|1.967|1.747|2.275|2.055|2026-04-01
11072|1.789|1.789|2.129|2.129|2026-04-01
11075|1.837|NA|2.117|NA|2026-04-01
11076|1.942|1.732|2.258|2.048|2026-04-01
11078|NA|1.759|NA|2.089|2026-04-01
11080|1.749|1.749|2.099|2.099|2026-04-01
11085|1.987|1.776|2.287|2.076|2026-04-01
11086|NA|1.695|NA|1.945|2026-04-01
11088|1.749|NA|2.049|NA|2026-04-01
11090|1.769|1.769|2.129|2.129|2026-04-01
11098|1.779|1.779|2.129|2.129|2026-04-01
11106|1.957|1.737|2.253|2.033|2026-04-01
11109|1.945|1.725|2.265|2.045|2026-04-01
11110|1.759|1.759|2.139|2.139|2026-04-01
11115|1.779|1.779|2.199|2.199|2026-04-01
11117|1.959|1.749|2.289|2.079|2026-04-01
11118|1.931|1.721|2.241|2.031|2026-04-01
11122|NA|1.739|NA|2.099|2026-04-01
11123|1.816|NA|2.196|NA|2026-04-01
11126|NA|1.739|NA|2.039|2026-04-01
11127|1.769|1.769|2.109|2.109|2026-04-01
11130|NA|1.759|NA|2.079|2026-04-01
11131|NA|1.759|NA|2.079|2026-04-01
11133|NA|1.739|NA|2.059|2026-04-01
11135|1.749|NA|2.039|NA|2026-04-01
11139|1.769|1.769|2.119|2.119|2026-04-01
11142|NA|1.739|NA|2.099|2026-04-01
11143|1.859|1.729|2.189|2.059|2026-04-01
11146|1.729|1.729|2.098|2.098|2026-04-01
11147|NA|1.719|NA|2.059|2026-04-01
11150|1.94|1.72|2.253|2.033|2026-04-01
11151|1.709|1.709|2.089|2.089|2026-04-01
11153|1.935|1.725|2.255|2.045|2026-04-01
11155|1.957|1.737|2.255|2.035|2026-04-01
11158|1.957|1.737|2.253|2.033|2026-04-01
11161|2.029|1.799|2.329|2.099|2026-04-01
11162|1.749|NA|2.089|NA|2026-04-01
11168|1.957|1.737|2.253|2.033|2026-04-01
11169|NA|1.769|NA|2.149|2026-04-01
11172|NA|1.72|NA|2.045|2026-04-01
11177|1.922|1.712|2.245|2.035|2026-04-01
11178|1.957|1.737|2.253|2.033|2026-04-01
11182|1.729|1.729|2.049|2.049|2026-04-01
11193|1.819|NA|2.149|NA|2026-04-01
11194|1.807|1.747|2.117|2.057|2026-04-01
11195|1.749|1.749|2.099|2.099|2026-04-01
11203|1.937|1.717|2.253|2.033|2026-04-01
11205|1.769|1.769|2.139|2.139|2026-04-01
11206|1.947|1.737|2.263|2.053|2026-04-01
11207|1.922|1.717|2.24|2.035|2026-04-01
11208|1.889|1.729|2.239|2.079|2026-04-01
11209|NA|1.719|NA|2.099|2026-04-01
11213|1.759|1.759|2.089|2.089|2026-04-01
11214|1.945|1.735|2.245|2.035|2026-04-01
11220|1.729|NA|2.099|NA|2026-04-01
11221|1.779|1.729|2.139|2.089|2026-04-01
11222|1.94|1.719|2.253|2.033|2026-04-01
11223|1.78|NA|1.998|NA|2026-04-01
11225|1.749|NA|2.139|NA|2026-04-01
11226|1.769|1.769|2.099|2.099|2026-04-01
11235|1.937|1.717|2.255|2.035|2026-04-01
11243|1.957|1.737|2.245|2.025|2026-04-01
11249|1.899|1.799|2.219|2.119|2026-04-01
11253|1.957|1.737|2.255|2.035|2026-04-01
11257|2.007|1.739|2.367|2.099|2026-04-01
11259|1.789|NA|2.089|NA|2026-04-01
11265|1.839|1.739|2.199|2.099|2026-04-01
11271|1.739|1.739|2.129|2.129|2026-04-01
11274|2.029|1.779|2.399|2.149|2026-04-01
11285|1.957|1.737|2.273|2.053|2026-04-01
11288|1.679|NA|2.049|NA|2026-04-01
11289|1.67|1.67|2.019|2.019|2026-04-01
11290|1.759|1.759|2.069|2.069|2026-04-01
11293|1.936|1.726|2.238|2.028|2026-04-01
11294|1.789|1.739|2.089|2.039|2026-04-01
11296|1.759|1.759|1.999|1.999|2026-04-01
11297|1.899|1.899|2.149|2.149|2026-04-01
11298|NA|1.819|NA|2.099|2026-04-01
11299|1.799|1.799|2.129|2.129|2026-04-01
11300|1.799|1.799|2.119|2.119|2026-04-01
11305|1.899|1.799|2.299|2.199|2026-04-01
11306|1.959|1.749|2.249|2.039|2026-04-01
11310|NA|1.715|NA|2.055|2026-04-01
11315|1.769|1.769|2.099|2.099|2026-04-01
11317|1.799|1.799|2.109|2.109|2026-04-01
11319|1.825|1.715|2.138|2.028|2026-04-01
11320|1.669|1.669|1.729|1.729|2026-04-01
11329|1.754|1.754|2.099|2.099|2026-04-01
11331|1.989|1.739|2.279|2.029|2026-04-01
11332|1.859|1.859|2.159|2.159|2026-04-01
11333|1.829|1.729|2.239|2.139|2026-04-01
11338|1.957|1.732|2.273|2.048|2026-04-01
11343|1.759|1.759|2.059|2.059|2026-04-01
11347|2.029|1.779|2.419|2.169|2026-04-01
11352|1.959|1.749|2.289|2.079|2026-04-01
11362|1.999|1.799|2.329|2.129|2026-04-01
11368|1.729|1.729|2.089|2.089|2026-04-01
11375|1.777|1.777|2.097|2.097|2026-04-01
11380|1.959|1.779|2.299|2.119|2026-04-01
11388|1.799|NA|2.169|NA|2026-04-01
11390|2.406|1.759|2.749|2.099|2026-04-01
11391|1.979|1.729|2.319|2.069|2026-04-01
11396|1.969|1.759|2.299|2.089|2026-04-01
11400|1.959|1.859|2.209|2.109|2026-04-01
11401|1.972|1.762|2.33|2.12|2026-04-01
11407|1.749|1.749|2.079|2.079|2026-04-01
11427|1.979|1.779|2.289|2.089|2026-04-01
11431|1.865|1.725|2.175|2.035|2026-04-01
11436|2.057|1.797|2.397|2.127|2026-04-01
11440|2.077|1.799|2.437|2.159|2026-04-01
11452|NA|1.739|NA|2.099|2026-04-01
11453|NA|1.749|NA|2.079|2026-04-01
11454|NA|1.739|NA|2.049|2026-04-01
11458|NA|1.739|NA|2.099|2026-04-01
11459|NA|1.769|NA|2.129|2026-04-01
11460|NA|1.747|NA|2.039|2026-04-01
11461|NA|1.759|NA|2.059|2026-04-01
11462|NA|1.799|NA|2.199|2026-04-01
11463|NA|1.699|NA|2.039|2026-04-01
11464|NA|1.729|NA|2.079|2026-04-01
11465|NA|1.734|NA|2.034|2026-04-01
11466|NA|1.799|NA|2.159|2026-04-01
11467|NA|1.729|NA|2.079|2026-04-01
11468|NA|1.749|NA|2.059|2026-04-01
11469|NA|1.769|NA|2.149|2026-04-01
11470|NA|1.739|NA|2.099|2026-04-01
11472|NA|1.819|NA|2.149|2026-04-01
11473|NA|1.789|NA|2.149|2026-04-01
11474|NA|1.819|NA|2.149|2026-04-01
11475|NA|1.699|NA|2.039|2026-04-01
11476|NA|1.759|NA|2.129|2026-04-01
11477|NA|1.739|NA|2.099|2026-04-01
11478|NA|1.789|NA|2.129|2026-04-01
11479|NA|1.789|NA|2.129|2026-04-01
11480|NA|1.699|NA|2.089|2026-04-01
11481|NA|1.749|NA|2.049|2026-04-01
11482|NA|1.769|NA|2.129|2026-04-01
11483|NA|1.699|NA|2.079|2026-04-01
11484|NA|1.769|NA|2.109|2026-04-01
11485|NA|1.729|NA|2.039|2026-04-01
11486|NA|1.739|NA|2.139|2026-04-01
11487|NA|1.759|NA|2.129|2026-04-01
11488|NA|1.759|NA|2.049|2026-04-01
11489|NA|1.749|NA|2.059|2026-04-01
11490|NA|1.759|NA|2.079|2026-04-01
11491|NA|1.749|NA|2.069|2026-04-01
11492|NA|1.769|NA|2.099|2026-04-01
11493|NA|1.699|NA|2.159|2026-04-01
11495|NA|1.799|NA|2.219|2026-04-01
11497|NA|1.749|NA|2.119|2026-04-01
11498|NA|1.799|NA|2.139|2026-04-01
11499|NA|1.729|NA|2.099|2026-04-01
11500|NA|1.729|NA|2.099|2026-04-01
11501|NA|1.699|NA|2.029|2026-04-01
11502|NA|1.729|NA|2.099|2026-04-01
11503|NA|1.699|NA|2.089|2026-04-01
11504|NA|1.739|NA|2.049|2026-04-01
11505|NA|1.769|NA|2.109|2026-04-01
11506|NA|1.749|NA|2.079|2026-04-01
11507|NA|1.729|NA|2.019|2026-04-01
11508|NA|1.789|NA|2.099|2026-04-01
11509|NA|1.799|NA|2.069|2026-04-01
11510|NA|1.799|NA|2.129|2026-04-01
11511|NA|1.729|NA|2.059|2026-04-01
11512|NA|1.849|NA|2.229|2026-04-01
11513|NA|1.779|NA|2.059|2026-04-01
11514|NA|1.759|NA|2.079|2026-04-01
11515|NA|1.729|NA|2.079|2026-04-01
11516|NA|1.739|NA|2.119|2026-04-01
11517|NA|1.819|NA|2.199|2026-04-01
11518|NA|1.729|NA|2.019|2026-04-01
11519|NA|1.749|NA|2.089|2026-04-01
11520|NA|1.699|NA|2.029|2026-04-01
11521|NA|1.809|NA|2.119|2026-04-01
11522|NA|1.699|NA|2.069|2026-04-01
11524|NA|1.799|NA|2.199|2026-04-01
11525|NA|1.719|NA|2.069|2026-04-01
11526|NA|1.769|NA|2.079|2026-04-01
11527|NA|1.729|NA|2.199|2026-04-01
11528|NA|1.669|NA|2.019|2026-04-01
11529|NA|1.729|NA|2.079|2026-04-01
11530|NA|1.729|NA|2.039|2026-04-01
11531|NA|1.689|NA|2.069|2026-04-01
11532|NA|1.699|NA|2.019|2026-04-01
11533|NA|1.759|NA|2.079|2026-04-01
11534|NA|1.699|NA|2.129|2026-04-01
11535|NA|1.729|NA|2.039|2026-04-01
11536|NA|1.719|NA|2.039|2026-04-01
11537|NA|1.779|NA|2.119|2026-04-01
11538|NA|1.729|NA|2.129|2026-04-01
11539|NA|1.729|NA|2.039|2026-04-01
11540|NA|1.789|NA|2.059|2026-04-01
11541|NA|1.699|NA|2.049|2026-04-01
11543|NA|1.859|NA|2.169|2026-04-01
11544|NA|1.739|NA|2.109|2026-04-01
11545|NA|1.779|NA|2.059|2026-04-01
11546|NA|1.749|NA|2.059|2026-04-01
11547|NA|1.799|NA|2.179|2026-04-01
11548|NA|1.699|NA|2.019|2026-04-01
11549|NA|1.699|NA|1.979|2026-04-01
11550|NA|1.739|NA|2.049|2026-04-01
11551|NA|1.749|NA|2.065|2026-04-01
11552|NA|1.819|NA|2.199|2026-04-01
11553|NA|1.719|NA|2.089|2026-04-01
11554|NA|1.789|NA|2.119|2026-04-01
11555|NA|1.799|NA|2.169|2026-04-01
11557|NA|1.699|NA|2.039|2026-04-01
11559|NA|1.799|NA|2.219|2026-04-01
11560|NA|1.699|NA|2.059|2026-04-01
11561|NA|1.739|NA|2.129|2026-04-01
11562|NA|1.739|NA|2.099|2026-04-01
11563|NA|1.759|NA|2.129|2026-04-01
11564|NA|1.829|NA|2.169|2026-04-01
11565|NA|1.759|NA|2.089|2026-04-01
11566|NA|1.739|NA|2.099|2026-04-01
11567|NA|1.719|NA|2.059|2026-04-01
11568|NA|1.739|NA|2.029|2026-04-01
11569|NA|1.779|NA|2.059|2026-04-01
11571|NA|1.769|NA|2.179|2026-04-01
11572|NA|1.709|NA|2.019|2026-04-01
11573|NA|1.699|NA|2.029|2026-04-01
11574|NA|1.739|NA|2.079|2026-04-01
11575|NA|1.729|NA|2.089|2026-04-01
11576|NA|1.779|NA|2.099|2026-04-01
11578|NA|1.759|NA|2.119|2026-04-01
11579|NA|1.709|NA|2.039|2026-04-01
11580|NA|1.709|NA|2.029|2026-04-01
11581|NA|1.739|NA|2.019|2026-04-01
11582|NA|1.749|NA|2.149|2026-04-01
11583|NA|1.729|NA|2.039|2026-04-01
11584|NA|1.769|NA|2.149|2026-04-01
11585|NA|1.789|NA|2.099|2026-04-01
11586|NA|1.749|NA|2.149|2026-04-01
11587|NA|1.739|NA|2.099|2026-04-01
11588|NA|1.729|NA|2.099|2026-04-01
11589|NA|1.759|NA|2.069|2026-04-01
11590|NA|1.729|NA|2.079|2026-04-01
11591|NA|1.759|NA|2.119|2026-04-01
11594|NA|1.759|NA|2.119|2026-04-01
11595|NA|1.729|NA|2.099|2026-04-01
11596|NA|1.799|NA|2.129|2026-04-01
11597|NA|1.759|NA|2.089|2026-04-01
11598|NA|1.739|NA|2.059|2026-04-01
11599|NA|1.759|NA|2.169|2026-04-01
11600|NA|1.729|NA|2.099|2026-04-01
11601|NA|1.839|NA|2.169|2026-04-01
11602|NA|1.759|NA|2.099|2026-04-01
11603|NA|1.759|NA|2.089|2026-04-01
11604|NA|1.759|NA|2.099|2026-04-01
11606|NA|1.739|NA|2.069|2026-04-01
11607|NA|1.739|NA|2.049|2026-04-01
11608|NA|1.789|NA|2.139|2026-04-01
11609|NA|1.729|NA|2.059|2026-04-01
11610|NA|1.739|NA|2.069|2026-04-01
11611|NA|1.899|NA|2.099|2026-04-01
11613|NA|1.739|NA|2.059|2026-04-01
11614|NA|1.799|NA|2.129|2026-04-01
11616|NA|1.759|NA|2.099|2026-04-01
11617|NA|1.729|NA|2.079|2026-04-01
11618|NA|1.739|NA|2.059|2026-04-01
11619|NA|1.749|NA|2.079|2026-04-01
11620|NA|1.789|NA|2.199|2026-04-01
11621|NA|1.779|NA|2.149|2026-04-01
11622|NA|1.749|NA|2.049|2026-04-01
11624|NA|1.699|NA|2.049|2026-04-01
11625|NA|1.739|NA|2.089|2026-04-01
11626|NA|1.739|NA|2.059|2026-04-01
11627|NA|1.735|NA|1.606|2026-04-01
11629|NA|1.759|NA|2.139|2026-04-01
11630|NA|1.739|NA|2.019|2026-04-01
11631|NA|1.739|NA|2.039|2026-04-01
11632|NA|1.749|NA|2.089|2026-04-01
11633|NA|1.779|NA|2.129|2026-04-01
11634|NA|1.739|NA|2.079|2026-04-01
11635|NA|1.769|NA|2.089|2026-04-01
11636|NA|1.749|NA|2.079|2026-04-01
11637|NA|1.729|NA|2.069|2026-04-01
11638|NA|1.739|NA|2.089|2026-04-01
11639|NA|1.789|NA|2.159|2026-04-01
11640|NA|1.739|NA|2.089|2026-04-01
11641|NA|1.759|NA|2.089|2026-04-01
11642|NA|1.729|NA|2.099|2026-04-01
11643|NA|1.699|NA|2.099|2026-04-01
11644|NA|1.759|NA|2.129|2026-04-01
11645|NA|1.749|NA|2.099|2026-04-01
11646|NA|1.749|NA|2.069|2026-04-01
11647|NA|1.789|NA|2.019|2026-04-01
11648|NA|1.729|NA|2.049|2026-04-01
11649|NA|1.699|NA|2.099|2026-04-01
11650|NA|1.699|NA|2.099|2026-04-01
11651|NA|1.699|NA|2.069|2026-04-01
11654|NA|1.759|NA|2.069|2026-04-01
11655|NA|1.699|NA|2.039|2026-04-01
11656|NA|1.719|NA|2.029|2026-04-01
11657|NA|1.759|NA|2.159|2026-04-01
11658|NA|1.749|NA|2.049|2026-04-01
11660|NA|1.779|NA|2.159|2026-04-01
11661|NA|1.719|NA|2.059|2026-04-01
11662|NA|1.699|NA|2.079|2026-04-01
11663|NA|1.779|NA|2.079|2026-04-01
11664|NA|1.799|NA|2.159|2026-04-01
11665|NA|1.749|NA|2.119|2026-04-01
11666|NA|1.729|NA|2.049|2026-04-01
11667|NA|1.739|NA|2.019|2026-04-01
11668|NA|1.749|NA|2.079|2026-04-01
11669|NA|1.719|NA|2.059|2026-04-01
11670|NA|1.799|NA|2.139|2026-04-01
11671|NA|1.719|NA|2.129|2026-04-01
11672|NA|1.679|NA|2.029|2026-04-01
11673|NA|1.759|NA|2.159|2026-04-01
11674|NA|1.699|NA|2.059|2026-04-01
11675|NA|1.769|NA|2.119|2026-04-01
11676|NA|1.699|NA|2.049|2026-04-01
11677|NA|1.719|NA|2.039|2026-04-01
11678|NA|1.699|NA|2.029|2026-04-01
11679|NA|1.699|NA|2.049|2026-04-01
11680|NA|1.699|NA|2.049|2026-04-01
11681|NA|1.699|NA|1.999|2026-04-01
11682|NA|1.769|NA|2.099|2026-04-01
11683|NA|1.759|NA|2.159|2026-04-01
11684|NA|1.699|NA|2.059|2026-04-01
11685|NA|1.729|NA|2.069|2026-04-01
11686|NA|1.759|NA|2.099|2026-04-01
11687|NA|1.729|NA|2.079|2026-04-01
11688|NA|1.729|NA|2.029|2026-04-01
11689|NA|1.729|NA|2.069|2026-04-01
11690|NA|1.739|NA|2.099|2026-04-01
11691|NA|1.759|NA|2.159|2026-04-01
11694|NA|1.699|NA|2.019|2026-04-01
11696|NA|1.759|NA|2.099|2026-04-01
11697|NA|1.799|NA|2.159|2026-04-01
11698|NA|1.789|NA|2.019|2026-04-01
11699|NA|1.739|NA|2.099|2026-04-01
11700|NA|1.699|NA|2.059|2026-04-01
11701|NA|1.729|NA|2.129|2026-04-01
11702|NA|1.699|NA|2.019|2026-04-01
11703|NA|1.729|NA|2.069|2026-04-01
11704|NA|1.729|NA|2.129|2026-04-01
11705|NA|1.699|NA|2.029|2026-04-01
11706|NA|1.729|NA|2.059|2026-04-01
11707|NA|1.699|NA|2.079|2026-04-01
11708|NA|1.699|NA|2.019|2026-04-01
11709|NA|1.749|NA|2.109|2026-04-01
11711|NA|1.739|NA|2.049|2026-04-01
11712|NA|1.749|NA|2.029|2026-04-01
11713|NA|1.799|NA|2.119|2026-04-01
11716|NA|1.769|NA|2.099|2026-04-01
11717|NA|1.699|NA|2.019|2026-04-01
11718|NA|1.779|NA|2.149|2026-04-01
11719|NA|1.789|NA|2.119|2026-04-01
11720|NA|1.779|NA|2.099|2026-04-01
11721|NA|1.759|NA|2.119|2026-04-01
11722|NA|1.749|NA|2.069|2026-04-01
11723|NA|1.779|NA|2.059|2026-04-01
11725|NA|1.719|NA|2.039|2026-04-01
11728|NA|1.879|NA|2.159|2026-04-01
11731|NA|1.729|NA|2.099|2026-04-01
11732|NA|1.639|NA|1.669|2026-04-01
11733|NA|1.779|NA|2.079|2026-04-01
11734|NA|1.769|NA|2.059|2026-04-01
11735|NA|1.759|NA|2.109|2026-04-01
11736|NA|1.799|NA|2.129|2026-04-01
11737|NA|1.749|NA|2.109|2026-04-01
11738|NA|1.779|NA|2.109|2026-04-01
11739|NA|1.769|NA|2.119|2026-04-01
11740|NA|1.779|NA|1.769|2026-04-01
11741|NA|1.809|NA|2.089|2026-04-01
11742|NA|1.709|NA|2.049|2026-04-01
11743|NA|1.799|NA|2.099|2026-04-01
11744|NA|1.749|NA|2.099|2026-04-01
11745|NA|1.789|NA|2.199|2026-04-01
11746|NA|1.729|NA|2.079|2026-04-01
11747|NA|1.749|NA|2.099|2026-04-01
11748|NA|1.739|NA|2.139|2026-04-01
11749|NA|1.739|NA|2.069|2026-04-01
11750|NA|1.739|NA|2.149|2026-04-01
11751|NA|1.789|NA|2.119|2026-04-01
11752|NA|1.729|NA|2.069|2026-04-01
11753|NA|1.779|NA|2.119|2026-04-01
11754|NA|1.719|NA|2.039|2026-04-01
11755|NA|1.769|NA|2.099|2026-04-01
11756|NA|1.719|NA|2.099|2026-04-01
11757|NA|1.709|NA|2.079|2026-04-01
11758|NA|1.769|NA|2.129|2026-04-01
11759|NA|1.719|NA|2.059|2026-04-01
11760|NA|1.739|NA|2.059|2026-04-01
11761|NA|1.779|NA|2.019|2026-04-01
11762|NA|1.689|NA|2.019|2026-04-01
11764|NA|1.729|NA|2.079|2026-04-01
11765|NA|1.799|NA|2.149|2026-04-01
11766|NA|1.794|NA|2.154|2026-04-01
11767|NA|1.739|NA|2.049|2026-04-01
11768|NA|1.699|NA|2.039|2026-04-01
11769|NA|1.819|NA|2.169|2026-04-01
11770|NA|1.699|NA|1.999|2026-04-01
11771|NA|1.799|NA|2.169|2026-04-01
11772|NA|1.739|NA|2.109|2026-04-01
11773|NA|1.699|NA|2.069|2026-04-01
11775|NA|1.919|NA|2.249|2026-04-01
11776|NA|1.779|NA|2.129|2026-04-01
11777|NA|1.759|NA|2.099|2026-04-01
11778|NA|1.769|NA|2.139|2026-04-01
11779|NA|1.779|NA|2.109|2026-04-01
11780|NA|1.759|NA|2.089|2026-04-01
11781|NA|1.779|NA|2.159|2026-04-01
11783|NA|1.749|NA|2.099|2026-04-01
11784|NA|1.769|NA|2.099|2026-04-01
11786|NA|1.699|NA|2.059|2026-04-01
11787|NA|1.779|NA|2.129|2026-04-01
11788|NA|1.719|NA|2.049|2026-04-01
11789|NA|1.749|NA|2.079|2026-04-01
11791|NA|1.749|NA|2.119|2026-04-01
11792|NA|1.749|NA|2.119|2026-04-01
11793|NA|1.699|NA|2.049|2026-04-01
11795|NA|1.729|NA|2.049|2026-04-01
11796|NA|1.699|NA|2.019|2026-04-01
11797|NA|1.739|NA|2.039|2026-04-01
11798|NA|1.789|NA|2.149|2026-04-01
11799|NA|1.769|NA|2.099|2026-04-01
11800|NA|1.789|NA|2.129|2026-04-01
11801|NA|1.789|NA|2.109|2026-04-01
11802|NA|1.739|NA|2.099|2026-04-01
11803|NA|1.779|NA|2.119|2026-04-01
11804|NA|1.779|NA|2.169|2026-04-01
11805|NA|1.729|NA|2.039|2026-04-01
11806|NA|1.739|NA|2.089|2026-04-01
11809|NA|1.749|NA|2.109|2026-04-01
11810|NA|1.759|NA|2.059|2026-04-01
11811|NA|1.789|NA|2.129|2026-04-01
11812|NA|1.739|NA|2.039|2026-04-01
11813|NA|1.769|NA|2.059|2026-04-01
11814|NA|1.739|NA|2.099|2026-04-01
11815|NA|1.729|NA|2.089|2026-04-01
11816|NA|1.689|NA|2.059|2026-04-01
11817|NA|1.749|NA|2.039|2026-04-01
11818|NA|1.799|NA|2.079|2026-04-01
11819|NA|1.739|NA|2.039|2026-04-01
11820|NA|1.729|NA|2.019|2026-04-01
11821|NA|1.769|NA|2.089|2026-04-01
11822|NA|1.769|NA|2.069|2026-04-01
11823|NA|1.789|NA|2.189|2026-04-01
11824|NA|1.719|NA|2.029|2026-04-01
11825|NA|1.739|NA|2.089|2026-04-01
11826|NA|1.739|NA|2.069|2026-04-01
11827|NA|1.699|NA|2.039|2026-04-01
11828|NA|1.729|NA|2.039|2026-04-01
11831|NA|1.759|NA|2.059|2026-04-01
11832|NA|1.749|NA|2.089|2026-04-01
11833|NA|1.749|NA|2.129|2026-04-01
11834|NA|1.709|NA|2.089|2026-04-01
11835|NA|1.799|NA|2.189|2026-04-01
11836|NA|1.759|NA|2.099|2026-04-01
11837|NA|1.719|NA|2.179|2026-04-01
11839|NA|1.789|NA|2.169|2026-04-01
11840|NA|1.699|NA|1.999|2026-04-01
11841|NA|1.749|NA|2.039|2026-04-01
11842|NA|1.719|NA|2.089|2026-04-01
11843|NA|1.689|NA|2.049|2026-04-01
11844|NA|1.779|NA|2.049|2026-04-01
11845|NA|1.759|NA|2.069|2026-04-01
11846|NA|1.699|NA|2.089|2026-04-01
11847|NA|1.749|NA|2.099|2026-04-01
11848|NA|1.739|NA|2.059|2026-04-01
11849|NA|1.759|NA|2.069|2026-04-01
11850|NA|1.759|NA|2.089|2026-04-01
11851|NA|1.749|NA|2.129|2026-04-01
11852|NA|1.749|NA|2.129|2026-04-01
11853|NA|1.699|NA|1.999|2026-04-01
11854|NA|1.749|NA|2.099|2026-04-01
11855|NA|1.799|NA|2.169|2026-04-01
11856|NA|1.739|NA|2.089|2026-04-01
11857|NA|1.769|NA|2.099|2026-04-01
11858|NA|1.719|NA|2.099|2026-04-01
11859|NA|1.739|NA|2.059|2026-04-01
11861|NA|1.789|NA|2.169|2026-04-01
11862|NA|1.699|NA|2.049|2026-04-01
11863|NA|1.799|NA|2.179|2026-04-01
11864|NA|1.799|NA|2.179|2026-04-01
11865|NA|1.769|NA|2.119|2026-04-01
11866|NA|1.719|NA|2.069|2026-04-01
11867|NA|1.699|NA|2.049|2026-04-01
11868|NA|1.699|NA|2.019|2026-04-01
11869|NA|1.829|NA|2.169|2026-04-01
11870|NA|1.699|NA|2.079|2026-04-01
11871|NA|1.739|NA|2.099|2026-04-01
11872|NA|1.799|NA|2.129|2026-04-01
11873|NA|1.799|NA|2.199|2026-04-01
11874|NA|1.689|NA|2.049|2026-04-01
11875|NA|1.699|NA|2.059|2026-04-01
11877|NA|1.729|NA|2.069|2026-04-01
11878|NA|1.799|NA|2.169|2026-04-01
11879|NA|1.769|NA|2.089|2026-04-01
11881|NA|1.759|NA|2.089|2026-04-01
11882|NA|1.769|NA|2.119|2026-04-01
11883|NA|1.759|NA|2.099|2026-04-01
11884|NA|1.789|NA|2.149|2026-04-01
11885|NA|1.799|NA|2.199|2026-04-01
11886|NA|1.779|NA|2.099|2026-04-01
11887|NA|1.829|NA|2.139|2026-04-01
11888|NA|1.699|NA|2.049|2026-04-01
11889|NA|1.719|NA|2.059|2026-04-01
11891|NA|1.769|NA|2.089|2026-04-01
11892|NA|1.789|NA|2.149|2026-04-01
11893|NA|1.749|NA|2.069|2026-04-01
11894|NA|1.729|NA|2.099|2026-04-01
11897|NA|1.749|NA|2.099|2026-04-01
11898|NA|1.749|NA|2.049|2026-04-01
11899|NA|1.739|NA|2.069|2026-04-01
11900|NA|1.749|NA|2.049|2026-04-01
11901|NA|1.749|NA|2.099|2026-04-01
11902|NA|1.729|NA|2.069|2026-04-01
11904|NA|1.749|NA|2.029|2026-04-01
11905|NA|1.829|NA|2.169|2026-04-01
11906|NA|1.759|NA|2.119|2026-04-01
11907|NA|1.729|NA|2.039|2026-04-01
11908|NA|1.799|NA|2.159|2026-04-01
11909|NA|1.739|NA|2.089|2026-04-01
11910|NA|1.729|NA|2.049|2026-04-01
11911|NA|1.839|NA|2.099|2026-04-01
11912|NA|1.759|NA|2.029|2026-04-01
11913|NA|1.729|NA|2.089|2026-04-01
11914|NA|1.769|NA|2.069|2026-04-01
11915|NA|1.769|NA|2.019|2026-04-01
11917|NA|1.719|NA|2.099|2026-04-01
11918|NA|1.779|NA|2.099|2026-04-01
11919|NA|1.729|NA|2.069|2026-04-01
11920|NA|1.749|NA|2.069|2026-04-01
11921|NA|1.699|NA|2.029|2026-04-01
11922|NA|1.759|NA|2.089|2026-04-01
11925|NA|1.769|NA|2.099|2026-04-01
11926|NA|1.779|NA|2.099|2026-04-01
11928|NA|1.679|NA|2.019|2026-04-01
11929|NA|1.769|NA|2.059|2026-04-01
11930|NA|1.799|NA|2.129|2026-04-01
11931|NA|1.759|NA|2.099|2026-04-01
11932|NA|1.819|NA|2.089|2026-04-01
11933|NA|1.749|NA|2.089|2026-04-01
11934|NA|1.739|NA|2.079|2026-04-01
11935|NA|1.739|NA|2.069|2026-04-01
11936|NA|1.729|NA|1.999|2026-04-01
11937|NA|1.769|NA|2.099|2026-04-01
11938|NA|1.719|NA|2.059|2026-04-01
11939|NA|1.769|NA|2.119|2026-04-01
11940|NA|1.719|NA|2.049|2026-04-01
11941|NA|1.669|NA|2.039|2026-04-01
11942|NA|1.759|NA|2.029|2026-04-01
11943|NA|1.729|NA|2.079|2026-04-01
11944|NA|1.729|NA|2.089|2026-04-01
11945|NA|1.749|NA|2.079|2026-04-01
11946|NA|1.699|NA|2.029|2026-04-01
11947|NA|1.669|NA|2.019|2026-04-01
11948|NA|1.719|NA|2.079|2026-04-01
11950|NA|1.739|NA|2.019|2026-04-01
11951|NA|1.739|NA|2.029|2026-04-01
11952|NA|1.769|NA|2.049|2026-04-01
11954|NA|1.749|NA|2.089|2026-04-01
11955|NA|1.769|NA|2.099|2026-04-01
11956|NA|1.749|NA|2.049|2026-04-01
11957|NA|1.779|NA|2.129|2026-04-01
11958|NA|1.669|NA|2.019|2026-04-01
11959|NA|1.749|NA|2.099|2026-04-01
11960|NA|1.739|NA|2.149|2026-04-01
11961|NA|1.769|NA|2.189|2026-04-01
11962|NA|1.729|NA|2.149|2026-04-01
11965|NA|1.759|NA|2.089|2026-04-01
11966|NA|1.759|NA|2.059|2026-04-01
11968|NA|1.759|NA|2.039|2026-04-01
11969|1.848|1.749|2.178|2.079|2026-04-01
11970|1.738|NA|2.058|NA|2026-04-01
11974|1.919|1.769|2.279|2.129|2026-04-01
11975|1.755|NA|2.125|NA|2026-04-01
11979|2.033|1.799|2.343|2.109|2026-04-01
11980|NA|1.737|NA|2.045|2026-04-01
11987|1.798|1.798|2.139|2.139|2026-04-01
11997|2.003|1.769|2.283|2.049|2026-04-01
11999|1.709|1.709|2.029|2.029|2026-04-01
12004|1.937|1.717|2.273|2.053|2026-04-01
12010|1.979|1.779|2.349|2.149|2026-04-01
12015|1.689|1.689|2.101|2.101|2026-04-01
12019|1.75|1.75|2.09|2.09|2026-04-01
12020|1.753|1.753|2.165|2.165|2026-04-01
12021|1.842|1.842|2.165|2.165|2026-04-01
12022|2.037|1.819|2.367|2.149|2026-04-01
12024|1.955|1.735|2.255|2.035|2026-04-01
12025|1.994|1.834|2.31|2.12|2026-04-01
12027|1.962|1.752|2.304|2.114|2026-04-01
12030|1.695|1.695|2.025|2.025|2026-04-01
12035|1.762|1.762|2.114|2.114|2026-04-01
12038|1.943|1.733|2.295|2.105|2026-04-01
12040|1.972|1.762|2.304|2.114|2026-04-01
12043|1.732|1.732|2.094|2.094|2026-04-01
12045|1.994|1.834|2.357|2.167|2026-04-01
12047|1.698|NA|2.058|NA|2026-04-01
12050|1.942|1.732|2.304|2.114|2026-04-01
12051|1.688|NA|2.048|NA|2026-04-01
12052|1.698|NA|2.048|NA|2026-04-01
12053|1.972|1.762|2.304|2.114|2026-04-01
12054|1.779|1.779|2.129|2.129|2026-04-01
12056|1.749|1.749|2.059|2.059|2026-04-01
12057|1.793|1.793|2.155|2.155|2026-04-01
12059|1.793|1.793|2.155|2.155|2026-04-01
12062|1.983|1.773|2.355|2.165|2026-04-01
12063|1.773|1.773|2.165|2.165|2026-04-01
12065|1.772|1.772|2.164|2.164|2026-04-01
12068|1.752|1.752|2.114|2.114|2026-04-01
12069|1.773|1.773|2.145|2.145|2026-04-01
12070|1.759|1.729|2.129|2.099|2026-04-01
12078|1.749|1.749|2.099|2.099|2026-04-01
12081|1.936|1.726|2.246|2.036|2026-04-01
12082|NA|1.789|NA|2.089|2026-04-01
12084|NA|1.769|NA|2.099|2026-04-01
12085|1.725|NA|2.065|NA|2026-04-01
12086|1.839|1.839|2.159|2.159|2026-04-01
12092|NA|1.738|NA|2.099|2026-04-01
12100|NA|1.749|NA|2.079|2026-04-01
12102|1.789|NA|2.139|NA|2026-04-01
12104|1.709|1.709|2.119|2.119|2026-04-01
12105|2.039|1.829|2.299|2.089|2026-04-01
12109|1.779|NA|2.099|NA|2026-04-01
12122|NA|1.739|NA|2.059|2026-04-01
12123|NA|1.739|NA|2.039|2026-04-01
12125|NA|1.739|NA|2.039|2026-04-01
12130|2.039|1.789|2.319|2.069|2026-04-01
12131|NA|1.749|NA|2.059|2026-04-01
12132|1.749|NA|2.069|NA|2026-04-01
12141|1.749|1.749|2.079|2.079|2026-04-01
12143|NA|1.712|NA|2.031|2026-04-01
12149|1.959|1.729|2.299|2.069|2026-04-01
12153|1.769|1.769|2.139|2.139|2026-04-01
12155|1.917|1.695|2.237|2.015|2026-04-01
12159|1.779|1.779|2.059|2.059|2026-04-01
12162|1.999|1.779|2.319|2.099|2026-04-01
12163|1.825|NA|2.105|NA|2026-04-01
12166|1.689|1.689|1.989|1.989|2026-04-01
12168|2.058|1.759|NA|NA|2026-04-01
12175|1.699|1.699|NA|NA|2026-04-01
12177|1.942|1.782|2.354|2.164|2026-04-01
12178|1.832|1.832|2.165|2.165|2026-04-01
12179|1.772|1.772|2.114|2.114|2026-04-01
12180|1.742|1.742|2.084|2.084|2026-04-01
12185|1.947|1.737|2.243|2.033|2026-04-01
12189|1.869|1.749|2.219|2.099|2026-04-01
12192|1.789|1.789|2.079|2.079|2026-04-01
12195|2.109|1.759|2.439|2.089|2026-04-01
12197|1.935|1.725|2.255|2.045|2026-04-01
12200|1.799|1.799|2.099|2.099|2026-04-01
12202|NA|1.899|NA|2.099|2026-04-01
12203|NA|1.799|NA|2.099|2026-04-01
12205|1.997|1.786|2.367|2.156|2026-04-01
12206|1.748|1.748|2.119|2.119|2026-04-01
12217|1.929|1.729|2.239|2.039|2026-04-01
12226|NA|1.769|NA|2.089|2026-04-01
12233|1.759|1.759|2.089|2.089|2026-04-01
12239|1.859|NA|2.049|NA|2026-04-01
12249|1.982|1.772|2.304|2.114|2026-04-01
12251|1.772|1.772|2.114|2.114|2026-04-01
12253|NA|1.699|NA|2.059|2026-04-01
12254|1.773|1.773|2.115|2.115|2026-04-01
12256|1.695|1.695|2.025|2.025|2026-04-01
12258|1.982|1.772|2.304|2.114|2026-04-01
12259|1.823|1.823|2.165|2.165|2026-04-01
12261|1.955|1.735|2.255|2.035|2026-04-01
12267|1.958|1.759|2.358|2.159|2026-04-01
12269|1.729|1.729|2.048|2.048|2026-04-01
12275|1.943|1.733|2.295|2.105|2026-04-01
12276|1.773|1.773|2.115|2.115|2026-04-01
12282|1.994|1.834|2.331|2.141|2026-04-01
12285|1.955|1.735|2.255|2.035|2026-04-01
12289|1.949|1.739|2.349|2.139|2026-04-01
12291|1.957|1.737|2.255|2.035|2026-04-01
12292|1.819|NA|2.159|NA|2026-04-01
12296|1.803|1.803|2.145|2.145|2026-04-01
12297|1.725|1.725|2.078|2.078|2026-04-01
12299|1.769|1.769|2.099|2.099|2026-04-01
12300|1.943|1.733|2.305|2.115|2026-04-01
12301|NA|1.725|NA|2.078|2026-04-01
12304|1.773|1.773|2.115|2.115|2026-04-01
12305|NA|1.737|NA|2.053|2026-04-01
12308|1.709|1.709|2.068|2.068|2026-04-01
12310|1.773|1.773|2.115|2.115|2026-04-01
12313|1.982|1.772|2.304|2.114|2026-04-01
12314|1.715|1.715|2.068|2.068|2026-04-01
12316|1.773|1.773|2.115|2.115|2026-04-01
12319|1.982|1.772|2.304|2.114|2026-04-01
12323|1.773|1.773|2.115|2.115|2026-04-01
12324|NA|1.688|NA|2.048|2026-04-01
12328|1.773|1.773|2.115|2.115|2026-04-01
12329|1.73|1.73|2.078|2.078|2026-04-01
12332|1.963|1.753|2.3|2.11|2026-04-01
12335|1.982|1.772|2.304|2.114|2026-04-01
12338|1.773|1.773|2.115|2.115|2026-04-01
12340|1.768|1.768|2.11|2.11|2026-04-01
12343|1.942|1.732|2.304|2.114|2026-04-01
12344|1.957|1.737|2.26|2.04|2026-04-01
12346|1.969|1.692|2.269|2.035|2026-04-01
12347|1.772|1.772|2.114|2.114|2026-04-01
12348|2.037|2.037|2.198|2.198|2026-04-01
12350|1.639|1.599|1.699|1.659|2026-04-01
12351|1.772|1.772|2.134|2.134|2026-04-01
12353|NA|1.739|NA|2.099|2026-04-01
12354|1.773|1.773|2.115|2.115|2026-04-01
12356|1.982|1.772|2.304|2.114|2026-04-01
12359|1.974|1.749|2.274|2.049|2026-04-01
12360|NA|1.729|NA|2.099|2026-04-01
12361|1.753|1.753|2.11|2.11|2026-04-01
12363|NA|1.729|NA|2.099|2026-04-01
12364|NA|1.729|NA|2.099|2026-04-01
12365|1.773|1.773|2.115|2.115|2026-04-01
12366|1.789|1.789|2.129|2.129|2026-04-01
12368|NA|1.699|NA|2.085|2026-04-01
12370|1.983|1.773|2.305|2.115|2026-04-01
12371|1.79|1.72|2.04|1.99|2026-04-01
12373|1.823|1.773|2.175|2.125|2026-04-01
12374|NA|1.719|NA|2.109|2026-04-01
12375|1.769|1.769|2.101|2.101|2026-04-01
12377|NA|1.739|NA|2.099|2026-04-01
12378|1.799|1.699|2.169|2.069|2026-04-01
12379|1.797|1.797|2.098|2.098|2026-04-01
12380|1.943|1.733|2.295|2.105|2026-04-01
12383|NA|1.749|NA|2.129|2026-04-01
12387|1.957|1.746|2.367|2.156|2026-04-01
12393|2.138|2.138|2.398|2.398|2026-04-01
12395|NA|1.725|NA|2.028|2026-04-01
12409|1.949|1.699|2.249|1.999|2026-04-01
12410|1.779|1.779|2.099|2.099|2026-04-01
12418|1.799|1.799|2.049|2.049|2026-04-01
12432|2.037|1.826|2.327|2.116|2026-04-01
12442|1.945|1.725|2.265|2.045|2026-04-01
12443|NA|1.699|NA|2.029|2026-04-01
12452|1.799|1.799|2.089|2.089|2026-04-01
12459|NA|1.779|NA|2.099|2026-04-01
12464|NA|1.739|NA|2.099|2026-04-01
12467|1.957|1.732|2.273|2.048|2026-04-01
12470|1.857|1.857|2.057|2.057|2026-04-01
12471|NA|1.739|NA|2.079|2026-04-01
12476|1.849|1.749|2.219|2.119|2026-04-01
12478|NA|1.699|NA|1.999|2026-04-01
12479|1.955|1.735|2.255|2.035|2026-04-01
12482|1.749|1.749|2.099|2.099|2026-04-01
12483|1.749|1.749|2.099|2.099|2026-04-01
12484|1.669|1.649|2.079|2.059|2026-04-01
12485|NA|1.749|NA|2.079|2026-04-01
12487|1.749|1.749|2.099|2.099|2026-04-01
12489|1.749|1.749|2.099|2.099|2026-04-01
12495|NA|1.749|NA|2.099|2026-04-01
12497|1.799|1.799|2.059|2.059|2026-04-01
12500|1.785|1.785|2.089|2.089|2026-04-01
12506|1.699|1.699|2.069|2.069|2026-04-01
12515|NA|1.826|NA|1.996|2026-04-01
12517|1.909|1.709|2.169|1.969|2026-04-01
12522|1.957|1.732|2.273|2.048|2026-04-01
12523|1.749|1.749|2.079|2.079|2026-04-01
12526|1.939|1.739|2.259|2.059|2026-04-01
12528|1.729|1.729|2.099|2.099|2026-04-01
12533|1.939|1.739|2.259|2.059|2026-04-01
12534|1.957|1.737|2.255|2.035|2026-04-01
12536|NA|1.739|NA|2.059|2026-04-01
12537|1.945|1.725|2.255|2.035|2026-04-01
12539|1.949|1.749|2.239|2.039|2026-04-01
12555|1.729|1.729|2.109|2.109|2026-04-01
12556|1.709|1.709|2.059|2.059|2026-04-01
12558|1.849|1.849|2.199|2.199|2026-04-01
12567|1.779|1.779|2.119|2.119|2026-04-01
12569|1.957|1.737|2.265|2.045|2026-04-01
12572|NA|1.759|NA|2.129|2026-04-01
12574|1.839|1.839|2.099|2.099|2026-04-01
12577|1.957|1.737|2.273|2.053|2026-04-01
12579|NA|1.732|NA|2.048|2026-04-01
12581|1.937|1.712|2.26|2.035|2026-04-01
12586|1.788|1.788|2.058|2.058|2026-04-01
12600|1.945|1.735|2.258|2.048|2026-04-01
12604|1.967|1.747|2.273|2.053|2026-04-01
12614|NA|1.767|NA|2.143|2026-04-01
12619|1.759|1.759|2.119|2.119|2026-04-01
12621|1.933|1.733|2.205|2.005|2026-04-01
12624|NA|1.688|NA|2.074|2026-04-01
12632|1.739|1.739|2.049|2.049|2026-04-01
12642|1.779|1.779|2.159|2.159|2026-04-01
12646|NA|1.749|NA|2.129|2026-04-01
12648|NA|1.759|NA|2.079|2026-04-01
12650|1.745|1.745|2.065|2.065|2026-04-01
12654|2.405|2.405|2.745|2.745|2026-04-01
12655|1.759|NA|2.029|NA|2026-04-01
12657|1.749|1.749|NA|NA|2026-04-01
12658|2.059|1.849|2.309|2.099|2026-04-01
12661|2.067|1.806|2.417|2.156|2026-04-01
12665|1.937|1.717|2.253|2.033|2026-04-01
12670|1.969|1.759|2.309|2.099|2026-04-01
12675|1.749|1.749|2.069|2.069|2026-04-01
12680|1.759|NA|2.129|NA|2026-04-01
12685|1.999|1.789|2.279|2.069|2026-04-01
12698|1.739|1.739|2.099|2.099|2026-04-01
12703|1.725|1.725|2.045|2.045|2026-04-01
12707|1.94|1.72|2.253|2.033|2026-04-01
12708|1.725|1.725|2.045|2.045|2026-04-01
12717|1.969|1.759|2.249|2.039|2026-04-01
12719|1.969|1.739|2.359|2.129|2026-04-01
12722|1.94|1.72|2.253|2.033|2026-04-01
12728|1.786|1.786|2.146|2.146|2026-04-01
12729|1.75|1.75|2.11|2.11|2026-04-01
12734|1.939|1.759|2.259|2.079|2026-04-01
12735|1.979|1.779|2.339|2.139|2026-04-01
12737|1.759|1.759|2.049|2.049|2026-04-01
12738|NA|1.729|NA|2.097|2026-04-01
12742|2.048|1.819|2.358|2.129|2026-04-01
12744|NA|1.742|NA|2.048|2026-04-01
12747|1.945|1.725|2.26|2.04|2026-04-01
12748|1.799|1.799|2.149|2.149|2026-04-01
12750|1.957|1.737|2.275|2.055|2026-04-01
12752|NA|1.699|NA|2.067|2026-04-01
12753|1.799|1.799|2.099|2.099|2026-04-01
12754|2.019|1.769|2.379|2.129|2026-04-01
12755|1.959|1.759|2.259|2.059|2026-04-01
12757|1.959|1.739|2.259|2.039|2026-04-01
12761|1.943|1.726|2.273|2.056|2026-04-01
12762|2.29|NA|2.32|NA|2026-04-01
12764|NA|1.702|NA|1.975|2026-04-01
12766|1.957|1.737|2.253|2.033|2026-04-01
12773|1.759|1.759|2.129|2.129|2026-04-01
12795|2.179|1.829|2.519|2.169|2026-04-01
12801|1.942|1.732|2.258|2.048|2026-04-01
12804|1.769|1.739|2.129|2.099|2026-04-01
12808|1.949|1.749|2.289|2.089|2026-04-01
12809|1.939|1.729|2.339|2.129|2026-04-01
12813|1.769|1.769|2.129|2.129|2026-04-01
12819|1.97|1.82|2.349|2.199|2026-04-01
12833|1.786|1.786|2.106|2.106|2026-04-01
12843|1.779|NA|2.149|NA|2026-04-01
12844|1.789|NA|2.069|NA|2026-04-01
12847|1.799|NA|2.099|NA|2026-04-01
12848|1.957|1.737|2.265|2.045|2026-04-01
12854|2.005|1.755|2.339|2.089|2026-04-01
12856|NA|1.759|NA|2.119|2026-04-01
12859|1.741|1.741|2.047|2.047|2026-04-01
12860|1.949|1.749|2.265|2.065|2026-04-01
12862|1.979|1.779|2.299|2.099|2026-04-01
12872|1.937|1.717|2.255|2.035|2026-04-01
12877|1.779|1.779|2.189|2.189|2026-04-01
12887|1.767|1.767|2.097|2.097|2026-04-01
12895|NA|1.727|NA|1.997|2026-04-01
12898|1.749|1.749|2.069|2.069|2026-04-01
12899|1.923|1.699|2.293|2.069|2026-04-01
12901|NA|1.757|NA|2.027|2026-04-01
12906|NA|1.707|NA|2.037|2026-04-01
12910|1.879|1.789|2.145|2.065|2026-04-01
12917|2.079|1.779|2.439|2.139|2026-04-01
12919|1.799|1.799|2.169|2.169|2026-04-01
12922|1.679|1.679|2.029|2.029|2026-04-01
12924|1.779|1.779|2.099|2.099|2026-04-01
12930|1.828|1.729|2.149|2.049|2026-04-01
12931|1.899|1.899|2.159|2.159|2026-04-01
12956|NA|1.749|NA|2.039|2026-04-01
12957|1.799|1.799|2.059|2.059|2026-04-01
12959|1.959|1.739|2.255|2.035|2026-04-01
12969|NA|1.697|NA|2.057|2026-04-01
12970|NA|1.687|NA|2.047|2026-04-01
12972|NA|1.687|NA|2.067|2026-04-01
12979|1.77|1.77|2.15|2.15|2026-04-01
12988|1.957|1.737|2.253|2.033|2026-04-01
12995|1.939|1.789|2.329|2.179|2026-04-01
13006|1.957|1.737|2.253|2.033|2026-04-01
13009|1.94|1.72|2.253|2.033|2026-04-01
13013|1.917|1.697|2.265|2.045|2026-04-01
13016|1.92|1.699|2.24|2.02|2026-04-01
13031|1.949|1.729|2.249|2.029|2026-04-01
13036|1.769|NA|2.119|NA|2026-04-01
13037|1.859|1.732|2.119|2.048|2026-04-01
13038|1.829|1.829|2.199|2.199|2026-04-01
13050|1.849|1.729|2.179|2.059|2026-04-01
13051|1.789|1.789|2.099|2.099|2026-04-01
13061|1.997|1.784|2.367|2.154|2026-04-01
13077|1.759|NA|2.119|NA|2026-04-01
13083|1.749|1.749|2.099|2.099|2026-04-01
13086|NA|1.799|NA|2.099|2026-04-01
13090|NA|1.795|NA|2.099|2026-04-01
13091|1.749|1.749|2.099|2.099|2026-04-01
13092|1.749|1.749|2.169|2.169|2026-04-01
13093|1.759|NA|2.049|NA|2026-04-01
13098|NA|1.755|NA|2.055|2026-04-01
13099|1.779|1.779|2.079|2.079|2026-04-01
13104|1.829|1.729|2.149|2.049|2026-04-01
13106|1.749|1.749|2.089|2.089|2026-04-01
13109|1.979|1.769|2.279|2.069|2026-04-01
13113|1.952|1.737|2.268|2.053|2026-04-01
13114|1.739|1.739|2.089|2.089|2026-04-01
13116|1.769|1.709|2.109|2.049|2026-04-01
13119|1.799|1.799|2.149|2.149|2026-04-01
13130|NA|1.838|NA|2.048|2026-04-01
13133|1.749|1.749|2.059|2.059|2026-04-01
13135|1.942|1.732|2.276|2.066|2026-04-01
13137|NA|1.729|NA|2.059|2026-04-01
13141|1.688|1.688|1.949|1.949|2026-04-01
13142|1.957|1.737|2.26|2.04|2026-04-01
13143|1.739|1.739|2.059|2.059|2026-04-01
13144|1.999|1.799|2.349|2.149|2026-04-01
13149|1.987|1.767|2.345|2.125|2026-04-01
13156|1.942|1.732|2.245|2.035|2026-04-01
13164|1.945|1.725|2.265|2.045|2026-04-01
13169|1.839|NA|2.079|NA|2026-04-01
13170|1.759|1.759|2.139|2.139|2026-04-01
13174|1.957|1.737|2.273|2.053|2026-04-01
13178|2.099|1.799|2.449|2.149|2026-04-01
13181|1.957|1.737|2.255|2.035|2026-04-01
13183|1.799|1.799|2.119|2.119|2026-04-01
13184|1.759|1.759|2.099|2.099|2026-04-01
13185|NA|1.736|NA|2.099|2026-04-01
13186|1.799|1.799|2.199|2.039|2026-04-01
13188|1.739|1.739|2.099|2.099|2026-04-01
13189|1.978|1.779|2.238|2.039|2026-04-01
13190|1.748|1.748|2.098|2.098|2026-04-01
13196|1.957|1.737|2.255|2.035|2026-04-01
13202|2.069|1.819|2.429|2.179|2026-04-01
13214|2.299|1.818|2.599|2.129|2026-04-01
13219|2.049|1.849|2.359|2.159|2026-04-01
13220|1.969|1.769|2.299|2.099|2026-04-01
13222|2.047|1.829|2.387|2.169|2026-04-01
13224|1.899|1.739|2.259|2.099|2026-04-01
13234|1.815|1.815|2.179|2.179|2026-04-01
13236|1.799|1.799|2.159|2.159|2026-04-01
13239|2.069|1.819|2.399|2.149|2026-04-01
13241|1.929|1.729|2.199|1.999|2026-04-01
13242|1.919|1.719|2.239|2.039|2026-04-01
13246|1.845|1.845|2.215|2.215|2026-04-01
13247|1.979|1.779|2.349|2.149|2026-04-01
13255|NA|1.759|NA|2.089|2026-04-01
13257|1.759|NA|2.119|NA|2026-04-01
13259|1.957|1.737|2.235|2.015|2026-04-01
13267|2.019|1.739|2.309|2.029|2026-04-01
13268|1.745|1.745|2.065|2.065|2026-04-01
13274|NA|1.779|NA|2.099|2026-04-01
13280|1.799|1.719|2.169|2.089|2026-04-01
13284|1.709|1.709|2.039|2.039|2026-04-01
13290|1.787|1.787|2.077|2.077|2026-04-01
13294|1.934|1.754|2.324|2.144|2026-04-01
13295|1.998|1.779|2.298|2.079|2026-04-01
13300|1.749|1.749|2.069|2.069|2026-04-01
13314|1.929|1.739|2.289|2.099|2026-04-01
13316|NA|1.728|NA|2.098|2026-04-01
13322|1.797|1.797|2.097|2.097|2026-04-01
13327|1.957|1.737|2.255|2.035|2026-04-01
13332|1.937|1.717|2.253|2.033|2026-04-01
13335|2.149|1.799|2.609|2.259|2026-04-01
13337|1.759|1.759|2.169|2.169|2026-04-01
13344|1.799|1.799|2.149|2.149|2026-04-01
13347|1.829|1.829|2.139|2.139|2026-04-01
13360|1.899|1.899|2.139|2.139|2026-04-01
13361|1.799|1.799|2.139|2.139|2026-04-01
13363|1.809|NA|2.199|NA|2026-04-01
13364|2.047|1.786|2.317|2.056|2026-04-01
13365|1.719|1.719|2.119|2.119|2026-04-01
13368|NA|1.719|NA|2.099|2026-04-01
13374|1.829|1.829|2.099|2.099|2026-04-01
13378|NA|1.798|NA|2.108|2026-04-01
13382|2.129|1.779|2.499|2.149|2026-04-01
13388|1.799|1.799|2.059|2.059|2026-04-01
13392|NA|1.768|NA|2.118|2026-04-01
13393|NA|1.749|NA|2.099|2026-04-01
13397|2.079|1.779|2.379|2.079|2026-04-01
13400|1.959|1.749|2.329|2.119|2026-04-01
13403|NA|1.758|NA|2.108|2026-04-01
13405|1.952|1.742|2.265|2.055|2026-04-01
13410|NA|1.788|NA|2.138|2026-04-01
13411|1.745|NA|2.065|NA|2026-04-01
13417|1.962|1.962|2.268|2.268|2026-04-01
13419|1.939|1.739|2.299|2.099|2026-04-01
13437|NA|1.72|NA|2.129|2026-04-01
13440|1.967|1.747|2.265|2.039|2026-04-01
13445|2.139|1.819|2.379|2.179|2026-04-01
13447|1.937|1.717|2.273|2.053|2026-04-01
13451|1.839|1.839|2.099|2.099|2026-04-01
13454|1.729|1.729|2.089|2.089|2026-04-01
13455|NA|1.759|NA|2.099|2026-04-01
13462|1.949|1.759|2.289|2.099|2026-04-01
13469|1.719|1.719|2.049|2.049|2026-04-01
13470|1.947|1.737|2.263|2.053|2026-04-01
13485|1.829|1.829|2.059|2.059|2026-04-01
13487|1.839|1.719|2.169|2.049|2026-04-01
13493|1.979|1.779|2.339|2.139|2026-04-01
13494|1.809|1.809|2.139|2.139|2026-04-01
13496|1.952|1.732|2.268|2.048|2026-04-01
13504|1.829|NA|2.139|NA|2026-04-01
13508|1.942|1.732|2.258|2.048|2026-04-01
13509|1.859|1.769|2.209|2.119|2026-04-01
13516|1.779|1.779|2.129|2.129|2026-04-01
13517|1.805|1.735|2.139|2.069|2026-04-01
13520|1.919|1.729|2.309|2.119|2026-04-01
13526|1.777|NA|2.198|NA|2026-04-01
13537|1.959|1.749|2.309|2.099|2026-04-01
13539|1.898|1.748|2.298|2.148|2026-04-01
13540|NA|1.732|NA|2.048|2026-04-01
13545|1.719|1.719|1.989|1.989|2026-04-01
13546|1.748|1.748|2.148|2.148|2026-04-01
13558|1.849|1.699|2.179|2.029|2026-04-01
13561|1.969|1.759|2.269|2.059|2026-04-01
13563|1.942|1.732|2.258|2.048|2026-04-01
13565|1.799|NA|2.156|NA|2026-04-01
13575|1.739|NA|2.079|NA|2026-04-01
13580|1.799|1.799|2.139|2.139|2026-04-01
13584|1.719|1.719|2.099|2.099|2026-04-01
13585|1.949|1.739|2.349|2.139|2026-04-01
13590|1.959|1.769|2.259|2.099|2026-04-01
13597|1.829|1.739|2.179|2.089|2026-04-01
13598|1.942|1.732|2.258|2.048|2026-04-01
13601|1.699|1.699|2.039|2.039|2026-04-01
13602|1.717|1.717|2.015|2.015|2026-04-01
13606|1.998|1.798|2.268|2.068|2026-04-01
13607|1.829|1.739|2.169|2.079|2026-04-01
13615|1.749|1.749|2.119|2.119|2026-04-01
13623|1.955|1.735|2.255|2.035|2026-04-01
13625|NA|1.729|NA|1.999|2026-04-01
13635|2.009|1.759|2.309|2.059|2026-04-01
13643|NA|1.737|NA|2.045|2026-04-01
13644|1.905|1.725|2.219|2.039|2026-04-01
13645|1.915|1.715|2.289|2.089|2026-04-01
13646|1.757|1.757|2.097|2.097|2026-04-01
13647|1.937|1.717|2.261|2.041|2026-04-01
13648|1.735|1.735|2.078|2.078|2026-04-01
13655|NA|1.725|NA|2.017|2026-04-01
13658|1.875|1.695|2.245|2.065|2026-04-01
13659|1.819|1.819|2.199|2.199|2026-04-01
13664|1.955|1.735|2.25|2.03|2026-04-01
13667|1.748|1.748|2.098|2.098|2026-04-01
13671|1.934|1.719|2.294|2.069|2026-04-01
13672|1.907|1.727|2.257|2.077|2026-04-01
13674|1.987|1.987|2.226|2.226|2026-04-01
13677|1.719|1.719|2.078|2.078|2026-04-01
13679|1.719|NA|2.039|NA|2026-04-01
13680|NA|1.739|NA|2.065|2026-04-01
13681|NA|1.819|NA|2.159|2026-04-01
13682|NA|1.819|NA|2.119|2026-04-01
13689|NA|1.749|NA|2.099|2026-04-01
13690|1.935|1.715|2.248|2.028|2026-04-01
13692|NA|1.799|NA|2.099|2026-04-01
13702|1.939|1.739|2.299|2.099|2026-04-01
13705|1.799|1.799|2.199|2.199|2026-04-01
13708|1.689|1.689|2.029|2.029|2026-04-01
13709|1.958|1.746|2.308|2.096|2026-04-01
13710|1.945|1.735|2.243|2.033|2026-04-01
13711|NA|1.729|NA|2.058|2026-04-01
13715|1.917|1.697|2.235|2.015|2026-04-01
13718|2.119|2.119|2.359|2.359|2026-04-01
13725|1.749|1.749|2.099|2.099|2026-04-01
13727|1.759|1.759|2.139|2.139|2026-04-01
13728|1.924|1.699|2.224|1.999|2026-04-01
13731|1.989|1.759|2.289|2.059|2026-04-01
13739|NA|1.735|NA|2.085|2026-04-01
13740|2.069|1.819|2.389|2.139|2026-04-01
13753|1.859|1.759|2.199|2.099|2026-04-01
13755|NA|1.759|NA|2.099|2026-04-01
13757|1.957|1.737|2.273|2.053|2026-04-01
13759|NA|1.724|NA|2.064|2026-04-01
13762|1.957|1.737|2.235|2.015|2026-04-01
13768|1.979|1.779|2.349|2.149|2026-04-01
13775|1.967|1.747|2.253|2.033|2026-04-01
13776|1.949|1.749|2.287|2.087|2026-04-01
13786|1.957|1.737|2.253|2.033|2026-04-01
13792|1.942|1.732|2.25|2.04|2026-04-01
13794|1.939|1.719|2.289|2.069|2026-04-01
13795|1.721|1.721|2.019|2.019|2026-04-01
13805|1.949|1.749|2.287|2.087|2026-04-01
13819|1.919|1.729|2.299|2.109|2026-04-01
13822|1.849|NA|2.249|NA|2026-04-01
13823|1.758|1.758|2.098|2.098|2026-04-01
13824|1.825|NA|2.115|NA|2026-04-01
13825|1.94|1.73|2.255|2.045|2026-04-01
13829|2.087|1.824|2.417|2.154|2026-04-01
13830|NA|1.768|NA|2.118|2026-04-01
13833|2.059|1.774|2.369|2.084|2026-04-01
13834|NA|1.965|NA|2.059|2026-04-01
13835|2.017|1.799|2.367|2.149|2026-04-01
13839|NA|1.728|NA|2.098|2026-04-01
13843|1.809|1.809|2.099|2.099|2026-04-01
13850|2.039|1.739|2.419|2.119|2026-04-01
13852|1.942|1.732|2.241|2.031|2026-04-01
13859|1.969|1.759|2.299|2.089|2026-04-01
13861|1.999|1.779|2.349|2.129|2026-04-01
13862|NA|1.738|NA|2.078|2026-04-01
13865|1.769|NA|2.069|NA|2026-04-01
13872|1.759|NA|2.059|NA|2026-04-01
13873|1.974|1.764|2.294|2.084|2026-04-01
13886|1.909|1.689|2.229|2.009|2026-04-01
13892|NA|1.729|2.049|2.049|2026-04-01
13894|1.899|1.899|2.129|2.129|2026-04-01
13897|1.899|1.899|2.099|2.099|2026-04-01
13898|1.957|1.737|2.255|2.035|2026-04-01
13901|1.937|1.712|2.253|2.028|2026-04-01
13911|NA|1.749|NA|2.129|2026-04-01
13915|1.749|NA|2.119|NA|2026-04-01
13918|1.987|1.767|2.345|2.125|2026-04-01
13922|NA|1.737|NA|2.056|2026-04-01
13926|1.922|1.712|2.255|2.045|2026-04-01
13929|NA|1.717|NA|2.035|2026-04-01
13932|1.949|1.739|2.279|2.069|2026-04-01
13939|1.949|1.749|2.289|2.089|2026-04-01
13940|1.78|NA|2.1|NA|2026-04-01
13942|1.769|1.769|2.169|2.169|2026-04-01
13945|1.729|1.729|2.119|2.119|2026-04-01
13948|1.749|1.749|2.149|2.149|2026-04-01
13950|NA|1.779|NA|2.149|2026-04-01
13954|2.109|1.779|2.449|2.099|2026-04-01
13955|1.699|1.699|2.069|2.069|2026-04-01
13961|2.033|1.779|2.343|2.089|2026-04-01
13964|1.749|1.749|2.099|2.099|2026-04-01
13966|1.979|1.739|2.319|2.079|2026-04-01
13967|1.736|1.736|2.056|2.056|2026-04-01
13970|1.699|1.699|2.129|2.129|2026-04-01
13972|1.945|1.725|2.253|2.033|2026-04-01
13976|1.759|1.759|2.079|2.079|2026-04-01
13978|2.129|1.779|2.449|2.099|2026-04-01
13980|1.955|1.755|2.299|2.099|2026-04-01
13987|1.749|1.749|2.129|2.129|2026-04-01
13988|1.799|1.799|2.069|2.069|2026-04-01
13989|1.694|1.694|2.089|2.089|2026-04-01
13991|2.129|1.779|2.379|2.129|2026-04-01
13993|1.749|1.749|NA|NA|2026-04-01
13995|1.749|1.749|2.159|2.159|2026-04-01
14010|1.799|1.799|2.049|2.049|2026-04-01
14016|1.857|1.689|2.278|2.028|2026-04-01
14020|NA|1.765|NA|2.145|2026-04-01
14021|NA|1.789|NA|2.099|2026-04-01
14027|1.759|1.759|2.099|2.099|2026-04-01
14030|2.119|1.819|2.399|2.099|2026-04-01
14032|2.039|1.789|2.359|2.109|2026-04-01
14034|1.739|1.739|2.059|2.059|2026-04-01
14035|1.759|1.759|2.069|2.069|2026-04-01
14037|1.759|1.759|2.059|2.059|2026-04-01
14045|1.839|1.759|2.119|2.039|2026-04-01
14049|1.944|1.734|2.26|2.05|2026-04-01
14065|1.879|1.729|2.099|2.079|2026-04-01
14067|2.079|1.779|2.449|2.149|2026-04-01
14071|1.942|1.732|2.25|2.04|2026-04-01
14075|1.769|NA|1.988|NA|2026-04-01
14077|1.759|1.759|2.089|2.089|2026-04-01
14080|1.957|1.737|2.27|2.05|2026-04-01
14089|NA|1.769|NA|2.099|2026-04-01
14091|1.769|1.769|2.099|2.099|2026-04-01
14095|1.789|1.789|2.149|2.149|2026-04-01
14096|1.969|1.769|2.299|2.099|2026-04-01
14099|1.979|1.779|2.259|2.059|2026-04-01
14100|1.779|NA|2.089|NA|2026-04-01
14102|1.879|1.879|2.129|2.129|2026-04-01
14114|2.003|1.739|2.373|2.109|2026-04-01
14124|1.759|1.759|2.079|2.079|2026-04-01
14129|1.974|1.759|2.314|2.099|2026-04-01
14136|1.789|NA|2.099|NA|2026-04-01
14148|1.819|NA|2.129|NA|2026-04-01
14151|1.942|1.732|2.25|2.04|2026-04-01
14156|1.957|1.737|2.255|2.035|2026-04-01
14165|NA|1.719|NA|2.049|2026-04-01
14169|NA|1.729|NA|2.099|2026-04-01
14174|1.779|1.779|2.159|2.159|2026-04-01
14176|1.899|1.749|2.299|2.149|2026-04-01
14179|2.033|1.816|2.403|2.186|2026-04-01
14183|1.903|1.753|2.249|2.099|2026-04-01
14185|1.933|1.699|2.333|2.099|2026-04-01
14190|1.999|1.799|2.349|2.149|2026-04-01
14191|1.729|NA|2.089|NA|2026-04-01
14194|1.855|1.775|2.195|2.115|2026-04-01
14210|1.967|1.747|2.273|2.053|2026-04-01
14220|1.929|1.729|2.259|2.059|2026-04-01
14224|1.697|1.697|1.917|1.917|2026-04-01
14227|1.733|1.733|2.049|2.049|2026-04-01
14229|1.759|1.759|1.999|1.999|2026-04-01
14235|2.079|1.779|2.359|2.059|2026-04-01
14237|2.015|1.775|2.355|2.115|2026-04-01
14240|1.699|1.699|2.079|2.079|2026-04-01
14243|2.153|1.899|2.423|2.169|2026-04-01
14252|1.952|1.732|2.248|2.028|2026-04-01
14254|1.997|1.786|2.367|2.156|2026-04-01
14262|1.749|NA|2.029|NA|2026-04-01
14264|1.899|1.899|2.129|2.129|2026-04-01
14269|NA|1.739|NA|2.049|2026-04-01
14271|1.799|1.799|2.199|2.199|2026-04-01
14273|1.749|1.749|2.039|2.039|2026-04-01
14281|NA|1.739|NA|2.039|2026-04-01
14286|1.859|1.759|2.219|2.119|2026-04-01
14287|1.998|1.789|2.378|2.169|2026-04-01
14289|1.697|1.697|1.997|1.997|2026-04-01
14298|1.759|NA|2.099|NA|2026-04-01
14304|1.709|1.709|2.039|2.039|2026-04-01
14310|1.957|1.737|2.255|2.035|2026-04-01
14313|1.759|1.759|2.109|2.109|2026-04-01
14315|1.769|1.769|2.089|2.089|2026-04-01
14317|NA|1.759|NA|2.099|2026-04-01
14318|1.957|1.737|2.273|2.053|2026-04-01
14321|NA|1.699|NA|2.059|2026-04-01
14323|1.569|1.569|1.679|1.679|2026-04-01
14328|1.689|1.689|1.999|1.999|2026-04-01
14332|1.957|1.737|2.273|2.053|2026-04-01
14338|1.927|1.717|2.245|2.035|2026-04-01
14339|2.107|1.726|2.307|2.096|2026-04-01
14343|1.959|1.749|2.269|2.059|2026-04-01
14347|1.942|1.732|2.241|2.031|2026-04-01
14351|1.719|1.639|2.009|1.929|2026-04-01
14358|1.957|1.737|2.253|2.033|2026-04-01
14359|1.949|1.725|2.279|2.059|2026-04-01
14362|1.749|NA|2.169|NA|2026-04-01
14372|NA|1.749|NA|2.069|2026-04-01
14376|1.779|NA|2.099|NA|2026-04-01
14382|1.709|NA|2.069|NA|2026-04-01
14384|NA|1.739|NA|2.059|2026-04-01
14387|NA|1.799|NA|2.099|2026-04-01
14390|1.957|1.737|2.273|2.053|2026-04-01
14398|NA|1.749|NA|2.069|2026-04-01
14399|NA|1.764|NA|2.112|2026-04-01
14404|NA|1.779|NA|2.129|2026-04-01
14408|NA|1.719|NA|2.059|2026-04-01
14415|1.937|1.717|2.253|2.033|2026-04-01
14426|1.779|NA|2.049|NA|2026-04-01
14428|1.945|1.735|2.265|2.055|2026-04-01
14429|NA|1.739|NA|2.039|2026-04-01
14431|NA|1.794|NA|2.124|2026-04-01
14436|1.699|1.699|1.997|1.997|2026-04-01
14438|NA|1.739|NA|2.069|2026-04-01
14440|1.749|NA|2.039|NA|2026-04-01
14442|NA|1.759|NA|2.089|2026-04-01
14446|NA|1.749|NA|2.069|2026-04-01
14449|NA|1.759|NA|2.099|2026-04-01
14451|NA|1.749|NA|2.089|2026-04-01
14458|NA|1.759|NA|2.099|2026-04-01
14460|1.935|1.71|2.235|2.01|2026-04-01
14461|NA|1.789|NA|2.099|2026-04-01
14463|NA|1.699|NA|2.085|2026-04-01
14464|1.907|1.667|2.277|2.047|2026-04-01
14465|1.952|1.732|2.268|2.048|2026-04-01
14466|1.946|1.736|2.246|2.036|2026-04-01
14467|NA|1.659|NA|2.029|2026-04-01
14471|NA|1.769|NA|2.129|2026-04-01
14472|NA|1.799|NA|2.099|2026-04-01
14477|1.839|1.839|2.179|2.179|2026-04-01
14481|NA|1.739|NA|2.079|2026-04-01
14485|1.739|1.739|2.079|2.079|2026-04-01
14486|1.879|1.739|2.219|2.079|2026-04-01
14492|1.957|1.746|2.287|2.076|2026-04-01
14504|2.048|1.838|2.388|2.178|2026-04-01
14505|NA|1.779|NA|2.089|2026-04-01
14509|NA|1.749|NA|2.069|2026-04-01
14510|1.942|1.732|2.258|2.048|2026-04-01
14511|1.799|1.799|2.049|2.049|2026-04-01
14512|1.979|1.779|2.349|2.149|2026-04-01
14517|1.899|1.699|2.249|2.049|2026-04-01
14519|1.749|1.749|2.065|2.065|2026-04-01
14539|1.999|1.799|2.349|2.149|2026-04-01
14543|1.785|1.785|2.085|2.085|2026-04-01
14547|1.922|1.772|2.264|2.114|2026-04-01
14549|1.879|1.729|2.249|2.099|2026-04-01
14551|1.889|1.739|2.249|2.099|2026-04-01
14553|1.799|NA|2.139|NA|2026-04-01
14554|1.734|1.734|2.099|2.099|2026-04-01
14556|1.729|1.729|2.039|2.039|2026-04-01
14559|1.729|1.729|1.999|1.999|2026-04-01
14566|NA|1.749|NA|2.049|2026-04-01
14572|1.868|1.738|2.158|2.028|2026-04-01
14573|1.735|1.735|2.065|2.065|2026-04-01
14586|1.73|NA|2.07|NA|2026-04-01
14596|NA|1.8|NA|2.15|2026-04-01
14598|NA|1.732|NA|2.048|2026-04-01
14600|1.95|1.73|2.24|2.02|2026-04-01
14603|1.776|1.738|2.056|2.018|2026-04-01
14608|1.957|1.737|2.255|2.035|2026-04-01
14610|1.839|1.839|2.149|2.149|2026-04-01
14618|NA|1.798|2.178|2.078|2026-04-01
14625|1.819|NA|2.199|NA|2026-04-01
14629|1.859|1.759|2.189|2.089|2026-04-01
14630|1.945|1.725|2.255|2.035|2026-04-01
14631|1.909|1.789|2.279|2.159|2026-04-01
14634|2.069|1.819|2.349|2.099|2026-04-01
14636|1.95|1.73|2.255|2.035|2026-04-01
14638|1.769|NA|2.029|NA|2026-04-01
14639|NA|1.799|NA|2.099|2026-04-01
14643|NA|1.759|NA|2.109|2026-04-01
14647|2.109|1.799|2.409|2.099|2026-04-01
14651|2.109|1.799|2.409|2.099|2026-04-01
14653|1.935|1.715|2.245|2.025|2026-04-01
14654|2.019|1.769|2.349|2.099|2026-04-01
14663|1.937|1.737|2.237|2.037|2026-04-01
14664|1.699|1.699|2.059|2.059|2026-04-01
14667|1.699|1.699|2.059|2.059|2026-04-01
14668|1.85|NA|2.05|NA|2026-04-01
14673|1.798|NA|2.058|NA|2026-04-01
14688|1.945|1.725|2.265|2.045|2026-04-01
14693|1.922|1.712|2.238|2.028|2026-04-01
14694|1.969|1.759|2.289|2.079|2026-04-01
14708|NA|1.789|NA|2.039|2026-04-01
14709|1.949|1.749|2.289|2.089|2026-04-01
14714|1.949|1.749|2.279|2.079|2026-04-01
14717|1.957|1.737|2.255|2.035|2026-04-01
14718|NA|1.719|NA|2.019|2026-04-01
14738|1.942|1.732|2.258|2.048|2026-04-01
14744|1.829|1.829|2.163|2.163|2026-04-01
14746|1.959|1.749|2.279|2.069|2026-04-01
14752|2.009|1.809|2.299|2.099|2026-04-01
14757|NA|1.799|NA|2.099|2026-04-01
14766|1.777|1.777|2.097|2.097|2026-04-01
14768|1.973|1.766|2.283|2.076|2026-04-01
14769|NA|1.729|NA|1.849|2026-04-01
14770|1.719|1.719|2.019|2.019|2026-04-01
14772|1.947|1.737|2.269|2.049|2026-04-01
14773|1.789|1.789|2.129|2.129|2026-04-01
14776|1.779|1.779|2.159|2.159|2026-04-01
14784|NA|1.799|NA|2.059|2026-04-01
14785|NA|1.759|NA|2.159|2026-04-01
14798|1.789|1.789|2.149|2.149|2026-04-01
14803|1.755|1.755|2.075|2.075|2026-04-01
14805|1.759|1.759|2.049|2.049|2026-04-01
14806|1.759|1.759|2.099|2.099|2026-04-01
14810|2.019|1.819|2.349|2.149|2026-04-01
14816|1.809|1.809|2.179|2.179|2026-04-01
14825|1.719|1.719|2.089|2.089|2026-04-01
14826|1.939|1.739|2.299|2.099|2026-04-01
14829|1.925|1.715|2.238|2.028|2026-04-01
14833|1.745|1.745|2.065|2.065|2026-04-01
14841|2.029|1.779|2.349|2.099|2026-04-01
14843|1.959|1.739|2.319|2.099|2026-04-01
14844|2.119|1.799|2.419|2.099|2026-04-01
14852|1.957|1.737|2.253|2.033|2026-04-01
14854|1.969|1.779|2.339|2.149|2026-04-01
14859|1.758|1.758|2.068|2.068|2026-04-01
14868|1.799|NA|2.059|NA|2026-04-01
14878|1.917|1.699|2.247|2.029|2026-04-01
14880|1.957|1.737|2.255|2.035|2026-04-01
14881|1.857|NA|2.149|NA|2026-04-01
14884|1.759|1.759|2.119|2.119|2026-04-01
14887|1.769|1.769|2.039|2.039|2026-04-01
14888|1.957|1.732|2.253|2.028|2026-04-01
14896|2.049|1.799|2.389|2.139|2026-04-01
14900|2.079|1.779|2.449|2.149|2026-04-01
14902|2.024|1.824|2.299|2.099|2026-04-01
14904|1.949|1.769|2.269|2.119|2026-04-01
14913|1.949|1.749|2.169|2.069|2026-04-01
14914|1.949|1.739|2.239|2.029|2026-04-01
14923|1.907|1.687|2.219|1.999|2026-04-01
14932|2.109|1.799|2.409|2.099|2026-04-01
14936|NA|1.799|NA|2.099|2026-04-01
14942|1.839|1.739|2.219|2.119|2026-04-01
14944|1.955|1.735|2.26|2.04|2026-04-01
14950|1.875|1.695|2.245|2.065|2026-04-01
14954|1.729|NA|2.049|NA|2026-04-01
14958|NA|1.729|NA|2.059|2026-04-01
14959|1.957|1.737|2.291|2.071|2026-04-01
14976|NA|1.699|NA|2.039|2026-04-01
14979|1.999|1.779|2.329|2.079|2026-04-01
14981|1.917|1.697|2.265|2.045|2026-04-01
14984|1.749|1.749|2.029|2.029|2026-04-01
14985|1.764|1.749|2.129|2.119|2026-04-01
14990|NA|1.749|NA|2.089|2026-04-01
14991|1.939|1.749|2.309|2.119|2026-04-01
15001|1.942|1.732|2.258|2.048|2026-04-01
15007|1.799|1.799|2.069|2.069|2026-04-01
15008|1.839|1.839|2.069|2.069|2026-04-01
15009|1.779|NA|2.069|NA|2026-04-01
15014|2.159|1.809|2.509|2.159|2026-04-01
15016|1.899|1.699|2.249|2.049|2026-04-01
15018|1.925|1.705|2.255|2.035|2026-04-01
15022|2.149|1.799|2.509|2.159|2026-04-01
15023|NA|1.719|NA|2.059|2026-04-01
15025|NA|1.749|NA|2.099|2026-04-01
15028|1.957|1.737|2.26|2.039|2026-04-01
15031|NA|1.698|NA|2.034|2026-04-01
15032|1.935|1.725|2.238|2.028|2026-04-01
15034|1.703|1.699|2.025|2.025|2026-04-01
15039|1.729|1.729|2.089|2.089|2026-04-01
15040|1.979|1.729|2.389|2.139|2026-04-01
15050|1.729|NA|2.059|NA|2026-04-01
15051|NA|1.689|NA|2.059|2026-04-01
15071|2.029|1.779|2.349|2.099|2026-04-01
15076|1.768|1.768|2.148|2.148|2026-04-01
15079|1.759|1.759|2.079|2.079|2026-04-01
15091|NA|1.697|NA|2.013|2026-04-01
15093|1.719|1.719|2.089|2.089|2026-04-01
15095|2.009|1.809|2.339|2.139|2026-04-01
15096|1.999|1.789|2.279|2.069|2026-04-01
15098|1.799|NA|2.219|NA|2026-04-01
15100|NA|1.698|NA|2.029|2026-04-01
15101|NA|1.698|NA|2.034|2026-04-01
15103|1.859|1.779|2.239|2.159|2026-04-01
15106|1.739|NA|2.059|NA|2026-04-01
15110|1.815|1.815|2.068|2.068|2026-04-01
15115|1.999|1.799|2.359|2.159|2026-04-01
15131|NA|1.735|NA|2.115|2026-04-01
15144|1.859|1.759|2.189|2.089|2026-04-01
15147|1.799|1.799|2.159|2.159|2026-04-01
15151|1.93|1.72|2.225|2.015|2026-04-01
15154|1.919|1.709|2.209|1.999|2026-04-01
15160|1.999|1.799|2.349|2.149|2026-04-01
15161|1.899|1.749|2.159|2.129|2026-04-01
15163|1.859|1.859|2.199|2.199|2026-04-01
15165|1.949|1.759|2.319|2.129|2026-04-01
15168|NA|1.729|NA|2.089|2026-04-01
15175|1.798|NA|2.118|NA|2026-04-01
15179|1.953|1.706|2.333|2.086|2026-04-01
15182|1.759|1.759|2.079|2.079|2026-04-01
15183|1.94|1.72|2.26|2.04|2026-04-01
15189|1.799|1.799|2.176|2.176|2026-04-01
15196|1.754|1.754|2.084|2.084|2026-04-01
15204|1.967|1.747|2.273|2.053|2026-04-01
15208|1.799|1.799|2.149|2.149|2026-04-01
15210|1.919|1.749|2.129|2.129|2026-04-01
15211|1.957|1.737|2.273|2.053|2026-04-01
15212|2.069|1.819|2.399|2.119|2026-04-01
15214|NA|1.775|NA|2.099|2026-04-01
15217|NA|1.749|NA|2.099|2026-04-01
15218|2.049|1.799|2.439|2.189|2026-04-01
15220|1.769|1.769|2.139|2.139|2026-04-01
15239|1.809|1.809|2.219|2.219|2026-04-01
15241|1.799|1.799|2.129|2.129|2026-04-01
15244|1.967|1.747|2.273|2.053|2026-04-01
15246|1.957|1.732|2.27|2.045|2026-04-01
15255|1.999|1.789|2.309|2.099|2026-04-01
15263|1.759|1.759|2.099|2.099|2026-04-01
15270|1.859|NA|2.039|NA|2026-04-01
15276|2.035|1.749|2.325|2.039|2026-04-01
15279|1.745|1.745|2.068|2.068|2026-04-01
15288|2.079|1.829|2.389|2.139|2026-04-01
15291|NA|1.859|NA|2.189|2026-04-01
15301|1.91|1.74|2.24|2.07|2026-04-01
15305|1.829|1.829|2.169|2.169|2026-04-01
15315|2.289|2.289|2.399|2.399|2026-04-01
15319|1.769|NA|1.989|NA|2026-04-01
15323|1.859|1.859|2.079|2.079|2026-04-01
15324|1.967|1.712|2.26|2.035|2026-04-01
15325|1.749|1.749|2.099|2.099|2026-04-01
15331|NA|1.732|NA|2.035|2026-04-01
15335|1.739|1.739|2.139|2.139|2026-04-01
15344|NA|1.715|NA|2.015|2026-04-01
15350|1.763|1.763|2.119|2.119|2026-04-01
15353|1.779|1.779|2.099|2.099|2026-04-01
15360|NA|1.689|NA|1.649|2026-04-01
15364|1.779|1.779|2.099|2.099|2026-04-01
15366|1.779|1.779|2.069|2.069|2026-04-01
15373|NA|1.732|NA|2.048|2026-04-01
15376|1.942|1.732|2.258|2.048|2026-04-01
15378|1.779|NA|2.159|NA|2026-04-01
15380|1.959|1.759|2.309|2.109|2026-04-01
15383|1.959|1.779|2.279|2.099|2026-04-01
15388|1.989|1.769|2.259|2.039|2026-04-01
15394|1.959|1.759|2.339|2.139|2026-04-01
15401|1.769|1.769|2.099|2.099|2026-04-01
15409|1.989|1.759|2.309|2.079|2026-04-01
15410|1.979|1.769|2.309|2.099|2026-04-01
15418|2.129|1.779|2.499|2.149|2026-04-01
15423|2.039|1.739|2.399|2.099|2026-04-01
15430|1.7|1.7|1.999|1.999|2026-04-01
15431|1.824|NA|2.119|NA|2026-04-01
15432|1.819|1.819|2.149|2.149|2026-04-01
15436|1.78|1.78|NA|NA|2026-04-01
15439|2.129|1.879|2.399|2.149|2026-04-01
15442|NA|1.749|NA|2.039|2026-04-01
15444|2.039|1.829|2.349|2.139|2026-04-01
15450|1.968|1.749|2.258|2.039|2026-04-01
15451|1.989|1.779|2.279|2.069|2026-04-01
15457|1.929|1.739|2.329|2.139|2026-04-01
15460|NA|1.732|NA|2.035|2026-04-01
15470|1.719|1.719|2.039|2.039|2026-04-01
15474|1.94|1.72|2.26|2.04|2026-04-01
15477|1.999|NA|2.199|NA|2026-04-01
15482|NA|1.669|NA|2.029|2026-04-01
15491|1.942|1.732|2.25|2.04|2026-04-01
15493|1.739|1.739|2.089|2.089|2026-04-01
15500|1.959|1.759|2.289|2.089|2026-04-01
15502|1.949|NA|2.329|NA|2026-04-01
15503|1.749|1.749|2.099|2.099|2026-04-01
15507|1.749|NA|2.099|NA|2026-04-01
15510|1.719|1.719|2.099|2.099|2026-04-01
15514|NA|1.899|NA|2.179|2026-04-01
15516|NA|1.799|NA|2.099|2026-04-01
15517|1.699|NA|1.979|NA|2026-04-01
15520|1.789|1.789|2.149|2.149|2026-04-01
15523|NA|1.759|NA|2.059|2026-04-01
15533|1.728|1.728|2.098|2.098|2026-04-01
15536|1.839|1.739|2.229|2.129|2026-04-01
15555|1.942|1.732|2.245|2.035|2026-04-01
15559|NA|1.789|NA|2.059|2026-04-01
15567|2.029|1.779|2.379|2.129|2026-04-01
15568|2.129|1.779|2.469|2.119|2026-04-01
15582|1.937|1.717|2.26|2.04|2026-04-01
15583|NA|1.799|NA|2.059|2026-04-01
15587|1.957|1.737|2.273|2.053|2026-04-01
15588|1.779|1.779|2.159|2.159|2026-04-01
15590|1.905|1.695|2.258|2.048|2026-04-01
15595|1.967|1.742|2.27|2.045|2026-04-01
15599|NA|1.759|NA|2.019|2026-04-01
15601|1.736|NA|2.048|NA|2026-04-01
15609|1.759|1.759|2.139|2.139|2026-04-01
15617|1.859|1.759|2.249|2.149|2026-04-01
15618|1.719|1.719|2.029|2.029|2026-04-01
15622|1.964|1.68|2.283|1.999|2026-04-01
15623|2.029|1.779|2.399|2.149|2026-04-01
15624|1.955|1.745|2.238|2.028|2026-04-01
15625|1.809|1.739|2.149|2.079|2026-04-01
15629|1.849|1.759|2.149|2.059|2026-04-01
15633|2.049|1.799|2.419|2.169|2026-04-01
15637|1.759|1.759|2.099|2.099|2026-04-01
15638|1.799|NA|2.099|NA|2026-04-01
15642|1.99|1.77|2.31|2.09|2026-04-01
15643|1.778|1.778|2.098|2.098|2026-04-01
15650|NA|1.732|NA|2.028|2026-04-01
15655|1.799|NA|2.159|NA|2026-04-01
15664|1.819|1.729|2.179|2.089|2026-04-01
15666|2.079|1.779|2.409|2.109|2026-04-01
15667|2.059|1.759|2.389|2.089|2026-04-01
15669|1.73|1.73|2.05|2.05|2026-04-01
15670|NA|1.769|NA|2.109|2026-04-01
15674|1.859|1.759|2.149|2.049|2026-04-01
15676|1.979|1.729|2.309|2.059|2026-04-01
15679|NA|1.71|NA|2.039|2026-04-01
15690|1.839|NA|2.149|NA|2026-04-01
15691|1.779|1.779|2.119|2.119|2026-04-01
15695|1.942|1.732|2.258|2.048|2026-04-01
15701|1.929|1.729|2.249|2.049|2026-04-01
15702|1.879|1.729|2.119|2.119|2026-04-01
15705|1.937|1.717|2.253|2.033|2026-04-01
15706|1.679|1.679|2.079|2.079|2026-04-01
15708|2.119|1.769|2.439|2.089|2026-04-01
15709|1.798|1.798|2.088|2.088|2026-04-01
15711|1.899|1.699|2.249|2.049|2026-04-01
15713|1.799|NA|2.156|NA|2026-04-01
15714|NA|1.749|NA|2.109|2026-04-01
15720|2.109|1.799|2.309|1.999|2026-04-01
15723|1.799|1.799|2.099|2.099|2026-04-01
15729|1.777|1.757|2.097|2.097|2026-04-01
15732|1.957|1.737|2.273|2.053|2026-04-01
15737|1.929|1.729|2.359|2.159|2026-04-01
15738|1.756|NA|2.156|NA|2026-04-01
15742|1.749|1.749|2.05|2.05|2026-04-01
15743|1.819|NA|2.119|NA|2026-04-01
15744|1.809|1.809|2.109|2.109|2026-04-01
15749|1.869|1.719|2.149|1.999|2026-04-01
15756|NA|1.898|NA|2.048|2026-04-01
15759|1.739|1.739|2.079|2.079|2026-04-01
15761|NA|1.779|NA|2.209|2026-04-01
15767|1.899|1.699|2.199|1.999|2026-04-01
15768|1.937|1.717|2.255|2.035|2026-04-01
15777|1.799|1.799|2.089|2.089|2026-04-01
15789|1.939|1.779|2.259|2.099|2026-04-01
15790|1.849|1.849|2.149|2.149|2026-04-01
15800|1.937|1.717|2.255|2.035|2026-04-01
15806|NA|1.799|NA|2.099|2026-04-01
15809|1.969|1.719|2.329|2.079|2026-04-01
15813|1.709|1.709|2.129|2.129|2026-04-01
15815|1.917|1.747|2.247|2.087|2026-04-01
15816|2.049|1.799|2.399|2.149|2026-04-01
15818|1.749|1.749|2.149|2.149|2026-04-01
15821|2.109|1.809|2.439|2.139|2026-04-01
15823|1.729|1.729|2.069|2.069|2026-04-01
15828|NA|1.719|NA|2.089|2026-04-01
15829|1.769|1.769|2.009|2.009|2026-04-01
15832|NA|1.799|NA|2.139|2026-04-01
15835|1.719|NA|1.989|NA|2026-04-01
15842|1.799|1.799|2.139|2.139|2026-04-01
15849|1.749|1.749|2.069|2.069|2026-04-01
15855|1.915|1.705|2.255|2.045|2026-04-01
15856|1.759|1.759|2.169|2.169|2026-04-01
15861|1.92|1.71|2.135|2.025|2026-04-01
15862|1.749|1.749|2.059|2.059|2026-04-01
15864|1.809|1.809|2.149|2.149|2026-04-01
15871|1.837|1.742|2.177|2.097|2026-04-01
15872|NA|1.809|NA|2.169|2026-04-01
15873|1.979|1.779|2.369|2.169|2026-04-01
15874|NA|1.759|NA|2.069|2026-04-01
15888|1.819|1.819|2.159|2.159|2026-04-01
15890|2.049|1.799|2.389|2.139|2026-04-01
15891|1.849|1.849|2.239|2.239|2026-04-01
15894|1.748|1.748|2.068|2.068|2026-04-01
15900|2.029|1.779|2.399|2.149|2026-04-01
15902|1.859|1.759|2.169|2.069|2026-04-01
15908|2.049|1.799|2.429|2.179|2026-04-01
15910|1.929|1.739|2.289|2.099|2026-04-01
15911|1.749|1.749|2.099|2.099|2026-04-01
15921|1.989|1.759|2.319|2.089|2026-04-01
15922|1.829|1.829|2.169|2.169|2026-04-01
15923|1.749|1.749|2.149|2.149|2026-04-01
15925|1.923|1.696|2.283|2.056|2026-04-01
15927|1.749|1.749|2.099|2.099|2026-04-01
15934|1.929|1.739|2.299|2.109|2026-04-01
15936|1.925|1.745|2.275|2.095|2026-04-01
15949|1.749|1.749|2.089|2.089|2026-04-01
15960|1.738|1.738|2.058|2.058|2026-04-01
15964|1.939|1.739|2.299|2.099|2026-04-01
15965|NA|1.779|NA|2.139|2026-04-01
15970|1.745|1.745|2.065|2.065|2026-04-01
15973|1.769|1.679|2.079|1.989|2026-04-01
15976|1.949|1.749|2.309|2.109|2026-04-01
15981|1.999|1.749|2.369|2.119|2026-04-01
16014|NA|1.779|NA|2.139|2026-04-01
16018|NA|1.737|NA|2.04|2026-04-01
16019|1.854|1.854|2.189|2.189|2026-04-01
16028|1.779|1.699|2.109|2.029|2026-04-01
16039|1.789|1.789|2.099|2.099|2026-04-01
16048|1.799|1.799|2.129|2.129|2026-04-01
16073|NA|1.928|NA|2.199|2026-04-01
16074|1.942|1.732|2.255|2.045|2026-04-01
16077|1.739|1.739|2.099|2.099|2026-04-01
16081|1.819|1.819|2.079|2.079|2026-04-01
16082|1.759|1.759|2.079|2.079|2026-04-01
16085|NA|1.759|NA|2.099|2026-04-01
16098|1.959|1.759|2.349|2.149|2026-04-01
16110|2.017|1.806|2.397|2.186|2026-04-01
16112|1.764|1.764|2.114|2.114|2026-04-01
16116|NA|1.796|NA|2.166|2026-04-01
16118|1.769|1.769|2.099|2.099|2026-04-01
16126|1.789|1.789|2.099|2.099|2026-04-01
16131|1.799|1.799|2.099|2.099|2026-04-01
16132|1.759|1.759|2.099|2.099|2026-04-01
16149|1.939|1.739|2.299|2.099|2026-04-01
16152|1.779|1.779|2.129|2.129|2026-04-01
16158|1.74|1.74|2.05|2.05|2026-04-01
16160|1.749|1.749|2.149|2.149|2026-04-01
16166|1.759|1.759|2.099|2.099|2026-04-01
16173|1.709|1.709|2.079|1.999|2026-04-01
16174|1.799|1.799|2.099|2.099|2026-04-01
16189|1.979|1.779|2.349|2.149|2026-04-01
16191|1.759|1.759|2.059|2.059|2026-04-01
16195|1.739|1.739|2.079|2.079|2026-04-01
16199|1.959|1.759|2.259|2.059|2026-04-01
16200|NA|1.739|NA|2.039|2026-04-01
16204|2.024|1.774|2.364|2.114|2026-04-01
16205|1.699|1.699|1.999|1.999|2026-04-01
16206|1.819|NA|2.129|NA|2026-04-01
16221|2.023|1.799|2.323|2.099|2026-04-01
16222|2.079|1.779|2.379|2.079|2026-04-01
16227|2.074|1.719|1.954|1.609|2026-04-01
16232|1.874|1.744|2.149|2.049|2026-04-01
16235|1.958|NA|2.282|NA|2026-04-01
16236|NA|1.789|NA|2.089|2026-04-01
16240|2.649|1.749|2.649|2.069|2026-04-01
16241|1.829|1.829|2.139|2.139|2026-04-01
16242|1.758|1.758|2.098|2.098|2026-04-01
16244|2.099|1.799|2.399|2.099|2026-04-01
16245|1.67|1.67|2.025|2.025|2026-04-01
16252|1.755|1.755|2.093|2.093|2026-04-01
16262|1.799|NA|2.126|NA|2026-04-01
16264|1.879|1.729|2.219|2.069|2026-04-01
16266|NA|1.799|NA|2.099|2026-04-01
16267|1.94|1.72|2.26|2.04|2026-04-01
16269|1.969|1.759|2.249|2.039|2026-04-01
16277|1.949|1.739|2.265|2.055|2026-04-01
16280|1.999|1.799|2.289|2.089|2026-04-01
16281|1.935|1.715|2.265|2.045|2026-04-01
16282|1.919|1.719|2.279|2.079|2026-04-01
16284|1.949|1.739|2.359|2.149|2026-04-01
16288|1.799|1.799|2.059|2.059|2026-04-01
16293|1.949|1.739|2.329|2.119|2026-04-01
16294|1.95|1.73|2.26|2.04|2026-04-01
16297|1.749|1.749|2.109|2.109|2026-04-01
16298|1.989|1.789|2.339|2.139|2026-04-01
16299|1.779|1.779|2.069|2.069|2026-04-01
16303|2.099|1.799|2.389|2.089|2026-04-01
16310|1.942|1.732|2.245|2.035|2026-04-01
16328|1.819|1.819|2.099|2.099|2026-04-01
16331|1.942|1.732|2.258|2.048|2026-04-01
16332|1.939|1.739|2.299|2.099|2026-04-01
16333|1.779|1.779|2.149|2.149|2026-04-01
16341|1.915|1.715|2.299|2.099|2026-04-01
16343|2.129|1.779|2.449|2.099|2026-04-01
16344|1.942|1.732|2.245|2.035|2026-04-01
16345|1.759|1.759|2.159|2.159|2026-04-01
16361|1.909|1.709|2.369|2.169|2026-04-01
16371|2.029|1.749|2.359|2.059|2026-04-01
16372|1.979|1.769|2.299|2.089|2026-04-01
16380|1.929|1.719|2.289|2.079|2026-04-01
16387|1.937|1.717|2.26|2.04|2026-04-01
16399|1.967|1.747|2.273|2.053|2026-04-01
16401|1.727|1.727|2.097|2.097|2026-04-01
16409|1.945|1.725|2.273|2.053|2026-04-01
16414|NA|1.799|NA|2.059|2026-04-01
16416|1.942|1.732|2.258|2.048|2026-04-01
16418|1.973|1.756|2.313|2.096|2026-04-01
16426|1.799|1.799|2.159|2.159|2026-04-01
16428|1.779|1.779|2.039|2.039|2026-04-01
16432|1.989|1.739|2.319|2.069|2026-04-01
16439|1.952|1.742|2.265|2.045|2026-04-01
16443|2.199|1.909|2.549|2.259|2026-04-01
16447|1.699|1.699|NA|NA|2026-04-01
16450|2.049|1.839|2.309|2.129|2026-04-01
16459|1.849|1.699|2.209|2.059|2026-04-01
16462|1.945|1.735|2.258|2.048|2026-04-01
16465|1.859|1.699|2.219|2.059|2026-04-01
16469|NA|1.759|NA|2.059|2026-04-01
16477|1.799|1.799|2.029|2.029|2026-04-01
16480|2.089|1.784|2.369|2.064|2026-04-01
16485|2.079|1.779|2.449|2.149|2026-04-01
16488|1.729|1.729|2.089|2.089|2026-04-01
16489|1.819|1.819|2.099|2.099|2026-04-01
16497|1.942|1.732|2.258|2.048|2026-04-01
16502|1.93|1.715|2.25|2.035|2026-04-01
16506|1.725|1.725|2.065|2.065|2026-04-01
16512|1.699|1.699|2.049|2.049|2026-04-01
16524|1.729|1.729|2.069|2.069|2026-04-01
16535|1.957|1.746|2.287|2.076|2026-04-01
16536|1.952|1.737|2.25|2.035|2026-04-01
16546|NA|1.732|NA|2.048|2026-04-01
16552|2.029|1.779|2.399|2.149|2026-04-01
16557|2.028|1.799|2.318|2.089|2026-04-01
16566|1.949|1.769|2.359|2.179|2026-04-01
16572|NA|1.769|NA|2.069|2026-04-01
16578|1.825|NA|2.165|NA|2026-04-01
16582|1.829|1.829|2.179|2.179|2026-04-01
16583|2.039|1.799|2.399|2.159|2026-04-01
16585|1.799|1.799|2.169|2.169|2026-04-01
16586|1.739|NA|2.048|NA|2026-04-01
16587|1.738|1.738|2.088|2.088|2026-04-01
16589|1.909|1.699|2.239|2.029|2026-04-01
16597|1.749|1.699|2.079|2.029|2026-04-01
16600|1.789|NA|2.089|NA|2026-04-01
16605|NA|1.759|NA|2.119|2026-04-01
16606|1.847|1.757|2.217|2.127|2026-04-01
16618|1.952|1.742|2.258|2.048|2026-04-01
16620|1.959|1.759|2.329|2.129|2026-04-01
16630|1.957|1.737|2.26|2.04|2026-04-01
16632|1.979|1.779|2.299|2.099|2026-04-01
16633|2.05|2.05|2.31|2.31|2026-04-01
16641|1.769|NA|2.089|NA|2026-04-01
16643|2.059|1.859|2.309|2.109|2026-04-01
16653|2.026|1.766|2.416|2.156|2026-04-01
16655|1.749|1.749|2.119|2.119|2026-04-01
16662|2.027|1.759|2.347|2.079|2026-04-01
16668|1.957|1.737|2.273|2.053|2026-04-01
16670|1.889|1.759|2.099|2.099|2026-04-01
16671|1.989|1.759|2.419|2.139|2026-04-01
16676|1.795|1.795|2.065|2.065|2026-04-01
16677|1.935|1.715|2.248|2.028|2026-04-01
16679|2.129|1.779|2.509|2.159|2026-04-01
16687|1.989|1.789|2.249|2.049|2026-04-01
16690|1.899|1.719|2.179|1.999|2026-04-01
16692|1.915|1.705|2.265|2.055|2026-04-01
16693|1.829|1.709|2.179|2.059|2026-04-01
16696|1.999|1.799|2.349|2.149|2026-04-01
16699|1.96|1.749|2.31|2.099|2026-04-01
16707|1.877|1.777|2.199|2.099|2026-04-01
16712|1.709|1.709|2.099|2.099|2026-04-01
16720|NA|1.699|NA|2.069|2026-04-01
16721|2.259|1.799|2.459|2.099|2026-04-01
16725|1.965|1.965|2.177|2.177|2026-04-01
16727|2.139|1.759|2.519|2.139|2026-04-01
16730|NA|1.749|NA|2.029|2026-04-01
16731|1.999|1.799|2.299|2.099|2026-04-01
16734|NA|1.729|NA|2.029|2026-04-01
16741|1.959|1.759|2.269|2.069|2026-04-01
16744|1.729|1.729|2.109|2.109|2026-04-01
16755|1.899|1.899|2.159|2.159|2026-04-01
16757|1.779|1.779|2.099|2.099|2026-04-01
16764|2.079|1.779|2.429|2.129|2026-04-01
16766|1.95|1.73|2.253|2.033|2026-04-01
16770|1.952|1.742|2.258|2.048|2026-04-01
16773|NA|1.719|NA|2.059|2026-04-01
16775|1.719|1.719|2.067|2.067|2026-04-01
16776|NA|1.789|NA|2.089|2026-04-01
16778|NA|1.739|NA|2.069|2026-04-01
16782|1.769|1.769|2.139|2.139|2026-04-01
16783|1.839|1.839|2.039|2.039|2026-04-01
16784|1.999|1.799|2.299|2.099|2026-04-01
16785|NA|1.749|NA|2.109|2026-04-01
16788|1.999|1.799|2.299|2.099|2026-04-01
16789|1.919|1.719|2.269|2.069|2026-04-01
16791|NA|1.749|NA|2.049|2026-04-01
16792|1.959|1.749|2.299|2.089|2026-04-01
16797|1.839|1.839|2.039|2.039|2026-04-01
16800|1.85|1.85|2.089|2.089|2026-04-01
16802|1.77|1.779|2.149|2.149|2026-04-01
16803|1.942|1.732|2.245|2.035|2026-04-01
16804|1.949|1.759|2.289|2.099|2026-04-01
16807|1.942|1.732|2.238|2.028|2026-04-01
16813|1.95|1.73|2.26|2.04|2026-04-01
16818|1.957|1.737|2.273|2.053|2026-04-01
16820|1.769|1.769|2.069|2.069|2026-04-01
16836|1.879|1.769|2.209|2.099|2026-04-01
16840|1.974|1.75|2.343|2.119|2026-04-01
16845|1.859|1.759|2.179|2.079|2026-04-01
16846|1.95|1.73|2.253|2.033|2026-04-01
16854|1.952|1.732|2.268|2.048|2026-04-01
16860|1.789|1.769|2.179|2.159|2026-04-01
16866|1.967|1.742|2.273|2.048|2026-04-01
16868|1.779|NA|2.139|NA|2026-04-01
16869|1.749|1.749|1.999|1.999|2026-04-01
16880|1.789|1.789|2.159|2.159|2026-04-01
16883|1.983|1.759|2.323|2.099|2026-04-01
16885|2.129|1.799|2.429|2.099|2026-04-01
16887|NA|1.705|NA|2.035|2026-04-01
16889|2.019|1.819|2.349|2.149|2026-04-01
16894|1.739|1.739|2.069|2.069|2026-04-01
16902|1.869|1.769|2.199|2.099|2026-04-01
16905|2.049|1.799|2.399|2.149|2026-04-01
16909|1.698|NA|2.058|NA|2026-04-01
16911|1.769|1.769|2.089|2.089|2026-04-01
16914|1.879|1.759|2.209|2.089|2026-04-01
16916|NA|1.719|NA|2.069|2026-04-01
16917|1.929|1.779|2.279|2.129|2026-04-01
16931|1.689|1.689|2.029|2.029|2026-04-01
16934|1.779|1.739|2.139|2.099|2026-04-01
16937|1.749|NA|2.139|NA|2026-04-01
16946|1.942|1.732|2.158|2.058|2026-04-01
16947|1.889|1.729|2.229|2.069|2026-04-01
16952|1.899|1.729|2.239|2.069|2026-04-01
16956|NA|1.769|NA|2.089|2026-04-01
16957|1.899|1.899|2.199|2.199|2026-04-01
16964|NA|1.719|NA|2.019|2026-04-01
16966|NA|1.769|NA|2.099|2026-04-01
16968|1.739|1.739|2.019|2.019|2026-04-01
16969|1.917|1.797|2.195|2.095|2026-04-01
16974|2.049|1.899|2.289|2.139|2026-04-01
16977|1.798|1.798|2.049|2.049|2026-04-01
16980|NA|1.709|NA|1.989|2026-04-01
16983|1.979|1.779|2.299|2.099|2026-04-01
16986|1.942|1.732|2.258|2.048|2026-04-01
16991|1.747|1.747|2.077|2.077|2026-04-01
16998|1.799|NA|2.169|NA|2026-04-01
16999|1.942|1.732|2.258|2.048|2026-04-01
17000|NA|1.739|NA|2.059|2026-04-01
17008|1.979|1.729|2.319|2.069|2026-04-01
17009|1.816|NA|2.166|NA|2026-04-01
17016|2.019|1.759|2.349|2.089|2026-04-01
17027|1.859|1.739|2.169|2.049|2026-04-01
17032|NA|1.739|NA|2.029|2026-04-01
17035|NA|1.749|NA|2.099|2026-04-01
17040|1.969|1.759|2.359|2.149|2026-04-01
17041|1.984|1.784|2.359|2.159|2026-04-01
17049|1.929|1.779|2.279|2.129|2026-04-01
17055|2.129|1.749|2.479|2.099|2026-04-01
17057|1.945|1.725|2.253|2.033|2026-04-01
17060|1.829|1.729|2.129|2.029|2026-04-01
17091|1.889|1.789|2.239|2.139|2026-04-01
17099|1.937|1.664|2.245|2.057|2026-04-01
17104|1.894|1.769|2.194|2.069|2026-04-01
17110|1.92|1.695|2.26|2.035|2026-04-01
17112|1.937|1.712|2.273|2.048|2026-04-01
17116|1.819|1.719|2.169|2.069|2026-04-01
17120|1.877|1.777|2.159|2.059|2026-04-01
17123|1.809|1.599|1.839|1.629|2026-04-01
17126|1.799|NA|2.159|NA|2026-04-01
17127|1.952|1.742|2.258|2.048|2026-04-01
17128|1.779|1.779|2.059|2.059|2026-04-01
17137|1.897|1.824|2.195|2.179|2026-04-01
17139|1.922|1.712|2.238|2.028|2026-04-01
17155|1.959|1.809|2.259|2.109|2026-04-01
17156|1.942|1.732|2.245|2.035|2026-04-01
17176|1.899|1.759|2.259|2.119|2026-04-01
17179|2.099|1.799|2.399|2.099|2026-04-01
17188|1.715|1.715|2.089|2.089|2026-04-01
17190|1.669|1.669|2.049|2.049|2026-04-01
17192|1.749|1.749|2.099|2.099|2026-04-01
17193|1.749|1.749|2.099|2.099|2026-04-01
17199|1.769|1.769|2.099|2.099|2026-04-01
17205|1.729|1.729|2.079|2.079|2026-04-01
17213|1.957|1.737|2.253|2.033|2026-04-01
17216|1.869|1.709|2.239|2.079|2026-04-01
17237|1.955|1.735|2.26|2.04|2026-04-01
17245|NA|1.699|NA|2.069|2026-04-01
17246|1.797|1.737|NA|NA|2026-04-01
17250|1.957|1.737|2.255|2.035|2026-04-01
17253|NA|1.719|NA|2.049|2026-04-01
17274|1.779|1.779|2.099|2.099|2026-04-01
17281|NA|1.737|NA|2.053|2026-04-01
17284|1.719|1.719|2.109|2.109|2026-04-01
17286|1.779|1.779|2.129|2.129|2026-04-01
17300|1.739|1.739|2.079|2.079|2026-04-01
17301|1.809|1.804|2.109|2.104|2026-04-01
17306|2.099|1.889|2.409|2.199|2026-04-01
17307|1.983|1.759|2.323|2.099|2026-04-01
17310|NA|1.919|NA|2.149|2026-04-01
17315|NA|1.759|NA|2.099|2026-04-01
17332|2.149|1.95|2.259|2.09|2026-04-01
17335|1.945|1.735|2.26|2.05|2026-04-01
17354|2.019|1.739|2.339|2.059|2026-04-01
17355|1.778|1.778|2.078|2.078|2026-04-01
17361|1.979|1.759|2.359|2.139|2026-04-01
17382|1.759|1.759|2.189|2.189|2026-04-01
17383|1.937|1.717|2.255|2.035|2026-04-01
17390|1.759|1.759|2.069|2.069|2026-04-01
17395|NA|1.719|NA|2.079|2026-04-01
17398|1.957|1.737|2.245|2.025|2026-04-01
17401|1.957|1.737|2.245|2.025|2026-04-01
17409|1.789|1.789|2.069|2.069|2026-04-01
17416|1.889|1.739|2.229|2.079|2026-04-01
17418|1.829|1.829|2.119|2.119|2026-04-01
17421|1.789|NA|2.079|NA|2026-04-01
17422|1.96|1.76|2.339|2.139|2026-04-01
17435|1.967|1.747|2.26|2.04|2026-04-01
17443|1.942|1.732|2.245|2.035|2026-04-01
17444|1.799|1.799|2.059|2.059|2026-04-01
17445|1.955|1.735|2.253|2.033|2026-04-01
17446|NA|1.839|NA|1.719|2026-04-01
17452|1.919|1.739|2.249|2.069|2026-04-01
17457|1.898|1.698|2.289|2.089|2026-04-01
17458|1.779|1.779|2.079|2.079|2026-04-01
17459|1.789|1.789|2.049|2.049|2026-04-01
17472|1.759|1.759|2.099|2.099|2026-04-01
17479|NA|1.699|NA|2.049|2026-04-01
17482|1.739|1.739|2.099|2.099|2026-04-01
17483|2.049|1.799|2.379|2.129|2026-04-01
17490|1.957|1.737|2.253|2.033|2026-04-01
17493|1.894|1.894|2.164|2.164|2026-04-01
17499|1.997|NA|2.152|NA|2026-04-01
17501|1.937|1.717|2.255|2.035|2026-04-01
17502|1.997|NA|2.197|NA|2026-04-01
17506|1.769|1.769|2.099|2.099|2026-04-01
17508|1.942|1.732|2.258|2.048|2026-04-01
17510|1.759|1.759|2.139|2.139|2026-04-01
17512|1.768|1.768|2.099|2.099|2026-04-01
17516|1.959|1.759|2.299|2.099|2026-04-01
17524|1.939|1.719|2.339|2.099|2026-04-01
17525|1.979|1.759|2.299|2.079|2026-04-01
17527|2.045|1.777|2.287|2.019|2026-04-01
17538|1.696|1.696|2.065|2.065|2026-04-01
17541|1.799|1.799|2.119|2.119|2026-04-01
17542|1.789|1.789|2.099|2.099|2026-04-01
17552|1.779|NA|2.119|NA|2026-04-01
17555|2.167|1.899|2.295|2.195|2026-04-01
17570|1.975|1.725|2.155|1.905|2026-04-01
17571|1.757|1.757|2.057|2.057|2026-04-01
17573|1.979|1.759|2.339|2.119|2026-04-01
17574|2.039|1.775|2.379|2.099|2026-04-01
17580|1.739|1.739|2.059|2.059|2026-04-01
17584|NA|1.759|NA|2.119|2026-04-01
17589|1.999|NA|2.199|NA|2026-04-01
17590|1.759|1.759|2.179|2.179|2026-04-01
17593|1.739|1.739|2.049|2.049|2026-04-01
17598|1.779|NA|2.129|NA|2026-04-01
17599|1.969|1.759|2.359|2.149|2026-04-01
17603|1.947|1.737|2.243|2.033|2026-04-01
17608|2.018|1.759|2.328|2.069|2026-04-01
17609|1.729|1.729|2.079|2.079|2026-04-01
17611|1.798|1.798|2.098|2.098|2026-04-01
17612|NA|1.737|NA|2.039|2026-04-01
17615|2.189|1.839|2.509|2.159|2026-04-01
17620|1.949|1.759|2.239|2.049|2026-04-01
17621|1.952|1.732|2.255|2.035|2026-04-01
17626|NA|1.819|NA|2.229|2026-04-01
17628|1.967|1.747|2.283|2.063|2026-04-01
17631|NA|1.789|NA|2.149|2026-04-01
17634|1.79|NA|2.199|NA|2026-04-01
17642|1.967|1.742|2.283|2.058|2026-04-01
17647|NA|1.779|NA|2.149|2026-04-01
17649|NA|1.789|NA|2.159|2026-04-01
17650|1.745|1.745|2.095|2.095|2026-04-01
17653|NA|1.769|NA|2.099|2026-04-01
17654|NA|1.779|NA|2.149|2026-04-01
17655|NA|1.769|NA|2.099|2026-04-01
17663|NA|1.755|NA|2.069|2026-04-01
17666|NA|1.789|NA|2.159|2026-04-01
17668|NA|1.779|NA|2.149|2026-04-01
17669|1.764|1.764|1.855|1.855|2026-04-01
17678|2.089|1.789|2.419|2.119|2026-04-01
17679|NA|1.819|NA|2.159|2026-04-01
17680|NA|1.819|NA|2.159|2026-04-01
17681|NA|1.819|NA|2.159|2026-04-01
17683|1.799|1.799|2.099|2.099|2026-04-01
17684|2.029|1.809|2.379|2.159|2026-04-01
17685|NA|1.778|NA|2.099|2026-04-01
17687|NA|1.799|NA|2.149|2026-04-01
17688|NA|1.689|NA|2.099|2026-04-01
17691|NA|1.759|NA|2.159|2026-04-01
17692|NA|1.839|NA|2.099|2026-04-01
17694|NA|1.739|NA|2.069|2026-04-01
17696|NA|1.699|NA|2.079|2026-04-01
17699|NA|1.729|NA|2.059|2026-04-01
17703|NA|1.729|NA|2.099|2026-04-01
17704|1.969|1.719|2.349|2.099|2026-04-01
17705|1.793|NA|2.073|NA|2026-04-01
17706|NA|1.729|NA|2.099|2026-04-01
17707|1.875|NA|2.189|NA|2026-04-01
17709|NA|1.739|NA|2.069|2026-04-01
17717|1.773|1.773|2.115|2.115|2026-04-01
17747|1.799|1.799|2.099|2.099|2026-04-01
17765|1.966|1.736|2.325|2.095|2026-04-01
17767|1.799|1.799|2.125|2.125|2026-04-01
17768|1.966|1.736|2.325|2.095|2026-04-01
17772|1.979|1.779|2.339|2.139|2026-04-01
17777|1.789|1.789|2.139|2.139|2026-04-01
17785|1.945|1.735|2.209|1.999|2026-04-01
17787|1.989|1.779|2.309|2.099|2026-04-01
17802|1.957|1.737|2.255|2.035|2026-04-01
17804|1.759|1.759|2.129|2.129|2026-04-01
17811|1.849|1.749|2.219|2.119|2026-04-01
17814|NA|1.719|NA|2.059|2026-04-01
17817|NA|1.732|NA|2.035|2026-04-01
17819|1.918|1.689|2.288|2.059|2026-04-01
17824|1.719|NA|2.039|NA|2026-04-01
17827|1.957|1.737|2.273|2.053|2026-04-01
17829|1.904|1.734|2.234|2.064|2026-04-01
17837|1.779|1.779|2.099|2.099|2026-04-01
17840|1.717|NA|2.086|NA|2026-04-01
17850|1.745|NA|2.105|NA|2026-04-01
17856|1.779|NA|2.049|NA|2026-04-01
17861|1.819|1.819|2.169|2.169|2026-04-01
17868|1.779|1.779|2.099|2.099|2026-04-01
17884|1.749|1.749|2.099|2.099|2026-04-01
17894|NA|1.839|NA|2.149|2026-04-01
17897|1.959|1.719|2.289|2.049|2026-04-01
17902|1.846|NA|2.156|NA|2026-04-01
17908|1.799|NA|2.156|NA|2026-04-01
17913|1.957|1.737|2.255|2.035|2026-04-01
17917|1.9|1.71|2.189|1.999|2026-04-01
17918|NA|1.659|NA|1.639|2026-04-01
17920|1.759|1.759|2.179|2.179|2026-04-01
17923|1.919|1.819|2.139|2.039|2026-04-01
17930|1.729|1.729|2.099|2.099|2026-04-01
17931|2.029|1.779|2.389|2.139|2026-04-01
17932|1.93|1.72|2.238|2.028|2026-04-01
17935|1.799|1.799|2.099|2.099|2026-04-01
17938|NA|1.715|NA|2.045|2026-04-01
17953|1.955|1.755|2.285|2.085|2026-04-01
17956|1.83|NA|1.92|NA|2026-04-01
17960|1.755|NA|2.085|NA|2026-04-01
17965|1.93|NA|2.16|NA|2026-04-01
17971|1.799|1.799|2.199|2.199|2026-04-01
17973|1.957|1.737|2.273|2.053|2026-04-01
17986|1.967|1.747|2.273|2.053|2026-04-01
17996|1.957|1.737|2.265|2.045|2026-04-01
18004|1.753|NA|2.058|NA|2026-04-01
18012|2.159|1.729|2.459|1.999|2026-04-01
18016|2.019|1.819|2.349|2.149|2026-04-01
18020|1.759|1.759|2.099|2.099|2026-04-01
18021|1.939|1.789|2.309|2.159|2026-04-01
18025|1.928|1.699|2.288|2.059|2026-04-01
18026|1.942|1.732|2.245|2.035|2026-04-01
18051|1.799|1.799|2.099|2.099|2026-04-01
18052|1.859|1.859|2.099|2.099|2026-04-01
18060|1.722|1.722|2.06|2.06|2026-04-01
18062|1.949|1.719|2.329|2.099|2026-04-01
18073|1.848|1.749|2.198|2.099|2026-04-01
18076|1.769|1.769|2.099|2.099|2026-04-01
18089|1.889|NA|2.229|NA|2026-04-01
18094|1.839|1.719|2.169|2.049|2026-04-01
18098|1.869|1.799|2.129|2.059|2026-04-01
18111|1.809|1.809|2.099|2.099|2026-04-01
18128|NA|1.719|NA|2.039|2026-04-01
18131|NA|1.727|NA|2.027|2026-04-01
18142|1.947|1.737|2.259|2.049|2026-04-01
18143|1.952|1.737|2.248|2.033|2026-04-01
18146|1.959|1.749|2.299|2.089|2026-04-01
18147|1.952|1.732|2.255|2.035|2026-04-01
18157|1.889|1.689|2.289|2.089|2026-04-01
18159|1.747|1.747|2.097|2.097|2026-04-01
18162|1.909|1.759|2.319|2.119|2026-04-01
18169|1.799|1.799|2.049|2.049|2026-04-01
18176|1.929|1.749|2.329|2.149|2026-04-01
18195|2.069|1.819|2.349|2.099|2026-04-01
18205|2.109|1.759|2.449|2.099|2026-04-01
18211|NA|1.759|NA|NA|2026-04-01
18213|1.768|1.768|2.079|2.079|2026-04-01
18214|1.979|1.829|2.279|2.129|2026-04-01
18215|1.925|1.72|2.238|2.033|2026-04-01
18222|1.769|1.749|2.079|2.059|2026-04-01
18226|1.688|1.688|2.038|2.038|2026-04-01
18237|NA|1.749|NA|2.069|2026-04-01
18241|1.733|1.733|2.109|2.109|2026-04-01
18245|1.75|1.75|2.035|2.035|2026-04-01
18253|1.899|1.689|2.299|2.089|2026-04-01
18254|1.957|1.737|2.255|2.035|2026-04-01
18260|2.017|1.767|2.357|2.107|2026-04-01
18261|1.799|1.799|2.159|2.159|2026-04-01
18263|1.819|1.819|2.099|2.099|2026-04-01
18264|2.017|1.767|2.357|2.107|2026-04-01
18265|2.007|1.757|2.347|2.097|2026-04-01
18266|1.952|1.732|2.268|2.048|2026-04-01
18275|2.017|1.767|2.357|2.107|2026-04-01
18278|1.952|1.742|2.258|2.048|2026-04-01
18279|1.879|1.729|2.239|2.089|2026-04-01
18283|1.999|1.789|2.269|2.059|2026-04-01
18299|1.939|1.739|2.299|2.099|2026-04-01
18300|1.94|1.72|2.26|2.04|2026-04-01
18305|1.989|1.789|2.289|2.089|2026-04-01
18311|1.929|1.719|2.279|2.069|2026-04-01
18325|1.769|1.769|2.115|2.115|2026-04-01
18326|1.935|1.725|2.245|2.035|2026-04-01
18328|1.749|1.749|2.139|2.139|2026-04-01
18329|1.729|1.729|2.098|2.098|2026-04-01
18330|1.729|1.729|2.098|2.098|2026-04-01
18331|1.779|1.699|2.049|1.969|2026-04-01
18332|1.729|1.729|2.059|2.059|2026-04-01
18342|1.799|1.799|2.119|2.119|2026-04-01
18343|1.945|1.725|2.253|2.033|2026-04-01
18344|1.759|NA|2.099|NA|2026-04-01
18346|1.699|1.699|1.949|1.949|2026-04-01
18351|NA|1.699|NA|2.029|2026-04-01
18352|1.799|1.799|2.149|2.149|2026-04-01
18354|NA|1.739|NA|2.059|2026-04-01
18355|NA|1.868|NA|2.148|2026-04-01
18360|2.014|1.774|2.366|2.126|2026-04-01
18372|1.939|1.729|2.229|2.019|2026-04-01
18374|1.749|1.749|2.089|2.089|2026-04-01
18376|NA|1.769|NA|2.089|2026-04-01
18387|1.739|1.739|2.029|2.029|2026-04-01
18388|1.779|NA|2.149|NA|2026-04-01
18390|1.995|1.779|2.305|2.089|2026-04-01
18412|1.809|1.809|2.039|2.039|2026-04-01
18442|1.925|1.715|2.369|2.159|2026-04-01
18445|1.759|1.759|2.099|2.099|2026-04-01
18452|1.747|1.747|2.057|2.057|2026-04-01
18453|1.746|1.746|2.056|2.056|2026-04-01
18457|1.965|1.745|2.273|2.053|2026-04-01
18469|1.929|1.759|2.269|2.099|2026-04-01
18476|1.999|1.799|2.349|2.149|2026-04-01
18478|1.868|NA|2.243|NA|2026-04-01
18486|2.009|1.809|2.359|2.159|2026-04-01
18488|1.789|1.789|2.139|2.139|2026-04-01
18489|1.925|1.715|2.25|2.04|2026-04-01
18500|1.873|1.733|2.219|2.079|2026-04-01
18512|1.899|NA|2.199|NA|2026-04-01
18513|1.729|1.729|2.049|2.049|2026-04-01
18519|2.069|1.819|2.399|2.149|2026-04-01
18522|1.849|1.849|2.179|2.179|2026-04-01
18536|1.939|1.749|2.259|2.069|2026-04-01
18539|1.999|1.799|2.339|2.139|2026-04-01
18544|1.749|1.749|2.099|2.099|2026-04-01
18546|1.909|1.759|2.269|2.119|2026-04-01
18567|1.829|1.739|2.219|2.129|2026-04-01
18571|NA|1.759|NA|2.149|2026-04-01
18574|1.733|1.733|1.999|1.999|2026-04-01
18575|NA|1.899|NA|2.099|2026-04-01
18604|1.729|NA|2.099|NA|2026-04-01
18622|2.009|1.799|2.309|2.099|2026-04-01
18624|1.817|1.817|2.117|2.117|2026-04-01
18638|1.759|1.679|2.079|1.999|2026-04-01
18642|1.795|NA|NA|NA|2026-04-01
18654|1.94|1.73|2.279|2.069|2026-04-01
18660|2.029|1.779|2.349|2.099|2026-04-01
18665|1.689|1.689|2.049|2.049|2026-04-01
18666|NA|1.799|NA|2.149|2026-04-01
18667|1.829|1.808|2.089|2.069|2026-04-01
18678|1.929|1.779|2.289|2.139|2026-04-01
18681|1.745|1.745|2.065|2.065|2026-04-01
18685|1.979|1.779|2.349|2.149|2026-04-01
18686|1.789|1.789|2.169|2.169|2026-04-01
18691|1.967|1.747|2.26|2.039|2026-04-01
18692|1.956|1.766|2.289|2.099|2026-04-01
18695|1.759|1.759|2.099|2.099|2026-04-01
18701|2.159|1.809|2.499|2.149|2026-04-01
18702|1.922|1.712|2.24|2.03|2026-04-01
18706|2.045|1.822|2.359|2.136|2026-04-01
18711|1.95|1.73|2.253|2.033|2026-04-01
18714|1.95|1.73|2.253|2.033|2026-04-01
18718|1.719|1.719|2.059|2.059|2026-04-01
18723|NA|1.72|NA|2.089|2026-04-01
18727|1.699|1.699|2.089|2.089|2026-04-01
18741|1.769|1.769|2.029|2.029|2026-04-01
18745|NA|1.759|NA|2.059|2026-04-01
18757|1.777|1.777|2.158|2.158|2026-04-01
18760|1.749|1.749|2.049|2.049|2026-04-01
18763|1.94|1.72|2.273|2.053|2026-04-01
18769|NA|1.725|NA|1.999|2026-04-01
18771|1.957|1.737|2.265|2.045|2026-04-01
18783|1.759|1.759|2.129|2.129|2026-04-01
18786|1.899|1.749|2.089|1.998|2026-04-01
18789|2.079|1.779|2.449|2.149|2026-04-01
18796|1.749|1.749|2.139|2.139|2026-04-01
18797|1.899|1.739|2.159|1.999|2026-04-01
18798|1.789|1.749|2.099|2.059|2026-04-01
18802|1.697|1.697|2.017|2.017|2026-04-01
18804|1.73|1.73|2.05|2.05|2026-04-01
18813|1.927|1.717|2.245|2.035|2026-04-01
18814|1.95|1.73|2.253|2.033|2026-04-01
18816|1.759|1.759|2.159|2.159|2026-04-01
18838|1.779|1.779|2.119|2.119|2026-04-01
18849|1.643|1.643|1.952|1.952|2026-04-01
18852|1.989|1.799|2.147|2.097|2026-04-01
18855|NA|1.739|NA|2.059|2026-04-01
18859|1.999|1.799|2.349|2.149|2026-04-01
18861|1.755|1.755|2.093|2.093|2026-04-01
18870|1.698|1.698|2.038|2.038|2026-04-01
18876|1.739|1.739|2.049|2.049|2026-04-01
18883|1.769|1.769|2.069|2.069|2026-04-01
18886|1.899|1.799|2.199|2.079|2026-04-01
18887|1.879|1.879|2.099|2.099|2026-04-01
18892|NA|1.759|NA|2.129|2026-04-01
18901|1.795|1.795|2.199|2.199|2026-04-01
18902|2.015|1.805|2.345|2.135|2026-04-01
18903|1.795|1.745|2.105|2.055|2026-04-01
18909|1.942|1.722|2.268|2.048|2026-04-01
18914|2.059|1.759|2.36|2.06|2026-04-01
18915|1.959|1.749|2.279|2.069|2026-04-01
18925|1.942|1.732|2.258|2.048|2026-04-01
18933|1.699|1.699|2.059|2.059|2026-04-01
18937|1.999|1.799|2.349|2.149|2026-04-01
18948|1.908|1.758|2.228|2.078|2026-04-01
18950|1.655|NA|2.025|NA|2026-04-01
18955|1.949|1.739|2.239|2.029|2026-04-01
18958|1.949|1.739|2.239|2.029|2026-04-01
18959|1.939|1.749|2.229|2.039|2026-04-01
18960|1.957|1.747|2.255|2.045|2026-04-01
18968|1.849|1.849|2.099|2.099|2026-04-01
18981|NA|1.736|NA|2.053|2026-04-01
18985|1.829|1.729|2.199|2.099|2026-04-01
18986|1.759|1.759|2.059|2.059|2026-04-01
18991|2.009|1.749|2.409|2.149|2026-04-01
18992|1.979|1.769|2.299|2.089|2026-04-01
18993|1.739|1.739|2.059|2.059|2026-04-01
18998|1.815|1.815|2.065|2.065|2026-04-01
18999|1.979|1.729|2.339|2.089|2026-04-01
19002|1.939|1.749|2.229|2.039|2026-04-01
19005|1.95|1.73|2.26|2.04|2026-04-01
19008|1.844|1.694|1.869|1.869|2026-04-01
19009|1.984|1.759|2.324|2.099|2026-04-01
19010|1.799|1.799|2.079|2.079|2026-04-01
19018|1.957|1.737|2.265|2.045|2026-04-01
19021|1.955|1.74|2.225|2.01|2026-04-01
19032|2.019|1.769|2.339|2.089|2026-04-01
19040|1.957|1.737|2.255|2.035|2026-04-01
19050|NA|1.705|NA|1.999|2026-04-01
19051|1.94|1.72|2.289|2.069|2026-04-01
19053|1.949|1.729|2.319|2.099|2026-04-01
19062|NA|1.789|NA|2.029|2026-04-01
19066|1.979|1.729|2.329|2.079|2026-04-01
19069|1.999|1.749|2.349|2.099|2026-04-01
19073|1.929|1.729|2.329|2.129|2026-04-01
19074|1.919|1.769|2.249|2.099|2026-04-01
19084|1.819|1.819|2.189|2.189|2026-04-01
19088|NA|1.729|NA|2.099|2026-04-01
19093|1.899|1.799|2.208|2.108|2026-04-01
19094|NA|1.759|NA|2.119|2026-04-01
19095|1.767|1.767|2.149|2.149|2026-04-01
19115|1.729|1.729|2.015|2.015|2026-04-01
19121|1.999|1.799|2.279|2.079|2026-04-01
19146|1.799|1.799|1.999|1.999|2026-04-01
19151|1.955|1.735|2.273|2.053|2026-04-01
19153|1.829|1.829|2.089|2.089|2026-04-01
19156|1.84|1.79|2.208|2.158|2026-04-01
19159|1.739|1.739|2.099|2.099|2026-04-01
19160|1.849|1.749|2.249|2.099|2026-04-01
19165|1.738|1.738|2.068|2.068|2026-04-01
19171|1.967|1.747|2.273|2.053|2026-04-01
19182|2.159|1.809|2.469|2.119|2026-04-01
19187|1.915|1.695|2.26|2.04|2026-04-01
19195|NA|1.708|NA|2.055|2026-04-01
19197|1.979|1.759|2.349|2.129|2026-04-01
19199|1.916|1.696|2.219|1.999|2026-04-01
19201|1.749|1.749|2.119|2.119|2026-04-01
19202|1.957|1.737|2.273|2.053|2026-04-01
19217|1.799|1.799|2.119|2.119|2026-04-01
19226|1.799|1.799|2.179|2.179|2026-04-01
19230|1.925|1.715|2.238|2.028|2026-04-01
19234|1.773|1.773|2.115|2.115|2026-04-01
19235|1.967|1.742|2.273|2.048|2026-04-01
19236|1.772|1.772|2.114|2.114|2026-04-01
19237|1.773|1.773|2.115|2.115|2026-04-01
19250|1.947|1.737|2.245|2.035|2026-04-01
19260|1.82|1.82|2.15|2.15|2026-04-01
19264|1.778|1.778|2.089|2.089|2026-04-01
19278|1.729|1.729|2.059|2.059|2026-04-01
19290|1.819|1.719|2.179|2.079|2026-04-01
19291|1.967|1.747|2.283|2.063|2026-04-01
19293|NA|1.735|NA|2.035|2026-04-01
19301|1.749|1.749|2.099|2.099|2026-04-01
19309|1.799|1.799|1.939|2.079|2026-04-01
19310|2.049|1.799|2.399|2.149|2026-04-01
19320|NA|1.729|NA|2.069|2026-04-01
19324|1.779|1.779|2.109|2.109|2026-04-01
19327|1.776|1.776|2.126|2.126|2026-04-01
19328|1.749|1.749|2.099|2.099|2026-04-01
19335|2.029|1.779|2.399|2.149|2026-04-01
19337|1.942|1.732|2.258|2.048|2026-04-01
19344|1.729|1.729|2.129|2.129|2026-04-01
19345|1.969|1.759|2.259|2.049|2026-04-01
19351|1.819|NA|2.149|NA|2026-04-01
19360|1.952|1.742|2.258|2.048|2026-04-01
19363|1.937|1.717|2.273|2.053|2026-04-01
19378|1.769|1.769|2.099|2.099|2026-04-01
19380|1.784|1.784|2.104|2.104|2026-04-01
19386|1.777|1.777|2.047|2.047|2026-04-01
19390|2.019|1.789|2.329|2.099|2026-04-01
19402|NA|1.725|NA|2.028|2026-04-01
19403|1.942|1.732|2.258|2.048|2026-04-01
19407|1.799|NA|2.159|NA|2026-04-01
19408|NA|1.739|NA|2.119|2026-04-01
19409|NA|1.899|NA|2.249|2026-04-01
19425|1.839|NA|2.099|NA|2026-04-01
19427|1.719|1.719|2.059|2.059|2026-04-01
19431|1.952|1.742|2.258|2.048|2026-04-01
19432|2.029|1.779|2.349|2.099|2026-04-01
19435|1.83|NA|2.03|NA|2026-04-01
19443|1.925|1.745|2.285|2.105|2026-04-01
19452|1.922|1.712|2.245|2.035|2026-04-01
19453|1.945|1.725|2.248|2.028|2026-04-01
19466|2.029|1.779|2.249|1.999|2026-04-01
19471|1.959|1.779|2.339|2.159|2026-04-01
19476|2.099|1.799|2.409|2.109|2026-04-01
19483|1.839|1.839|2.119|2.119|2026-04-01
19507|1.957|1.737|2.253|2.033|2026-04-01
19513|1.729|1.729|2.065|2.065|2026-04-01
19518|1.745|1.745|2.065|2.065|2026-04-01
19529|NA|1.769|NA|2.108|2026-04-01
19542|1.799|1.799|2.089|2.089|2026-04-01
19545|1.779|NA|2.099|NA|2026-04-01
19569|1.77|1.77|2.124|2.124|2026-04-01
19572|1.94|1.72|2.26|2.04|2026-04-01
19577|NA|1.759|NA|2.099|2026-04-01
19580|1.957|1.729|2.253|2.033|2026-04-01
19581|2.069|1.799|2.369|2.099|2026-04-01
19598|2.199|1.999|2.229|2.029|2026-04-01
19604|NA|1.869|NA|2.098|2026-04-01
19607|1.772|1.772|2.114|2.114|2026-04-01
19608|1.992|1.832|2.357|2.167|2026-04-01
19610|1.949|1.949|2.149|2.149|2026-04-01
19623|NA|1.729|NA|2.039|2026-04-01
19626|1.979|1.779|2.339|2.139|2026-04-01
19628|1.729|NA|2.099|NA|2026-04-01
19630|1.959|1.759|2.299|2.099|2026-04-01
19637|1.729|1.729|2.109|2.109|2026-04-01
19641|NA|1.799|NA|2.159|2026-04-01
19644|1.962|1.747|2.268|2.053|2026-04-01
19652|1.868|1.738|2.149|2.019|2026-04-01
19654|1.769|1.769|2.109|2.109|2026-04-01
19655|1.945|1.73|2.228|2.013|2026-04-01
19668|1.929|1.729|2.209|2.099|2026-04-01
19686|NA|1.725|NA|2.039|2026-04-01
19696|1.919|1.734|2.249|2.064|2026-04-01
19702|NA|1.729|NA|2.019|2026-04-01
19704|NA|1.769|NA|2.099|2026-04-01
19710|NA|1.798|NA|2.098|2026-04-01
19720|1.949|1.799|2.249|2.099|2026-04-01
19734|NA|1.729|NA|2.099|2026-04-01
19735|1.769|1.769|2.079|2.079|2026-04-01
19740|1.799|1.799|2.099|2.099|2026-04-01
19746|1.967|1.747|2.283|2.063|2026-04-01
19750|NA|1.739|NA|2.019|2026-04-01
19751|NA|1.769|NA|2.019|2026-04-01
19752|NA|1.839|NA|2.049|2026-04-01
19753|NA|1.759|NA|2.049|2026-04-01
19754|NA|1.699|NA|2.019|2026-04-01
19757|1.8|1.8|1.98|1.98|2026-04-01
19763|1.959|1.749|2.309|2.099|2026-04-01
19776|1.719|1.719|2.039|2.039|2026-04-01
19785|1.759|1.759|2.019|2.019|2026-04-01
19792|1.999|1.799|2.399|2.199|2026-04-01
19802|1.739|NA|2.079|NA|2026-04-01
19809|1.709|1.709|2.059|2.059|2026-04-01
19813|NA|1.759|NA|2.099|2026-04-01
19822|1.759|1.759|2.049|2.049|2026-04-01
19828|1.83|NA|2.17|NA|2026-04-01
19832|1.768|1.768|2.118|2.118|2026-04-01
19834|1.819|1.819|2.119|2.119|2026-04-01
19842|1.957|1.737|2.265|2.045|2026-04-01
19843|1.749|1.749|2.099|2.099|2026-04-01
19847|2.019|1.719|2.419|2.119|2026-04-01
19854|1.799|NA|2.039|NA|2026-04-01
19860|1.825|1.735|2.119|2.029|2026-04-01
19864|1.739|1.739|2.099|2.099|2026-04-01
19869|1.719|1.719|1.999|1.999|2026-04-01
19875|1.799|1.799|2.119|2.119|2026-04-01
19885|NA|1.732|NA|2.028|2026-04-01
19890|1.819|1.819|2.159|2.159|2026-04-01
19892|1.954|1.744|2.274|2.064|2026-04-01
19894|2.157|1.797|2.473|2.137|2026-04-01
19896|NA|1.749|NA|2.099|2026-04-01
19916|1.945|1.735|2.255|2.045|2026-04-01
19936|NA|1.689|NA|2.129|2026-04-01
19937|NA|1.789|NA|2.159|2026-04-01
19939|NA|1.699|NA|1.999|2026-04-01
19940|NA|1.699|NA|1.999|2026-04-01
19941|NA|1.715|NA|2.059|2026-04-01
19942|1.839|1.739|2.159|2.059|2026-04-01
19943|NA|1.666|NA|1.999|2026-04-01
19944|1.949|1.749|2.269|2.069|2026-04-01
19945|1.779|1.779|2.139|2.139|2026-04-01
19946|1.952|1.742|2.238|2.028|2026-04-01
19953|1.799|1.799|2.099|2.099|2026-04-01
19954|1.989|1.989|2.279|2.279|2026-04-01
19967|1.889|1.889|2.209|2.209|2026-04-01
19968|NA|1.729|NA|2.049|2026-04-01
19969|NA|1.799|NA|2.149|2026-04-01
19973|1.817|1.817|2.098|2.098|2026-04-01
19976|NA|1.789|NA|2.179|2026-04-01
19977|1.719|1.719|2.109|2.109|2026-04-01
19979|1.769|1.639|2.029|1.899|2026-04-01
19985|NA|1.727|NA|2.096|2026-04-01
19989|1.779|1.779|2.119|2.119|2026-04-01
19993|1.789|1.789|2.059|2.059|2026-04-01
20000|1.927|1.717|2.243|2.033|2026-04-01
20009|1.759|1.759|2.099|2.099|2026-04-01
20013|1.869|1.869|2.259|2.259|2026-04-01
20022|2.129|1.879|2.399|2.149|2026-04-01
20036|NA|1.739|NA|2.099|2026-04-01
20039|NA|1.699|NA|2.019|2026-04-01
20041|NA|1.729|NA|2.059|2026-04-01
20044|1.773|1.773|2.115|2.115|2026-04-01
20045|1.963|1.803|2.305|2.115|2026-04-01
20047|2.033|1.823|2.345|2.155|2026-04-01
20048|1.923|1.713|2.305|2.115|2026-04-01
20050|1.982|1.772|2.304|2.114|2026-04-01
20054|1.745|1.745|2.065|2.065|2026-04-01
20067|NA|1.769|NA|2.099|2026-04-01
20072|1.879|1.669|1.799|1.589|2026-04-01
20073|1.73|1.73|2.05|2.05|2026-04-01
20076|1.969|1.769|2.309|2.109|2026-04-01
20084|1.919|1.769|2.249|2.099|2026-04-01
20090|1.957|1.737|2.253|2.033|2026-04-01
20092|NA|1.789|NA|2.099|2026-04-01
20094|NA|1.769|NA|2.099|2026-04-01
20097|1.909|1.699|2.239|2.029|2026-04-01
20098|NA|1.759|NA|2.169|2026-04-01
20110|NA|1.819|NA|2.149|2026-04-01
20111|NA|1.779|NA|2.139|2026-04-01
20113|NA|1.709|NA|2.019|2026-04-01
20115|NA|1.789|NA|2.169|2026-04-01
20117|NA|1.769|NA|2.139|2026-04-01
20134|1.799|1.799|2.099|2.099|2026-04-01
20138|1.959|1.749|2.279|2.069|2026-04-01
20140|NA|1.699|NA|2.019|2026-04-01
20145|1.949|1.739|2.239|2.029|2026-04-01
20153|1.929|1.719|2.279|2.069|2026-04-01
20182|1.759|NA|2.099|NA|2026-04-01
20190|1.868|1.618|1.928|1.678|2026-04-01
20193|1.957|1.737|2.265|2.045|2026-04-01
20201|1.88|1.88|2.178|2.178|2026-04-01
20204|NA|1.769|NA|2.099|2026-04-01
20205|NA|1.759|NA|2.059|2026-04-01
20206|1.799|1.799|2.099|2.099|2026-04-01
20207|NA|1.699|NA|2.059|2026-04-01
20209|NA|1.689|NA|2.029|2026-04-01
20214|1.769|1.769|2.099|2.099|2026-04-01
20215|1.768|1.768|2.098|2.098|2026-04-01
20218|1.979|1.779|2.349|2.149|2026-04-01
20230|2.029|1.779|2.449|2.199|2026-04-01
20231|1.739|1.739|2.049|2.049|2026-04-01
20248|NA|1.789|NA|2.049|2026-04-01
20249|1.869|1.779|2.079|1.989|2026-04-01
20255|1.759|NA|2.099|NA|2026-04-01
20257|1.859|1.769|2.189|2.099|2026-04-01
20263|1.985|1.766|2.295|2.076|2026-04-01
20265|2.147|1.797|2.449|2.099|2026-04-01
20267|1.942|1.732|2.258|2.048|2026-04-01
20268|1.989|1.739|2.319|2.069|2026-04-01
20276|NA|1.729|NA|2.029|2026-04-01
20277|2.019|1.769|2.349|2.099|2026-04-01
20280|1.779|1.779|2.099|2.099|2026-04-01
20281|1.883|1.673|2.205|1.995|2026-04-01
20297|1.709|1.709|2.029|2.029|2026-04-01
20334|1.942|1.732|2.258|2.048|2026-04-01
20338|1.739|NA|1.999|NA|2026-04-01
20340|1.799|1.799|2.099|2.099|2026-04-01
20343|1.699|1.699|2.089|2.089|2026-04-01
20349|2.044|1.804|2.444|2.204|2026-04-01
20358|1.797|1.727|2.097|2.027|2026-04-01
20360|1.834|1.834|2.167|2.167|2026-04-01
20361|1.803|1.803|2.115|2.115|2026-04-01
20363|1.983|1.773|2.315|2.125|2026-04-01
20364|1.699|NA|NA|NA|2026-04-01
20367|1.739|1.739|2.049|2.049|2026-04-01
20368|1.759|1.759|2.069|2.069|2026-04-01
20369|1.989|1.789|2.299|2.099|2026-04-01
20371|1.755|1.755|2.035|2.035|2026-04-01
20372|1.76|1.76|2.06|2.06|2026-04-01
20373|1.749|1.749|2.119|2.119|2026-04-01
20378|1.945|1.735|2.22|2.01|2026-04-01
20380|1.799|1.799|2.129|2.129|2026-04-01
20384|1.749|NA|2.139|NA|2026-04-01
20385|1.766|NA|2.135|NA|2026-04-01
20389|NA|1.725|NA|2.045|2026-04-01
20396|1.689|1.689|1.999|1.999|2026-04-01
20400|NA|1.789|NA|2.139|2026-04-01
20401|1.759|1.759|2.079|2.079|2026-04-01
20404|1.759|1.759|2.049|2.049|2026-04-01
20406|1.789|1.789|2.189|2.189|2026-04-01
20413|NA|1.635|NA|1.619|2026-04-01
20416|1.929|1.729|2.269|2.069|2026-04-01
20417|1.819|1.819|2.099|2.099|2026-04-01
20435|1.909|1.909|2.069|2.069|2026-04-01
20436|1.819|1.819|2.149|2.149|2026-04-01
20441|1.95|1.73|2.253|2.033|2026-04-01
20448|1.759|1.759|2.019|2.019|2026-04-01
20452|1.819|1.819|2.199|2.119|2026-04-01
20457|1.799|1.799|2.059|2.059|2026-04-01
20474|1.957|1.737|2.291|2.071|2026-04-01
20483|1.955|1.735|2.271|2.051|2026-04-01
20487|1.946|1.746|2.236|2.036|2026-04-01
20499|2.019|1.719|2.399|2.099|2026-04-01
20502|NA|1.749|NA|2.129|2026-04-01
20504|1.803|1.803|2.145|2.145|2026-04-01
20515|NA|1.75|NA|2.095|2026-04-01
20527|1.989|1.779|2.309|2.099|2026-04-01
20536|NA|1.718|NA|2.078|2026-04-01
20537|1.935|1.735|2.278|2.078|2026-04-01
20542|1.942|1.732|2.258|2.048|2026-04-01
20553|NA|1.749|NA|2.079|2026-04-01
20554|1.719|NA|2.079|NA|2026-04-01
20559|2.029|1.799|2.409|2.179|2026-04-01
20567|1.789|NA|2.065|NA|2026-04-01
20587|1.949|1.739|2.289|2.079|2026-04-01
20588|1.939|1.719|2.259|2.039|2026-04-01
20589|1.749|NA|2.079|NA|2026-04-01
20598|NA|1.699|NA|2.016|2026-04-01
20603|1.979|1.779|2.299|2.099|2026-04-01
20604|1.935|1.735|2.278|2.078|2026-04-01
20613|1.919|1.799|2.179|2.059|2026-04-01
20620|1.759|1.759|2.099|2.099|2026-04-01
20624|1.779|1.779|2.169|2.169|2026-04-01
20626|1.799|1.799|2.089|2.089|2026-04-01
20628|1.953|1.736|2.349|2.132|2026-04-01
20631|NA|1.759|NA|2.089|2026-04-01
20637|NA|1.769|NA|2.099|2026-04-01
20641|1.95|1.73|2.253|2.033|2026-04-01
20652|1.789|1.789|2.149|2.149|2026-04-01
20653|1.969|1.759|2.289|2.079|2026-04-01
20667|1.729|1.729|2.089|2.059|2026-04-01
20668|1.999|1.779|2.349|2.129|2026-04-01
20670|1.769|1.769|2.189|2.189|2026-04-01
20671|NA|1.719|NA|2.049|2026-04-01
20672|NA|1.789|NA|2.249|2026-04-01
20673|NA|1.799|NA|2.159|2026-04-01
20677|1.759|1.759|2.099|2.099|2026-04-01
20684|1.94|1.72|2.253|2.033|2026-04-01
20687|1.979|1.769|2.309|2.099|2026-04-01
20690|1.957|1.737|2.255|2.035|2026-04-01
20694|1.935|1.725|2.245|2.035|2026-04-01
20696|1.957|1.737|2.265|2.045|2026-04-01
20705|NA|1.715|NA|2.045|2026-04-01
20710|1.916|1.696|2.149|1.929|2026-04-01
20721|1.908|1.799|2.308|2.199|2026-04-01
20725|NA|1.769|NA|2.099|2026-04-01
20729|NA|1.719|NA|2.099|2026-04-01
20730|NA|1.729|NA|2.079|2026-04-01
20732|2.049|1.799|2.379|2.129|2026-04-01
20733|1.957|1.737|2.255|2.035|2026-04-01
20739|NA|1.869|NA|2.169|2026-04-01
20750|NA|1.742|NA|2.142|2026-04-01
20752|1.925|1.745|2.275|2.095|2026-04-01
20753|1.869|1.869|2.149|2.149|2026-04-01
20766|2.035|1.835|2.333|2.133|2026-04-01
20768|1.756|1.756|2.087|2.087|2026-04-01
20773|NA|1.729|NA|2.029|2026-04-01
20779|NA|1.769|NA|2.119|2026-04-01
20780|NA|1.739|NA|2.099|2026-04-01
20783|1.899|1.749|2.209|2.059|2026-04-01
20785|1.994|1.794|2.317|2.117|2026-04-01
20787|1.979|1.769|2.299|2.089|2026-04-01
20798|NA|1.699|NA|2.079|2026-04-01
20813|1.759|1.759|2.159|2.159|2026-04-01
20814|1.809|1.749|2.149|2.089|2026-04-01
20815|NA|1.699|NA|2.029|2026-04-01
20817|2.048|1.799|2.328|2.079|2026-04-01
20818|NA|1.839|NA|2.089|2026-04-01
20821|1.767|1.767|2.107|2.107|2026-04-01
20822|1.749|1.749|2.059|2.059|2026-04-01
20823|1.804|1.804|2.177|2.177|2026-04-01
20829|NA|1.749|NA|2.069|2026-04-01
20833|1.955|1.735|2.255|2.035|2026-04-01
20836|1.779|1.649|2.049|1.919|2026-04-01
20837|1.759|NA|2.059|NA|2026-04-01
20858|1.735|NA|2.085|NA|2026-04-01
20861|2.079|1.839|2.389|2.149|2026-04-01
20870|NA|1.759|NA|2.069|2026-04-01
20878|1.799|NA|2.185|NA|2026-04-01
20898|1.798|1.798|2.098|2.098|2026-04-01
20904|NA|1.869|NA|2.259|2026-04-01
20916|1.939|1.759|2.249|2.069|2026-04-01
20918|1.889|1.889|2.015|2.015|2026-04-01
20922|1.957|1.737|2.273|2.053|2026-04-01
20924|1.789|1.789|2.149|2.149|2026-04-01
20931|1.858|1.708|2.217|2.067|2026-04-01
20933|1.927|1.717|2.245|2.035|2026-04-01
20947|1.942|1.732|2.258|2.048|2026-04-01
20961|NA|1.759|NA|2.099|2026-04-01
20966|1.939|1.719|2.289|2.069|2026-04-01
20967|1.979|1.779|2.349|2.149|2026-04-01
20970|1.686|NA|1.999|NA|2026-04-01
20971|1.957|1.732|2.273|2.048|2026-04-01
20977|1.779|1.779|2.139|2.139|2026-04-01
20981|1.992|1.832|2.357|2.167|2026-04-01
20982|1.753|1.753|2.11|2.11|2026-04-01
20983|1.983|1.773|2.305|2.115|2026-04-01
20984|1.803|1.803|2.115|2.115|2026-04-01
20987|1.715|1.715|2.065|2.065|2026-04-01
20990|NA|1.798|NA|2.158|2026-04-01
20992|NA|1.798|NA|2.158|2026-04-01
20994|NA|1.798|NA|2.158|2026-04-01
21002|1.809|1.809|2.169|2.169|2026-04-01
21003|1.699|NA|1.999|NA|2026-04-01
21007|1.999|1.789|2.339|2.129|2026-04-01
21010|1.955|1.735|2.255|2.035|2026-04-01
21021|1.789|1.799|2.099|2.099|2026-04-01
21022|1.729|1.729|2.059|2.059|2026-04-01
21023|1.899|1.799|2.227|2.127|2026-04-01
21024|1.989|1.779|2.309|2.099|2026-04-01
21028|1.739|1.739|2.069|2.069|2026-04-01
21036|1.919|1.919|2.259|2.259|2026-04-01
21051|1.899|1.689|2.239|2.029|2026-04-01
21052|NA|1.737|NA|2.071|2026-04-01
21054|2.099|1.799|2.409|2.109|2026-04-01
21062|NA|1.739|NA|2.049|2026-04-01
21064|NA|1.717|NA|2.033|2026-04-01
21073|1.94|1.72|2.265|2.045|2026-04-01
21076|NA|1.849|NA|1.999|2026-04-01
21082|NA|1.746|2.269|2.059|2026-04-01
21083|NA|1.688|NA|2.013|2026-04-01
21084|1.738|1.688|2.063|2.013|2026-04-01
21085|1.956|1.746|2.269|2.059|2026-04-01
21088|1.688|1.688|2.013|2.013|2026-04-01
21089|1.738|1.688|2.063|2.013|2026-04-01
21093|1.979|1.739|2.309|2.069|2026-04-01
21094|NA|1.749|NA|2.069|2026-04-01
21097|1.94|1.72|2.233|2.013|2026-04-01
21099|1.935|1.725|2.238|2.028|2026-04-01
21106|NA|1.759|NA|2.049|2026-04-01
21108|1.649|1.649|1.879|1.879|2026-04-01
21120|2.009|1.809|2.309|2.109|2026-04-01
21123|NA|1.904|NA|2.159|2026-04-01
21124|1.909|1.689|2.269|2.049|2026-04-01
21125|1.949|1.749|2.299|2.099|2026-04-01
21130|2.199|1.799|2.39|1.99|2026-04-01
21133|1.939|1.729|2.309|2.099|2026-04-01
21139|1.967|1.747|2.265|2.045|2026-04-01
21145|NA|1.759|NA|2.089|2026-04-01
21149|2.029|1.679|2.079|1.729|2026-04-01
21151|1.942|1.732|2.258|2.048|2026-04-01
21153|1.957|1.737|2.235|2.015|2026-04-01
21158|1.949|1.739|2.239|2.029|2026-04-01
21161|2.089|1.739|2.429|2.079|2026-04-01
21162|2.099|1.799|2.399|2.099|2026-04-01
21163|1.749|1.749|2.059|2.059|2026-04-01
21164|1.925|1.705|2.235|2.015|2026-04-01
21172|1.976|1.756|2.267|2.047|2026-04-01
21173|NA|1.759|NA|2.159|2026-04-01
21185|1.979|1.779|2.349|2.149|2026-04-01
21194|1.95|1.9|2.35|2.3|2026-04-01
21202|2.125|1.775|2.427|2.077|2026-04-01
21203|1.777|1.697|2.067|1.987|2026-04-01
21209|2.169|1.819|2.549|2.199|2026-04-01
21219|1.736|1.736|2.086|2.086|2026-04-01
21228|1.969|1.759|2.279|2.069|2026-04-01
21234|NA|1.735|NA|2.045|2026-04-01
21237|NA|1.699|NA|2.019|2026-04-01
21241|1.76|1.67|2.105|2.015|2026-04-01
21243|1.942|1.732|2.258|2.048|2026-04-01
21249|1.733|1.733|2.079|2.079|2026-04-01
21250|NA|1.709|NA|2.029|2026-04-01
21251|NA|1.749|NA|2.049|2026-04-01
21252|1.839|1.719|2.219|2.099|2026-04-01
21255|1.829|1.829|2.159|2.159|2026-04-01
21264|1.739|1.719|2.069|2.049|2026-04-01
21267|1.829|1.729|2.009|1.999|2026-04-01
21269|1.949|1.749|2.329|2.129|2026-04-01
21270|1.929|1.749|2.309|2.129|2026-04-01
21271|1.859|1.759|2.199|2.099|2026-04-01
21272|1.957|1.732|2.253|2.028|2026-04-01
21273|NA|1.769|NA|2.079|2026-04-01
21278|NA|1.699|NA|2.079|2026-04-01
21281|NA|1.798|NA|2.141|2026-04-01
21291|2.069|1.769|2.409|2.109|2026-04-01
21294|1.799|1.799|2.159|2.159|2026-04-01
21307|1.849|1.749|2.189|2.089|2026-04-01
21316|1.969|1.769|2.339|2.139|2026-04-01
21317|1.999|1.799|2.349|2.149|2026-04-01
21320|1.779|1.779|2.179|2.179|2026-04-01
21322|1.999|1.789|2.329|2.119|2026-04-01
21325|1.979|1.759|2.319|2.099|2026-04-01
21332|1.749|1.749|1.999|1.999|2026-04-01
21337|1.949|1.749|2.259|2.059|2026-04-01
21338|1.949|1.759|2.289|2.099|2026-04-01
21342|NA|1.748|NA|2.058|2026-04-01
21343|1.849|1.849|2.149|2.149|2026-04-01
21358|1.739|1.739|2.011|2.011|2026-04-01
21363|1.779|1.779|1.999|1.999|2026-04-01
21368|2.637|1.984|2.86|2.164|2026-04-01
21378|1.749|1.749|2.029|2.029|2026-04-01
21380|1.967|1.842|2.27|2.145|2026-04-01
21385|2.1|NA|2.15|NA|2026-04-01
21394|1.989|1.779|2.309|2.099|2026-04-01
21401|1.83|1.83|2.149|2.149|2026-04-01
21403|1.714|NA|2.089|NA|2026-04-01
21404|1.819|1.719|2.159|2.059|2026-04-01
21407|1.899|1.699|2.199|1.999|2026-04-01
21417|1.719|1.719|2.039|2.039|2026-04-01
21418|1.759|1.699|2.079|2.019|2026-04-01
21419|NA|1.689|NA|1.999|2026-04-01
21421|2.173|1.949|2.373|2.149|2026-04-01
21429|NA|1.749|NA|2.099|2026-04-01
21433|2.019|1.819|2.349|2.149|2026-04-01
21435|NA|1.737|NA|2.071|2026-04-01
21440|1.769|1.769|2.099|2.099|2026-04-01
21452|1.899|1.749|2.239|2.089|2026-04-01
21453|1.698|1.698|2.057|2.057|2026-04-01
21456|1.635|1.635|1.959|1.959|2026-04-01
21457|1.799|1.799|2.099|2.099|2026-04-01
21464|1.915|1.705|2.245|2.035|2026-04-01
21470|1.937|1.712|2.253|2.028|2026-04-01
21472|1.749|1.749|2.099|2.099|2026-04-01
21478|1.945|1.73|2.255|2.04|2026-04-01
21484|2.049|1.799|2.399|2.149|2026-04-01
21489|2.079|1.779|2.439|2.139|2026-04-01
21492|1.719|1.719|2.079|2.079|2026-04-01
21493|1.779|1.779|2.149|2.149|2026-04-01
21494|1.779|NA|2.159|NA|2026-04-01
21499|NA|1.847|NA|2.175|2026-04-01
21505|1.799|1.799|2.169|2.169|2026-04-01
21507|2.42|1.776|2.763|2.106|2026-04-01
21508|1.947|1.732|2.263|2.048|2026-04-01
21509|NA|1.719|NA|2.079|2026-04-01
21511|1.769|1.769|2.139|2.139|2026-04-01
21529|1.939|1.739|2.299|2.099|2026-04-01
21531|1.947|1.737|2.255|2.045|2026-04-01
21532|1.952|1.742|2.255|2.045|2026-04-01
21544|NA|1.709|NA|2.069|2026-04-01
21545|1.839|1.739|2.139|2.039|2026-04-01
21554|2.189|1.839|2.499|2.149|2026-04-01
21558|1.739|1.719|2.079|2.059|2026-04-01
21563|1.819|NA|2.129|NA|2026-04-01
21575|2.059|1.759|2.369|2.069|2026-04-01
21576|1.947|1.737|2.25|2.04|2026-04-01
21596|2.069|1.819|2.399|2.149|2026-04-01
21600|1.958|1.758|2.288|2.088|2026-04-01
21602|1.769|1.769|2.159|2.159|2026-04-01
21605|1.789|1.789|2.159|2.159|2026-04-01
21612|1.739|1.739|2.059|2.059|2026-04-01
21616|1.697|1.697|2.029|2.029|2026-04-01
21627|1.939|1.739|2.299|2.099|2026-04-01
21644|1.819|1.739|2.159|2.079|2026-04-01
21649|1.769|NA|2.049|NA|2026-04-01
21653|NA|1.839|NA|2.109|2026-04-01
21654|NA|1.699|NA|2.079|2026-04-01
21656|NA|1.679|NA|2.019|2026-04-01
21658|NA|1.759|NA|2.039|2026-04-01
21659|NA|1.749|NA|2.059|2026-04-01
21662|NA|1.769|NA|2.049|2026-04-01
21663|1.889|1.729|2.249|2.089|2026-04-01
21664|NA|1.739|NA|2.099|2026-04-01
21665|1.989|1.779|2.299|2.099|2026-04-01
21666|1.909|1.739|2.239|2.069|2026-04-01
21667|NA|1.759|NA|2.109|2026-04-01
21668|1.989|1.779|2.309|2.099|2026-04-01
21669|1.989|1.779|2.269|2.059|2026-04-01
21670|1.969|1.799|2.119|2.099|2026-04-01
21677|1.759|1.759|2.099|2.099|2026-04-01
21685|2.055|1.835|2.285|2.065|2026-04-01
21690|1.889|1.889|2.109|2.109|2026-04-01
21695|1.82|1.82|2.14|2.14|2026-04-01
21704|NA|1.739|NA|2.049|2026-04-01
21706|2.019|1.826|2.339|2.146|2026-04-01
21709|1.983|1.749|2.333|2.099|2026-04-01
21714|1.937|1.937|2.247|2.247|2026-04-01
21715|1.957|1.737|2.253|2.033|2026-04-01
21718|NA|1.745|NA|2.053|2026-04-01
21720|NA|1.859|NA|2.099|2026-04-01
21721|1.885|1.885|2.195|2.195|2026-04-01
21733|NA|1.719|NA|2.099|2026-04-01
21736|1.909|1.759|2.299|2.149|2026-04-01
21742|NA|1.719|NA|2.099|2026-04-01
21753|1.789|1.789|2.119|2.119|2026-04-01
21756|1.919|1.739|2.189|2.019|2026-04-01
21763|1.779|1.759|2.099|2.079|2026-04-01
21771|1.959|1.759|2.329|2.129|2026-04-01
21772|1.869|1.869|2.249|2.249|2026-04-01
21782|2.406|1.759|2.749|2.099|2026-04-01
21783|2.406|1.759|2.749|2.099|2026-04-01
21785|1.759|1.759|2.099|2.099|2026-04-01
21789|1.799|1.799|2.185|2.185|2026-04-01
21792|1.957|1.737|2.26|2.04|2026-04-01
21793|1.957|1.737|2.26|2.04|2026-04-01
21803|1.799|1.799|2.139|2.139|2026-04-01
21805|NA|1.748|NA|2.108|2026-04-01
21809|NA|1.769|NA|2.159|2026-04-01
21810|NA|1.777|NA|2.119|2026-04-01
21816|1.789|1.789|2.079|2.079|2026-04-01
21821|1.957|1.737|2.253|2.033|2026-04-01
21823|1.707|1.707|2.037|2.037|2026-04-01
21828|1.92|1.71|2.245|2.035|2026-04-01
21831|1.79|1.75|2.08|2.04|2026-04-01
21834|2.099|1.759|2.399|2.149|2026-04-01
21838|NA|1.749|NA|2.139|2026-04-01
21841|2.049|1.799|2.369|2.099|2026-04-01
21842|NA|1.769|NA|2.159|2026-04-01
21843|1.849|1.799|2.149|2.099|2026-04-01
21844|1.729|1.729|2.019|2.019|2026-04-01
21846|NA|1.749|NA|2.079|2026-04-01
21849|NA|1.779|NA|2.149|2026-04-01
21850|1.799|1.799|2.099|2.099|2026-04-01
21851|NA|1.779|NA|2.149|2026-04-01
21852|1.793|1.793|2.165|2.165|2026-04-01
21853|NA|1.799|NA|2.149|2026-04-01
21856|1.933|1.723|2.305|2.115|2026-04-01
21857|1.822|1.822|2.173|2.173|2026-04-01
21858|1.978|1.768|2.32|2.13|2026-04-01
21859|NA|1.779|NA|2.149|2026-04-01
21862|NA|1.779|NA|2.149|2026-04-01
21863|NA|1.749|NA|2.049|2026-04-01
21864|1.759|NA|1.989|NA|2026-04-01
21866|1.493|1.493|1.568|1.568|2026-04-01
21869|1.493|1.493|1.568|1.568|2026-04-01
21873|1.969|1.749|2.299|2.079|2026-04-01
21878|NA|1.717|NA|2.033|2026-04-01
21898|1.799|1.799|2.149|2.149|2026-04-01
21900|NA|1.699|NA|2.099|2026-04-01
21902|NA|1.749|NA|2.039|2026-04-01
21916|1.957|1.737|2.253|2.033|2026-04-01
21937|1.919|1.719|2.269|2.069|2026-04-01
21942|1.849|NA|2.159|NA|2026-04-01
21943|NA|1.778|NA|2.138|2026-04-01
21952|1.982|1.776|2.306|2.096|2026-04-01
21956|1.952|1.737|2.268|2.053|2026-04-01
21965|1.799|1.719|2.159|2.079|2026-04-01
21970|1.759|1.759|2.049|2.049|2026-04-01
21972|1.852|NA|2.141|NA|2026-04-01
21974|1.899|1.899|2.149|2.149|2026-04-01
21981|1.859|1.799|2.139|2.059|2026-04-01
21983|1.779|NA|2.139|NA|2026-04-01
21985|1.819|1.819|2.139|2.139|2026-04-01
21991|1.769|1.769|2.089|2.089|2026-04-01
21996|NA|1.759|NA|2.029|2026-04-01
21999|2.008|1.759|2.328|2.079|2026-04-01
22008|1.759|1.759|2.049|2.049|2026-04-01
22010|1.989|1.779|2.309|2.099|2026-04-01
22013|1.719|1.718|2.069|2.069|2026-04-01
22028|1.939|1.739|2.309|2.109|2026-04-01
22037|1.909|1.779|2.238|2.108|2026-04-01
22042|2.159|1.799|2.509|2.139|2026-04-01
22050|1.798|1.798|2.078|2.078|2026-04-01
22051|1.957|1.737|2.26|2.039|2026-04-01
22075|NA|1.715|NA|2.045|2026-04-01
22077|1.699|NA|2.099|NA|2026-04-01
22084|1.979|1.779|2.349|2.149|2026-04-01
22085|NA|1.727|NA|1.997|2026-04-01
22086|1.719|NA|2.099|NA|2026-04-01
22087|NA|1.719|NA|2.059|2026-04-01
22089|1.73|NA|2.05|NA|2026-04-01
22094|2.077|1.809|2.417|2.149|2026-04-01
22096|NA|1.719|NA|2.069|2026-04-01
22097|NA|1.759|NA|2.119|2026-04-01
22102|NA|1.719|NA|2.089|2026-04-01
22103|NA|1.759|NA|2.079|2026-04-01
22105|NA|1.779|NA|2.159|2026-04-01
22106|NA|1.779|NA|2.159|2026-04-01
22107|1.889|1.699|2.279|2.089|2026-04-01
22116|NA|1.793|NA|2.099|2026-04-01
22117|1.759|1.759|2.059|2.059|2026-04-01
22118|2.199|1.849|2.52|2.169|2026-04-01
22121|1.729|1.729|2.159|2.159|2026-04-01
22122|NA|1.757|NA|2.142|2026-04-01
22123|NA|1.779|NA|2.159|2026-04-01
22125|NA|1.779|NA|2.149|2026-04-01
22127|NA|1.779|NA|2.149|2026-04-01
22128|NA|1.789|NA|2.159|2026-04-01
22133|NA|1.758|NA|2.138|2026-04-01
22134|NA|1.764|NA|2.094|2026-04-01
22135|NA|1.769|NA|2.089|2026-04-01
22148|NA|1.739|NA|2.099|2026-04-01
22153|1.899|1.899|2.199|2.199|2026-04-01
22158|NA|1.749|NA|2.069|2026-04-01
22159|NA|1.879|NA|2.129|2026-04-01
22163|NA|1.779|NA|2.099|2026-04-01
22167|2.075|1.815|2.418|2.128|2026-04-01
22171|2.075|1.815|2.418|2.128|2026-04-01
22175|1.957|1.737|2.265|2.045|2026-04-01
22181|1.689|1.689|1.699|1.699|2026-04-01
22183|NA|1.699|NA|1.999|2026-04-01
22186|1.699|1.699|2.039|2.039|2026-04-01
22193|1.969|1.729|2.309|2.069|2026-04-01
22196|1.96|1.71|2.36|2.11|2026-04-01
22209|1.898|1.669|2.268|2.039|2026-04-01
22212|1.715|NA|2.015|NA|2026-04-01
22213|2.039|1.849|2.359|2.169|2026-04-01
22220|NA|1.709|NA|2.039|2026-04-01
22225|1.829|1.829|2.179|2.179|2026-04-01
22226|2.025|1.735|2.338|2.048|2026-04-01
22229|NA|1.749|NA|2.069|2026-04-01
22230|1.749|NA|2.069|NA|2026-04-01
22235|1.815|1.815|2.199|2.199|2026-04-01
22236|NA|1.799|NA|2.159|2026-04-01
22243|1.957|1.737|2.26|2.04|2026-04-01
22248|NA|1.737|NA|2.05|2026-04-01
22253|NA|1.719|NA|2.039|2026-04-01
22255|1.967|1.747|2.273|2.053|2026-04-01
22258|1.759|1.759|2.079|2.079|2026-04-01
22262|1.967|1.747|2.249|2.029|2026-04-01
22264|1.839|1.719|2.119|1.999|2026-04-01
22265|NA|1.689|NA|1.999|2026-04-01
22269|2.058|1.839|2.338|2.119|2026-04-01
22274|1.946|1.746|2.249|2.049|2026-04-01
22280|1.769|NA|2.029|NA|2026-04-01
22285|NA|1.839|NA|2.129|2026-04-01
22286|NA|1.739|NA|2.059|2026-04-01
22289|2.099|1.799|2.399|2.099|2026-04-01
22291|NA|1.779|NA|2.239|2026-04-01
22292|1.959|1.769|2.319|2.129|2026-04-01
22293|NA|1.769|NA|2.099|2026-04-01
22296|NA|1.749|NA|2.099|2026-04-01
22297|1.728|1.728|2.108|2.108|2026-04-01
22299|NA|1.849|NA|2.109|2026-04-01
22300|NA|1.779|NA|2.149|2026-04-01
22301|NA|1.779|NA|2.149|2026-04-01
22302|NA|1.698|NA|2.098|2026-04-01
22303|NA|1.739|NA|2.099|2026-04-01
22312|1.979|1.769|2.269|2.059|2026-04-01
22313|1.957|1.737|2.265|2.045|2026-04-01
22316|1.957|1.737|2.253|2.033|2026-04-01
22317|1.739|1.739|2.119|2.119|2026-04-01
22318|1.829|1.729|2.179|2.079|2026-04-01
22319|2.119|1.819|2.429|2.129|2026-04-01
22322|1.775|1.775|2.075|2.075|2026-04-01
22328|2.008|1.779|2.328|2.099|2026-04-01
22330|NA|1.729|NA|2.099|2026-04-01
22331|NA|1.699|NA|2.019|2026-04-01
22332|NA|1.699|NA|2.069|2026-04-01
22333|2.039|1.759|2.399|2.119|2026-04-01
22335|NA|1.779|NA|2.119|2026-04-01
22338|1.699|1.699|2.049|2.049|2026-04-01
22355|NA|1.759|NA|2.069|2026-04-01
22356|1.739|1.739|2.049|2.049|2026-04-01
22358|1.892|1.892|2.089|2.089|2026-04-01
22361|NA|1.719|NA|2.099|2026-04-01
22367|1.748|1.748|2.148|2.148|2026-04-01
22369|NA|1.739|NA|2.129|2026-04-01
22371|1.969|1.749|2.319|2.099|2026-04-01
22373|NA|1.719|NA|2.059|2026-04-01
22375|NA|1.799|NA|2.059|2026-04-01
22380|1.723|1.723|2.105|2.105|2026-04-01
22381|1.993|1.833|2.355|2.165|2026-04-01
22383|1.983|1.773|2.355|2.165|2026-04-01
22384|1.983|1.773|2.355|2.165|2026-04-01
22385|1.925|1.715|2.245|2.035|2026-04-01
22393|1.879|NA|2.249|NA|2026-04-01
22395|NA|1.759|NA|2.169|2026-04-01
22410|1.967|1.747|2.283|2.063|2026-04-01
22415|1.922|1.712|2.238|2.028|2026-04-01
22417|1.922|1.712|2.238|2.028|2026-04-01
22418|1.819|1.819|2.169|2.169|2026-04-01
22419|1.809|NA|2.119|NA|2026-04-01
22424|1.759|1.759|2.079|2.079|2026-04-01
22428|2.029|1.779|2.349|2.099|2026-04-01
22430|2.079|1.779|2.399|2.099|2026-04-01
22433|1.949|1.759|2.319|2.129|2026-04-01
22436|NA|1.769|NA|2.099|2026-04-01
22437|1.899|1.799|2.139|2.039|2026-04-01
22440|NA|1.789|NA|2.089|2026-04-01
22442|1.949|1.749|2.339|2.139|2026-04-01
22443|1.962|1.742|2.265|2.045|2026-04-01
22449|1.759|NA|2.099|NA|2026-04-01
22452|NA|1.719|NA|2.035|2026-04-01
22453|NA|1.689|2.099|2.029|2026-04-01
22454|NA|1.729|NA|2.029|2026-04-01
22456|NA|1.715|NA|2.013|2026-04-01
22458|NA|1.689|NA|2.025|2026-04-01
22462|1.555|NA|1.725|NA|2026-04-01
22463|NA|1.749|NA|2.059|2026-04-01
22464|NA|1.739|NA|2.079|2026-04-01
22469|2.079|1.779|2.449|2.149|2026-04-01
22472|1.699|NA|2.059|NA|2026-04-01
22473|NA|1.839|NA|2.129|2026-04-01
22479|NA|1.759|NA|2.129|2026-04-01
22484|NA|1.719|NA|2.089|2026-04-01
22486|1.87|1.64|2.229|1.999|2026-04-01
22491|1.789|1.789|2.139|2.139|2026-04-01
22494|NA|1.799|NA|2.149|2026-04-01
22500|NA|1.689|NA|2.099|2026-04-01
22502|1.969|1.759|2.299|2.089|2026-04-01
22517|1.769|1.769|2.129|2.129|2026-04-01
22520|1.969|1.769|2.319|2.119|2026-04-01
22528|1.96|1.735|2.24|2.015|2026-04-01
22529|1.962|1.742|2.265|2.045|2026-04-01
22531|1.979|1.749|2.279|2.059|2026-04-01
22539|1.859|1.859|2.059|2.059|2026-04-01
22545|1.942|1.732|2.238|2.028|2026-04-01
22550|1.799|NA|2.149|NA|2026-04-01
22554|1.949|1.799|2.249|2.099|2026-04-01
22557|1.889|1.769|2.199|2.079|2026-04-01
22564|1.949|1.949|2.259|2.259|2026-04-01
22566|1.959|1.739|2.279|2.059|2026-04-01
22572|1.939|1.739|2.259|2.059|2026-04-01
22581|1.949|1.719|2.289|2.059|2026-04-01
22582|1.929|1.699|2.279|2.049|2026-04-01
22583|NA|1.699|NA|2.019|2026-04-01
22618|1.717|1.717|2.027|2.027|2026-04-01
22620|2.406|1.759|2.749|2.099|2026-04-01
22627|1.999|1.799|2.299|2.099|2026-04-01
22628|1.49|1.49|1.569|1.569|2026-04-01
22634|1.937|1.717|2.255|2.035|2026-04-01
22640|NA|1.819|NA|2.139|2026-04-01
22642|NA|1.749|NA|2.099|2026-04-01
22643|NA|1.749|NA|2.119|2026-04-01
22644|NA|1.749|NA|2.119|2026-04-01
22645|NA|1.749|NA|2.129|2026-04-01
22647|NA|1.699|NA|2.039|2026-04-01
22650|1.983|1.773|2.305|2.115|2026-04-01
22654|1.768|1.768|2.048|2.048|2026-04-01
22661|1.957|1.737|2.265|2.045|2026-04-01
22662|NA|1.719|NA|2.049|2026-04-01
22666|1.945|1.725|2.265|2.045|2026-04-01
22669|1.925|1.705|2.233|2.013|2026-04-01
22670|1.487|1.487|1.567|1.567|2026-04-01
22675|1.959|1.759|2.289|2.089|2026-04-01
22682|1.989|1.899|2.209|2.099|2026-04-01
22683|NA|1.715|NA|2.035|2026-04-01
22687|1.488|1.488|1.565|1.565|2026-04-01
22691|1.759|NA|2.109|NA|2026-04-01
22745|1.975|1.775|2.195|1.995|2026-04-01
22755|1.669|NA|1.989|NA|2026-04-01
22761|1.949|1.799|2.269|2.119|2026-04-01
22764|NA|1.809|NA|2.079|2026-04-01
22765|NA|1.799|NA|2.039|2026-04-01
22775|NA|1.729|NA|2.059|2026-04-01
22783|1.919|1.719|2.289|2.089|2026-04-01
22794|NA|1.729|NA|2.119|2026-04-01
22812|1.959|1.759|2.279|2.079|2026-04-01
22816|1.955|1.735|2.245|2.025|2026-04-01
22817|1.768|1.768|2.047|2.047|2026-04-01
22821|NA|1.749|NA|2.099|2026-04-01
22825|1.779|1.779|2.099|2.099|2026-04-01
22826|NA|1.749|NA|1.939|2026-04-01
22847|NA|1.739|NA|2.059|2026-04-01
22849|1.788|1.788|2.068|2.068|2026-04-01
22856|1.749|1.749|2.099|2.099|2026-04-01
22858|NA|1.779|NA|2.139|2026-04-01
22863|2.14|NA|2.08|NA|2026-04-01
22869|1.799|NA|2.169|NA|2026-04-01
22870|NA|1.718|NA|2.118|2026-04-01
22871|NA|1.699|NA|2.019|2026-04-01
22872|NA|1.789|NA|2.159|2026-04-01
22874|1.957|1.737|2.253|2.035|2026-04-01
22877|1.94|1.72|2.26|2.04|2026-04-01
22879|1.799|1.799|2.129|2.129|2026-04-01
22883|NA|1.799|NA|2.159|2026-04-01
22887|NA|1.799|NA|2.159|2026-04-01
22888|NA|1.779|NA|2.079|2026-04-01
22889|NA|1.799|NA|2.149|2026-04-01
22890|NA|1.739|NA|2.099|2026-04-01
22891|NA|1.719|NA|2.029|2026-04-01
22892|NA|1.729|NA|2.049|2026-04-01
22893|NA|1.779|NA|2.149|2026-04-01
22895|NA|1.699|NA|2.019|2026-04-01
22896|NA|1.769|NA|2.019|2026-04-01
22903|1.709|NA|2.079|NA|2026-04-01
22907|1.759|1.759|2.059|2.059|2026-04-01
22909|NA|1.719|NA|2.019|2026-04-01
22915|1.799|1.799|2.159|2.159|2026-04-01
22927|1.957|1.737|2.255|2.035|2026-04-01
22942|1.952|1.742|2.258|2.048|2026-04-01
22943|1.709|1.709|1.999|1.999|2026-04-01
22948|1.748|1.748|2.098|2.098|2026-04-01
22951|NA|1.67|NA|2.029|2026-04-01
22952|1.748|1.748|2.078|2.078|2026-04-01
22958|1.933|1.779|2.213|2.079|2026-04-01
22959|1.879|1.779|2.219|2.119|2026-04-01
22967|NA|1.779|NA|2.159|2026-04-01
22969|NA|1.739|NA|2.069|2026-04-01
22970|NA|1.749|NA|2.079|2026-04-01
22976|1.769|1.769|2.089|2.089|2026-04-01
22977|1.939|1.729|2.269|2.059|2026-04-01
22979|1.885|1.705|2.235|2.055|2026-04-01
22981|NA|1.859|NA|2.129|2026-04-01
22986|1.835|1.835|2.165|2.165|2026-04-01
22987|1.773|1.773|2.115|2.115|2026-04-01
22997|NA|1.729|NA|1.999|2026-04-01
22998|1.749|NA|2.049|NA|2026-04-01
23000|NA|1.749|NA|2.099|2026-04-01
23002|1.759|1.759|2.079|2.079|2026-04-01
23006|1.779|1.759|2.149|2.129|2026-04-01
23007|1.688|1.688|1.948|1.948|2026-04-01
23011|NA|1.709|NA|2.019|2026-04-01
23012|NA|1.739|NA|2.019|2026-04-01
23014|NA|1.735|NA|2.055|2026-04-01
23015|1.94|1.72|2.273|2.053|2026-04-01
23021|1.967|1.742|2.273|2.048|2026-04-01
23025|NA|1.779|NA|2.059|2026-04-01
23055|1.789|1.789|2.139|2.139|2026-04-01
23059|NA|1.749|NA|2.069|2026-04-01
23060|1.779|NA|2.099|NA|2026-04-01
23062|1.799|1.799|2.159|2.159|2026-04-01
23066|1.789|1.739|2.119|2.069|2026-04-01
23069|1.719|1.719|2.019|2.019|2026-04-01
23070|NA|1.729|NA|2.069|2026-04-01
23075|NA|1.799|NA|2.099|2026-04-01
23077|1.937|1.718|2.298|2.068|2026-04-01
23081|NA|1.729|NA|2.049|2026-04-01
23082|NA|1.739|NA|2.089|2026-04-01
23087|NA|1.719|NA|1.999|2026-04-01
23101|NA|1.799|NA|2.149|2026-04-01
23102|NA|1.729|NA|2.059|2026-04-01
23107|1.779|1.779|2.149|2.149|2026-04-01
23111|1.759|1.759|2.089|2.089|2026-04-01
23113|NA|1.737|NA|2.053|2026-04-01
23114|1.775|1.775|2.115|2.115|2026-04-01
23115|NA|1.769|NA|2.099|2026-04-01
23116|NA|1.789|NA|2.119|2026-04-01
23117|NA|1.819|NA|2.199|2026-04-01
23118|NA|1.799|NA|2.139|2026-04-01
23120|NA|1.779|NA|2.159|2026-04-01
23122|NA|1.769|NA|2.069|2026-04-01
23125|1.9|1.795|2.25|2.13|2026-04-01
23130|NA|1.689|NA|2.059|2026-04-01
23132|NA|1.739|NA|2.079|2026-04-01
23134|1.959|1.739|1.859|1.639|2026-04-01
23138|NA|1.739|NA|2.039|2026-04-01
23148|1.799|1.799|2.099|2.099|2026-04-01
23156|NA|1.759|NA|2.119|2026-04-01
23163|1.678|1.678|1.909|1.909|2026-04-01
23165|1.678|1.678|1.909|1.909|2026-04-01
23170|1.729|1.729|2.059|2.059|2026-04-01
23187|NA|1.769|NA|2.099|2026-04-01
23193|1.699|1.699|2.039|2.039|2026-04-01
23211|NA|1.759|NA|2.029|2026-04-01
23216|1.95|1.73|2.265|2.045|2026-04-01
23218|1.754|1.754|2.129|2.129|2026-04-01
23219|1.493|1.493|1.559|1.559|2026-04-01
23223|NA|1.769|NA|2.139|2026-04-01
23226|1.728|1.728|1.998|1.998|2026-04-01
23229|1.747|1.747|2.079|2.079|2026-04-01
23235|1.711|NA|2.011|NA|2026-04-01
23238|NA|1.769|NA|2.069|2026-04-01
23239|1.715|NA|1.995|NA|2026-04-01
23246|1.942|1.732|2.238|2.028|2026-04-01
23247|1.779|1.719|2.119|2.059|2026-04-01
23248|1.799|1.719|2.139|2.059|2026-04-01
23259|1.879|1.769|2.229|2.119|2026-04-01
23260|1.919|1.769|2.279|2.129|2026-04-01
23265|NA|1.729|NA|2.099|2026-04-01
23277|1.765|1.765|2.139|2.139|2026-04-01
23279|1.947|1.737|2.281|2.071|2026-04-01
23284|1.929|1.729|2.299|2.099|2026-04-01
23287|NA|1.759|NA|2.079|2026-04-01
23293|1.942|1.732|2.258|2.048|2026-04-01
23295|1.812|1.712|2.128|2.028|2026-04-01
23303|1.76|1.76|1.99|1.99|2026-04-01
23316|1.925|1.745|2.225|2.045|2026-04-01
23317|1.965|1.725|2.455|2.075|2026-04-01
23319|NA|1.754|NA|2.054|2026-04-01
23320|NA|1.754|NA|2.054|2026-04-01
23321|NA|1.719|NA|2.079|2026-04-01
23325|1.899|1.749|2.199|2.049|2026-04-01
23326|1.879|1.729|2.179|2.029|2026-04-01
23332|1.739|NA|2.049|NA|2026-04-01
23333|1.749|NA|2.049|NA|2026-04-01
23337|1.929|1.719|2.339|2.129|2026-04-01
23339|NA|1.759|NA|2.099|2026-04-01
23342|NA|1.745|NA|2.047|2026-04-01
23343|NA|1.739|NA|2.079|2026-04-01
23344|NA|1.769|NA|2.099|2026-04-01
23359|1.879|1.679|2.309|2.109|2026-04-01
23367|1.955|1.735|2.255|2.035|2026-04-01
23376|NA|1.739|NA|2.019|2026-04-01
23383|NA|1.74|NA|2.01|2026-04-01
23384|1.889|NA|2.119|NA|2026-04-01
23390|1.899|1.699|2.049|1.849|2026-04-01
23392|1.937|1.717|2.253|2.033|2026-04-01
23393|NA|1.799|NA|2.149|2026-04-01
23394|NA|1.777|NA|2.149|2026-04-01
23397|1.72|1.72|1.999|1.999|2026-04-01
23398|1.67|1.67|1.999|1.999|2026-04-01
23401|1.839|1.839|1.999|1.999|2026-04-01
23405|NA|1.789|NA|2.089|2026-04-01
23409|NA|1.749|NA|2.099|2026-04-01
23410|NA|1.799|NA|2.099|2026-04-01
23415|1.967|1.747|2.273|2.053|2026-04-01
23418|2.014|1.785|2.354|2.125|2026-04-01
23420|1.925|1.745|2.275|2.095|2026-04-01
23421|1.935|1.745|2.285|2.095|2026-04-01
23423|NA|1.769|NA|2.059|2026-04-01
23426|1.749|1.749|2.129|2.129|2026-04-01
23429|NA|1.739|NA|2.059|2026-04-01
23431|1.957|1.737|2.291|2.071|2026-04-01
23438|2.019|1.792|2.359|2.132|2026-04-01
23440|NA|1.699|NA|2.019|2026-04-01
23441|1.715|1.715|2.045|2.045|2026-04-01
23442|NA|1.789|NA|2.119|2026-04-01
23443|NA|1.799|NA|2.019|2026-04-01
23455|NA|1.737|NA|2.053|2026-04-01
23459|NA|1.679|NA|2.049|2026-04-01
23461|2.008|1.796|2.309|2.099|2026-04-01
23463|1.959|1.749|2.269|2.059|2026-04-01
23464|1.959|1.719|2.284|2.044|2026-04-01
23476|1.848|1.749|2.168|2.069|2026-04-01
23477|1.952|1.732|2.255|2.035|2026-04-01
23482|NA|1.779|NA|2.149|2026-04-01
23483|1.957|1.732|2.273|2.048|2026-04-01
23486|NA|1.729|NA|2.089|2026-04-01
23494|NA|1.799|NA|2.149|2026-04-01
23495|NA|1.839|NA|2.207|2026-04-01
23499|1.957|1.737|2.273|2.053|2026-04-01
23501|1.934|1.712|2.25|2.028|2026-04-01
23502|1.777|1.777|2.142|2.142|2026-04-01
23504|NA|1.739|NA|2.089|2026-04-01
23521|NA|1.759|NA|2.099|2026-04-01
23524|2.029|1.779|2.399|2.149|2026-04-01
23539|1.96|NA|2.15|NA|2026-04-01
23543|1.819|1.719|2.099|1.999|2026-04-01
23544|1.769|1.719|2.049|1.999|2026-04-01
23547|1.942|1.732|2.245|2.035|2026-04-01
23552|NA|1.799|NA|2.019|2026-04-01
23558|NA|1.709|NA|2.019|2026-04-01
23561|1.833|1.803|2.175|2.145|2026-04-01
23570|1.858|1.748|2.137|2.037|2026-04-01
23573|2.027|1.764|2.417|2.154|2026-04-01
23575|2.009|1.752|2.343|2.086|2026-04-01
23578|1.947|1.737|2.281|2.071|2026-04-01
23584|NA|1.709|NA|2.079|2026-04-01
23588|1.869|1.769|2.189|2.089|2026-04-01
23597|1.957|1.737|2.273|2.053|2026-04-01
23606|NA|1.759|NA|2.049|2026-04-01
23614|1.839|1.839|2.149|2.149|2026-04-01
23620|NA|1.799|NA|2.099|2026-04-01
23625|1.957|1.737|2.27|2.05|2026-04-01
23627|1.729|1.729|2.099|2.099|2026-04-01
23630|NA|1.719|NA|2.139|2026-04-01
23637|1.729|1.729|NA|NA|2026-04-01
23643|NA|1.799|NA|2.119|2026-04-01
23645|NA|1.759|NA|2.099|2026-04-01
23647|NA|1.699|NA|2.059|2026-04-01
23648|NA|1.729|NA|2.039|2026-04-01
23656|1.72|1.72|1.999|1.999|2026-04-01
23659|1.899|1.799|2.249|2.149|2026-04-01
23662|NA|1.739|NA|2.129|2026-04-01
23663|1.947|1.737|2.281|2.071|2026-04-01
23664|1.999|NA|2.259|NA|2026-04-01
23668|1.758|1.758|2.058|2.058|2026-04-01
23669|1.989|1.789|2.299|2.099|2026-04-01
23670|1.947|1.737|2.263|2.053|2026-04-01
23672|1.846|NA|2.146|NA|2026-04-01
23673|NA|1.719|NA|2.059|2026-04-01
23674|NA|1.749|NA|2.079|2026-04-01
23675|NA|1.779|NA|2.119|2026-04-01
23676|NA|1.719|NA|2.079|2026-04-01
23677|NA|1.729|NA|2.059|2026-04-01
23678|1.699|1.699|2.019|2.019|2026-04-01
23679|NA|1.799|NA|2.139|2026-04-01
23680|1.955|1.735|2.273|2.053|2026-04-01
23682|NA|1.739|NA|2.049|2026-04-01
23683|1.967|1.747|2.275|2.055|2026-04-01
23686|NA|1.739|NA|2.049|2026-04-01
23691|1.799|NA|2.059|NA|2026-04-01
23695|1.942|1.732|2.255|2.045|2026-04-01
23698|NA|1.729|NA|2.029|2026-04-01
23706|1.909|1.769|2.149|2.149|2026-04-01
23707|NA|1.739|NA|2.079|2026-04-01
23708|1.813|1.813|2.165|2.165|2026-04-01
23709|1.768|1.768|2.14|2.14|2026-04-01
23710|1.899|1.799|2.249|2.149|2026-04-01
23716|NA|1.779|NA|2.149|2026-04-01
23723|1.989|1.799|2.289|2.099|2026-04-01
23747|NA|1.759|NA|2.099|2026-04-01
23763|NA|1.759|NA|2.069|2026-04-01
23764|NA|1.819|NA|2.159|2026-04-01
23765|1.937|1.717|2.273|2.053|2026-04-01
23767|1.839|1.839|2.169|2.169|2026-04-01
23768|1.729|1.699|2.099|2.099|2026-04-01
23777|2.059|1.759|2.389|2.089|2026-04-01
23778|1.869|1.769|2.189|2.089|2026-04-01
23788|NA|1.759|NA|2.099|2026-04-01
23789|NA|1.779|NA|2.149|2026-04-01
23790|NA|1.739|NA|2.059|2026-04-01
23792|NA|1.689|NA|1.999|2026-04-01
23796|1.858|1.759|2.238|2.139|2026-04-01
23802|1.699|NA|1.979|NA|2026-04-01
23808|1.769|1.769|2.079|2.079|2026-04-01
23813|1.957|1.737|2.273|2.053|2026-04-01
23814|NA|1.799|NA|2.159|2026-04-01
23815|NA|1.739|NA|2.099|2026-04-01
23816|NA|1.809|NA|2.159|2026-04-01
23817|1.94|1.715|2.26|2.035|2026-04-01
23820|NA|1.729|NA|2.029|2026-04-01
23828|1.939|1.739|2.299|2.099|2026-04-01
23835|NA|1.739|NA|2.089|2026-04-01
23837|NA|1.699|NA|2.059|2026-04-01
23842|1.849|1.729|2.179|2.059|2026-04-01
23849|NA|1.749|NA|2.139|2026-04-01
23863|1.819|1.819|2.079|2.079|2026-04-01
23872|NA|1.719|NA|2.029|2026-04-01
23873|NA|1.739|NA|2.089|2026-04-01
23874|NA|1.729|NA|2.059|2026-04-01
23875|NA|1.719|NA|2.049|2026-04-01
23876|NA|1.739|NA|2.079|2026-04-01
23877|NA|1.749|NA|2.019|2026-04-01
23884|NA|1.759|NA|2.159|2026-04-01
23888|1.974|1.749|2.174|1.949|2026-04-01
23889|1.957|1.737|2.273|2.053|2026-04-01
23892|NA|1.737|NA|2.071|2026-04-01
23893|1.799|1.799|2.099|2.099|2026-04-01
23894|1.942|1.732|2.258|2.048|2026-04-01
23897|1.799|NA|2.099|NA|2026-04-01
23907|NA|1.735|NA|2.01|2026-04-01
23908|2.079|1.839|2.399|2.159|2026-04-01
23909|1.779|NA|2.059|NA|2026-04-01
23910|NA|1.749|NA|2.129|2026-04-01
23934|NA|1.719|NA|2.039|2026-04-01
23949|1.758|1.758|2.038|2.038|2026-04-01
23951|NA|1.749|NA|2.089|2026-04-01
23954|NA|1.737|NA|2.035|2026-04-01
23956|NA|1.799|NA|2.099|2026-04-01
23968|NA|1.787|NA|2.069|2026-04-01
23969|1.74|1.74|2.06|2.06|2026-04-01
23977|1.799|1.799|1.999|1.999|2026-04-01
23980|NA|1.769|NA|2.089|2026-04-01
23991|1.889|1.749|2.189|2.049|2026-04-01
23993|2.099|1.799|2.419|2.119|2026-04-01
23997|2.139|1.799|2.439|2.099|2026-04-01
24005|1.735|1.735|2.049|2.049|2026-04-01
24021|NA|1.779|NA|2.099|2026-04-01
24022|NA|1.769|NA|2.139|2026-04-01
24023|2.005|1.755|2.449|2.199|2026-04-01
24027|1.799|NA|2.099|NA|2026-04-01
24028|NA|1.779|NA|2.099|2026-04-01
24029|1.749|1.749|NA|NA|2026-04-01
24037|1.957|1.737|2.273|2.053|2026-04-01
24038|NA|1.689|NA|2.029|2026-04-01
24042|1.839|1.839|2.209|2.209|2026-04-01
24044|1.759|1.759|2.129|2.129|2026-04-01
24046|NA|1.709|NA|2.019|2026-04-01
24047|NA|1.729|NA|2.069|2026-04-01
24049|1.957|1.737|2.253|2.033|2026-04-01
24061|1.999|1.799|2.349|2.149|2026-04-01
24081|1.967|1.742|2.27|2.045|2026-04-01
24082|1.859|NA|2.169|NA|2026-04-01
24084|NA|1.759|NA|2.159|2026-04-01
24085|NA|1.759|NA|2.139|2026-04-01
24092|NA|1.759|NA|2.069|2026-04-01
24093|NA|1.759|NA|2.069|2026-04-01
24094|NA|1.759|NA|2.069|2026-04-01
24098|NA|1.799|NA|2.159|2026-04-01
24102|1.838|1.788|2.136|2.086|2026-04-01
24108|NA|1.729|NA|2.059|2026-04-01
24110|1.749|1.749|2.059|2.059|2026-04-01
24112|2.109|1.799|2.409|2.099|2026-04-01
24113|NA|1.699|NA|2.059|2026-04-01
24115|NA|1.729|NA|2.069|2026-04-01
24116|1.947|1.737|2.263|2.053|2026-04-01
24123|NA|1.779|NA|2.149|2026-04-01
24124|NA|1.739|NA|2.049|2026-04-01
24126|1.957|1.737|2.253|2.033|2026-04-01
24127|NA|1.799|NA|2.129|2026-04-01
24129|NA|1.739|NA|2.159|2026-04-01
24130|NA|1.699|NA|2.099|2026-04-01
24131|NA|1.699|NA|2.019|2026-04-01
24141|1.945|1.725|2.255|2.035|2026-04-01
24143|NA|1.797|NA|2.057|2026-04-01
24145|NA|1.699|NA|1.999|2026-04-01
24147|NA|1.725|NA|2.041|2026-04-01
24148|NA|1.694|NA|2.054|2026-04-01
24149|NA|1.698|NA|2.044|2026-04-01
24150|NA|1.718|NA|2.045|2026-04-01
24155|NA|1.899|NA|2.099|2026-04-01
24162|2.029|1.829|2.399|2.109|2026-04-01
24163|1.756|1.756|2.036|2.036|2026-04-01
24176|NA|1.719|NA|2.069|2026-04-01
24177|NA|1.799|NA|2.099|2026-04-01
24181|NA|1.719|NA|2.069|2026-04-01
24186|NA|1.729|NA|2.029|2026-04-01
24188|1.979|1.769|2.299|2.089|2026-04-01
24189|1.964|1.779|2.264|2.089|2026-04-01
24190|NA|1.759|NA|2.089|2026-04-01
24195|1.858|1.858|2.179|2.179|2026-04-01
24198|1.753|1.753|2.085|2.085|2026-04-01
24199|1.925|1.715|2.225|2.015|2026-04-01
24204|1.922|1.712|2.245|2.035|2026-04-01
24207|NA|1.729|NA|2.099|2026-04-01
24208|NA|1.769|NA|2.159|2026-04-01
24209|1.942|1.732|2.218|2.008|2026-04-01
24210|2.023|1.759|2.323|2.059|2026-04-01
24220|NA|1.729|NA|2.049|2026-04-01
24221|1.698|1.698|2.025|2.025|2026-04-01
24226|NA|1.759|NA|2.119|2026-04-01
24227|1.777|1.697|2.109|2.029|2026-04-01
24228|1.708|1.708|2.025|2.025|2026-04-01
24229|NA|1.769|NA|2.099|2026-04-01
24230|NA|1.719|NA|2.039|2026-04-01
24233|1.922|1.712|2.245|2.035|2026-04-01
24245|1.849|1.749|2.199|2.099|2026-04-01
24247|2.049|1.749|2.389|2.089|2026-04-01
24248|NA|1.687|NA|2.037|2026-04-01
24249|1.979|1.789|2.259|2.069|2026-04-01
24256|NA|1.729|NA|2.089|2026-04-01
24257|NA|1.779|NA|2.149|2026-04-01
24258|NA|1.749|NA|2.079|2026-04-01
24259|NA|1.758|NA|2.138|2026-04-01
24260|NA|1.699|NA|2.041|2026-04-01
24262|NA|1.739|NA|2.039|2026-04-01
24264|1.933|NA|2.259|NA|2026-04-01
24267|1.969|1.969|2.089|2.089|2026-04-01
24269|1.698|NA|2.048|NA|2026-04-01
24271|1.952|1.732|2.255|2.035|2026-04-01
24274|NA|1.799|NA|2.149|2026-04-01
24275|NA|1.769|NA|2.139|2026-04-01
24277|NA|1.784|NA|2.159|2026-04-01
24278|NA|1.769|NA|2.159|2026-04-01
24279|1.929|1.729|2.229|2.029|2026-04-01
24281|NA|2.073|NA|2.361|2026-04-01
24292|2.011|1.82|2.323|2.132|2026-04-01
24303|1.839|1.749|2.179|2.089|2026-04-01
24304|1.77|1.77|2.069|2.069|2026-04-01
24309|1.489|1.489|1.568|1.568|2026-04-01
24313|NA|1.779|NA|2.149|2026-04-01
24317|1.959|1.749|2.316|2.106|2026-04-01
24324|1.979|1.779|2.349|2.149|2026-04-01
24328|NA|1.759|NA|2.059|2026-04-01
24329|1.674|1.674|2.014|2.014|2026-04-01
24330|1.952|1.732|2.268|2.048|2026-04-01
24344|NA|1.749|NA|2.099|2026-04-01
24354|1.899|1.899|1.849|1.849|2026-04-01
24355|1.819|1.759|2.139|2.079|2026-04-01
24362|NA|1.759|NA|2.149|2026-04-01
24365|NA|1.719|NA|2.039|2026-04-01
24367|1.749|1.749|2.029|2.029|2026-04-01
24368|1.749|1.749|2.029|2.029|2026-04-01
24369|1.949|1.699|2.359|2.109|2026-04-01
24372|NA|1.719|NA|2.029|2026-04-01
24379|NA|1.719|NA|2.099|2026-04-01
24380|1.845|1.845|2.199|2.199|2026-04-01
24382|NA|1.699|NA|2.079|2026-04-01
24383|NA|1.719|NA|2.069|2026-04-01
24385|1.799|1.699|2.189|2.089|2026-04-01
24387|NA|1.732|NA|2.035|2026-04-01
24394|1.945|1.735|2.22|2.01|2026-04-01
24398|2.017|1.799|2.109|2.109|2026-04-01
24399|1.992|1.832|2.355|2.165|2026-04-01
24400|1.832|1.832|2.165|2.165|2026-04-01
24402|NA|1.809|NA|2.149|2026-04-01
24404|NA|1.727|NA|2.047|2026-04-01
24415|1.859|1.759|2.219|2.119|2026-04-01
24417|NA|1.72|NA|2.08|2026-04-01
24421|1.819|1.719|2.149|2.049|2026-04-01
24429|2.049|1.799|2.399|2.149|2026-04-01
24431|NA|1.769|NA|2.149|2026-04-01
24432|NA|1.759|NA|2.079|2026-04-01
24434|1.935|1.755|2.285|2.105|2026-04-01
24436|1.91|1.745|2.16|1.995|2026-04-01
24442|NA|1.759|NA|2.099|2026-04-01
24450|1.92|1.72|2.269|2.069|2026-04-01
24454|1.749|1.749|2.139|2.139|2026-04-01
24458|2.109|1.769|2.339|2.089|2026-04-01
24461|NA|1.689|NA|2.049|2026-04-01
24462|2.069|1.729|2.419|2.049|2026-04-01
24472|1.955|1.735|2.253|2.033|2026-04-01
24473|1.745|1.745|2.065|2.065|2026-04-01
24474|1.699|1.699|2.069|2.069|2026-04-01
24477|NA|1.779|NA|2.059|2026-04-01
24479|1.76|1.76|2.11|2.11|2026-04-01
24482|1.739|1.739|2.099|2.099|2026-04-01
24493|1.942|1.732|2.245|2.035|2026-04-01
24494|NA|1.719|NA|2.059|2026-04-01
24495|NA|1.759|NA|2.069|2026-04-01
24496|NA|1.799|NA|2.149|2026-04-01
24497|1.818|1.718|2.178|2.078|2026-04-01
24504|1.859|1.859|2.059|2.059|2026-04-01
24511|NA|1.719|NA|2.089|2026-04-01
24512|NA|1.759|NA|2.099|2026-04-01
24513|1.945|1.725|2.26|2.04|2026-04-01
24515|1.946|1.746|2.278|2.078|2026-04-01
24518|2.406|1.749|2.763|2.099|2026-04-01
24522|NA|1.769|NA|2.119|2026-04-01
24523|NA|1.739|NA|2.059|2026-04-01
24527|NA|1.779|NA|2.099|2026-04-01
24528|1.949|1.749|2.349|2.149|2026-04-01
24529|1.728|NA|2.098|NA|2026-04-01
24535|NA|1.779|NA|2.149|2026-04-01
24552|1.759|1.759|2.049|2.049|2026-04-01
24559|NA|1.699|NA|2.079|2026-04-01
24568|NA|1.779|NA|2.149|2026-04-01
24574|1.955|1.735|2.273|2.053|2026-04-01
24580|1.773|1.773|2.105|2.105|2026-04-01
24590|NA|1.819|NA|2.159|2026-04-01
24592|NA|1.809|NA|2.149|2026-04-01
24593|NA|1.779|NA|2.139|2026-04-01
24594|NA|1.739|NA|2.079|2026-04-01
24595|NA|1.759|NA|2.099|2026-04-01
24599|NA|1.748|NA|2.049|2026-04-01
24601|1.925|1.715|2.238|2.028|2026-04-01
24607|1.815|1.715|2.113|2.013|2026-04-01
24618|NA|1.779|NA|2.149|2026-04-01
24619|NA|1.759|NA|2.069|2026-04-01
24620|NA|1.809|NA|2.159|2026-04-01
24624|1.942|1.732|2.284|2.094|2026-04-01
24627|NA|1.739|NA|2.059|2026-04-01
24629|1.739|NA|2.059|NA|2026-04-01
24630|NA|1.688|NA|2.037|2026-04-01
24634|NA|1.719|NA|2.069|2026-04-01
24636|NA|1.799|NA|2.179|2026-04-01
24643|NA|1.759|NA|2.059|2026-04-01
24644|2.09|1.89|2.439|2.239|2026-04-01
24647|1.935|1.735|2.278|2.078|2026-04-01
24649|NA|1.719|NA|2.129|2026-04-01
24658|NA|1.779|NA|2.149|2026-04-01
24659|NA|1.819|NA|2.159|2026-04-01
24660|NA|1.749|NA|2.079|2026-04-01
24661|1.799|1.799|2.089|2.089|2026-04-01
24663|NA|1.759|NA|2.158|2026-04-01
24665|NA|1.729|NA|2.099|2026-04-01
24666|1.967|1.747|2.245|2.025|2026-04-01
24667|NA|1.729|NA|2.059|2026-04-01
24668|NA|1.819|NA|2.199|2026-04-01
24673|NA|1.729|NA|2.069|2026-04-01
24674|1.799|1.799|2.099|2.099|2026-04-01
24680|1.755|1.755|2.059|2.059|2026-04-01
24683|NA|1.739|NA|2.059|2026-04-01
24692|NA|1.729|NA|2.099|2026-04-01
24703|NA|1.788|NA|2.118|2026-04-01
24704|NA|1.789|NA|2.159|2026-04-01
24705|NA|1.779|NA|2.139|2026-04-01
24706|NA|1.779|NA|2.159|2026-04-01
24715|1.942|1.732|2.245|2.035|2026-04-01
24718|1.809|1.709|2.189|2.089|2026-04-01
24719|1.779|1.779|2.159|2.159|2026-04-01
24728|1.959|1.759|2.329|2.129|2026-04-01
24733|1.957|1.737|2.255|2.035|2026-04-01
24744|NA|1.737|NA|2.037|2026-04-01
24745|1.927|1.717|2.243|2.033|2026-04-01
24749|1.927|1.717|2.243|2.033|2026-04-01
24752|1.949|1.749|2.199|1.999|2026-04-01
24753|1.749|1.749|1.999|1.999|2026-04-01
24754|1.659|1.659|2.029|2.029|2026-04-01
24755|2.005|1.745|2.325|2.065|2026-04-01
24758|NA|1.749|NA|2.079|2026-04-01
24759|NA|1.749|NA|2.069|2026-04-01
24760|1.779|1.779|2.079|2.079|2026-04-01
24762|NA|1.739|NA|2.029|2026-04-01
24772|1.799|1.799|2.099|2.099|2026-04-01
24774|2.015|1.799|2.315|2.099|2026-04-01
24775|NA|1.839|NA|2.149|2026-04-01
24776|NA|1.779|NA|2.099|2026-04-01
24777|NA|1.759|NA|2.099|2026-04-01
24778|NA|1.739|NA|2.139|2026-04-01
24779|NA|1.789|NA|2.149|2026-04-01
24780|NA|1.789|NA|2.149|2026-04-01
24783|NA|1.719|NA|2.029|2026-04-01
24785|NA|1.699|NA|2.029|2026-04-01
24789|NA|1.759|NA|2.069|2026-04-01
24793|1.759|1.759|2.129|2.129|2026-04-01
24794|1.95|1.73|2.253|2.033|2026-04-01
24798|2.109|1.759|2.409|2.059|2026-04-01
24803|1.809|1.809|2.139|2.139|2026-04-01
24806|NA|1.789|NA|2.149|2026-04-01
24807|NA|1.789|NA|2.099|2026-04-01
24808|NA|1.779|NA|2.149|2026-04-01
24809|NA|1.799|NA|2.149|2026-04-01
24810|NA|1.829|NA|2.149|2026-04-01
24811|NA|1.759|NA|2.159|2026-04-01
24812|NA|1.779|NA|2.099|2026-04-01
24827|2.149|1.799|2.479|2.129|2026-04-01
24829|1.942|1.759|2.258|2.075|2026-04-01
24834|1.988|1.988|2.19|2.19|2026-04-01
24838|NA|1.799|NA|2.069|2026-04-01
24840|1.959|1.759|2.26|2.06|2026-04-01
24841|2.099|1.849|2.349|2.099|2026-04-01
24845|NA|1.769|NA|2.049|2026-04-01
24846|NA|1.769|NA|2.129|2026-04-01
24848|NA|1.699|NA|2.019|2026-04-01
24850|1.942|1.732|2.258|2.048|2026-04-01
24852|2.029|1.779|2.329|2.079|2026-04-01
24853|1.945|1.725|2.255|2.035|2026-04-01
24854|1.965|1.745|2.275|2.055|2026-04-01
24863|1.899|1.699|2.229|2.029|2026-04-01
24864|NA|1.799|NA|2.099|2026-04-01
24867|1.799|1.799|2.099|2.099|2026-04-01
24876|1.94|1.73|2.258|2.048|2026-04-01
24881|NA|1.769|NA|2.069|2026-04-01
24882|NA|1.749|NA|2.059|2026-04-01
24883|1.779|1.779|2.069|2.069|2026-04-01
24884|1.743|1.743|2.085|2.085|2026-04-01
24885|1.803|1.803|2.145|2.145|2026-04-01
24886|1.773|1.773|2.115|2.115|2026-04-01
24887|NA|1.759|NA|2.119|2026-04-01
24889|1.779|1.779|2.099|2.099|2026-04-01
24891|NA|1.769|NA|2.139|2026-04-01
24895|1.919|1.719|2.219|2.019|2026-04-01
24899|NA|1.717|NA|2.033|2026-04-01
24901|NA|1.717|NA|2.035|2026-04-01
24903|NA|1.717|NA|2.033|2026-04-01
24904|NA|1.725|NA|2.033|2026-04-01
24905|NA|1.717|NA|2.033|2026-04-01
24917|1.967|1.699|2.327|2.059|2026-04-01
24918|NA|1.749|NA|2.089|2026-04-01
24919|NA|1.719|NA|2.059|2026-04-01
24926|NA|1.717|NA|2.033|2026-04-01
24927|NA|1.717|NA|2.033|2026-04-01
24930|NA|1.717|NA|2.033|2026-04-01
24932|NA|1.717|NA|2.033|2026-04-01
24933|NA|1.717|NA|2.033|2026-04-01
24941|NA|1.717|NA|2.033|2026-04-01
24944|1.918|1.768|2.248|2.098|2026-04-01
24945|1.867|1.717|2.227|2.077|2026-04-01
24949|1.849|1.749|2.149|2.049|2026-04-01
24952|1.759|1.759|2.049|2.049|2026-04-01
24957|NA|1.715|NA|2.039|2026-04-01
24961|NA|1.799|NA|2.149|2026-04-01
24962|NA|1.786|NA|2.148|2026-04-01
24963|NA|1.749|NA|2.139|2026-04-01
24967|NA|1.789|NA|2.149|2026-04-01
24968|NA|1.779|NA|2.159|2026-04-01
24969|1.879|1.879|2.159|2.159|2026-04-01
24973|1.935|1.715|2.255|2.035|2026-04-01
24974|2.129|1.779|2.499|2.149|2026-04-01
24977|1.944|1.724|2.344|2.124|2026-04-01
24979|2.079|1.879|2.359|2.159|2026-04-01
24984|NA|1.739|NA|2.079|2026-04-01
24985|1.937|1.712|2.253|2.028|2026-04-01
24996|NA|1.689|NA|2.029|2026-04-01
25008|NA|1.799|NA|2.119|2026-04-01
25009|1.959|1.759|2.299|2.099|2026-04-01
25012|1.79|1.79|2.109|2.109|2026-04-01
25015|NA|1.749|NA|2.099|2026-04-01
25017|NA|1.769|NA|2.099|2026-04-01
25023|NA|1.728|NA|2.099|2026-04-01
25026|1.957|1.737|2.255|2.035|2026-04-01
25027|1.749|NA|2.119|NA|2026-04-01
25034|NA|1.717|NA|2.033|2026-04-01
25035|NA|1.717|NA|2.035|2026-04-01
25041|1.949|1.759|2.269|2.079|2026-04-01
25053|1.749|1.749|2.139|2.139|2026-04-01
25055|NA|1.699|NA|1.999|2026-04-01
25062|1.957|1.732|2.253|2.028|2026-04-01
25065|NA|1.755|NA|2.098|2026-04-01
25067|NA|1.799|NA|2.159|2026-04-01
25068|NA|1.779|NA|2.099|2026-04-01
25069|NA|1.749|NA|2.099|2026-04-01
25070|NA|1.749|NA|2.139|2026-04-01
25071|NA|1.789|NA|2.149|2026-04-01
25072|NA|1.759|NA|2.159|2026-04-01
25073|NA|1.769|NA|2.159|2026-04-01
25075|NA|1.779|NA|2.149|2026-04-01
25092|1.949|1.749|2.239|2.039|2026-04-01
25106|NA|1.719|NA|2.039|2026-04-01
25107|1.823|1.823|2.165|2.165|2026-04-01
25115|1.685|1.685|2.045|2.045|2026-04-01
25117|NA|1.799|NA|2.169|2026-04-01
25120|NA|1.717|NA|2.127|2026-04-01
25121|NA|1.759|NA|2.099|2026-04-01
25125|1.967|1.742|2.27|2.045|2026-04-01
25126|NA|1.73|NA|2.033|2026-04-01
25129|NA|1.717|NA|2.033|2026-04-01
25132|NA|1.717|NA|2.033|2026-04-01
25135|1.979|1.779|2.349|2.149|2026-04-01
25137|NA|1.749|NA|2.019|2026-04-01
25138|NA|1.729|NA|2.099|2026-04-01
25140|NA|1.749|NA|2.019|2026-04-01
25149|1.719|NA|1.999|NA|2026-04-01
25150|NA|1.719|NA|1.999|2026-04-01
25152|1.822|1.822|2.114|2.114|2026-04-01
25153|NA|1.698|NA|2.068|2026-04-01
25156|NA|1.719|NA|2.035|2026-04-01
25157|NA|1.759|NA|2.079|2026-04-01
25158|NA|1.729|NA|2.079|2026-04-01
25163|NA|1.749|NA|2.069|2026-04-01
25172|NA|1.749|NA|2.049|2026-04-01
25174|1.699|1.699|2.039|2.039|2026-04-01
25175|2.049|1.799|2.349|2.099|2026-04-01
25183|1.819|NA|2.149|NA|2026-04-01
25185|NA|1.789|NA|2.159|2026-04-01
25186|NA|1.739|NA|2.079|2026-04-01
25187|NA|1.789|NA|2.149|2026-04-01
25188|NA|1.799|NA|2.119|2026-04-01
25189|NA|1.759|NA|2.139|2026-04-01
25191|NA|1.769|NA|2.119|2026-04-01
25195|1.828|1.708|2.198|2.078|2026-04-01
25196|1.945|1.725|2.273|2.053|2026-04-01
25202|NA|1.717|NA|2.035|2026-04-01
25203|NA|1.717|NA|2.033|2026-04-01
25205|NA|1.717|NA|2.033|2026-04-01
25208|NA|1.899|NA|2.099|2026-04-01
25209|NA|1.668|NA|1.998|2026-04-01
25210|NA|1.749|NA|2.069|2026-04-01
25212|1.94|1.72|2.26|2.04|2026-04-01
25216|1.829|1.729|2.099|1.999|2026-04-01
25217|NA|1.769|NA|2.069|2026-04-01
25218|NA|1.709|NA|2.059|2026-04-01
25221|NA|1.759|NA|2.069|2026-04-01
25227|1.879|1.729|2.239|2.089|2026-04-01
25229|NA|1.749|NA|2.099|2026-04-01
25230|NA|1.689|NA|2.029|2026-04-01
25233|1.945|1.725|2.235|2.015|2026-04-01
25234|NA|1.749|NA|2.059|2026-04-01
25238|1.849|1.749|2.129|2.029|2026-04-01
25242|1.719|1.719|1.999|1.999|2026-04-01
25243|1.919|1.769|2.249|2.099|2026-04-01
25244|1.983|1.773|2.335|2.145|2026-04-01
25251|1.927|1.717|NA|NA|2026-04-01
25255|NA|1.799|NA|2.099|2026-04-01
25256|NA|1.729|NA|2.039|2026-04-01
25269|1.959|1.749|2.299|2.099|2026-04-01
25273|NA|1.72|NA|2.033|2026-04-01
25275|NA|1.699|NA|2.039|2026-04-01
25276|NA|1.739|NA|2.019|2026-04-01
25277|1.849|1.699|2.219|2.069|2026-04-01
25281|1.779|1.779|2.074|2.074|2026-04-01
25285|NA|1.799|NA|1.999|2026-04-01
25292|2.019|1.779|2.339|2.099|2026-04-01
25300|1.708|NA|2.068|NA|2026-04-01
25301|2.145|1.795|2.407|2.057|2026-04-01
25307|NA|1.829|NA|2.149|2026-04-01
25308|NA|1.759|NA|2.019|2026-04-01
25313|1.699|1.699|2.039|2.039|2026-04-01
25321|NA|1.714|NA|2.019|2026-04-01
25323|NA|1.759|NA|2.059|2026-04-01
25329|1.773|1.773|2.135|2.135|2026-04-01
25330|NA|1.739|NA|2.059|2026-04-01
25334|2.056|1.799|2.356|2.099|2026-04-01
25337|1.769|1.769|2.099|2.099|2026-04-01
25342|NA|1.779|NA|2.159|2026-04-01
25343|NA|1.786|NA|2.148|2026-04-01
25344|NA|1.799|NA|2.099|2026-04-01
25345|NA|1.829|NA|2.149|2026-04-01
25346|NA|1.809|NA|2.139|2026-04-01
25356|1.869|1.869|2.199|2.199|2026-04-01
25359|NA|1.699|NA|2.069|2026-04-01
25369|1.769|1.769|2.119|2.119|2026-04-01
25373|NA|1.719|NA|2.129|2026-04-01
25375|NA|1.759|NA|2.099|2026-04-01
25377|NA|1.699|NA|2.019|2026-04-01
25383|1.779|NA|2.179|NA|2026-04-01
25385|NA|1.759|NA|2.069|2026-04-01
25391|NA|1.717|NA|2.04|2026-04-01
25392|NA|1.717|NA|2.033|2026-04-01
25393|1.947|1.737|2.263|2.053|2026-04-01
25395|1.739|1.739|2.089|2.089|2026-04-01
25396|1.759|1.759|2.089|2.089|2026-04-01
25413|NA|1.749|NA|2.139|2026-04-01
25427|1.967|1.767|2.299|2.099|2026-04-01
25435|1.779|1.729|2.129|2.079|2026-04-01
25439|1.967|1.747|2.275|2.055|2026-04-01
25440|1.809|1.809|2.109|2.109|2026-04-01
25444|1.829|1.729|2.138|2.038|2026-04-01
25446|NA|1.719|NA|2.019|2026-04-01
25448|NA|1.749|NA|2.089|2026-04-01
25451|NA|1.759|NA|2.099|2026-04-01
25453|NA|1.799|NA|2.149|2026-04-01
25457|1.942|1.737|2.258|2.053|2026-04-01
25464|NA|1.739|NA|1.999|2026-04-01
25467|1.957|1.757|2.219|2.019|2026-04-01
25472|1.639|1.639|1.994|1.994|2026-04-01
25476|1.879|1.879|2.169|2.169|2026-04-01
25478|NA|1.779|NA|2.149|2026-04-01
25479|NA|1.859|NA|2.119|2026-04-01
25480|NA|1.759|NA|2.099|2026-04-01
25481|1.799|1.799|2.05|2.05|2026-04-01
25483|1.739|1.739|2.099|2.099|2026-04-01
25485|NA|1.799|NA|2.119|2026-04-01
25493|2.049|1.799|2.399|2.149|2026-04-01
25502|1.94|1.719|2.245|2.025|2026-04-01
25509|NA|1.729|NA|2.099|2026-04-01
25511|1.869|1.869|2.149|2.149|2026-04-01
25512|1.957|1.737|2.273|2.053|2026-04-01
25514|1.93|1.73|2.289|2.089|2026-04-01
25521|1.962|1.747|2.278|2.063|2026-04-01
25535|NA|1.705|NA|2.025|2026-04-01
25539|NA|1.769|NA|2.059|2026-04-01
25550|1.759|1.759|2.045|2.045|2026-04-01
25555|1.949|1.739|2.329|2.119|2026-04-01
25566|1.967|1.747|2.275|2.055|2026-04-01
25568|1.723|1.723|2.085|2.085|2026-04-01
25576|1.979|1.739|2.299|2.059|2026-04-01
25578|1.651|1.651|1.859|1.859|2026-04-01
25588|1.995|1.805|2.362|2.172|2026-04-01
25589|NA|1.749|NA|2.089|2026-04-01
25591|1.739|1.739|2.079|2.079|2026-04-01
25592|1.766|NA|2.156|NA|2026-04-01
25598|1.979|1.779|2.349|2.149|2026-04-01
25611|2.144|1.784|2.494|2.134|2026-04-01
25612|2.114|1.804|2.444|2.134|2026-04-01
25613|2.029|1.784|2.374|2.124|2026-04-01
25614|NA|1.739|NA|2.059|2026-04-01
25618|NA|1.739|NA|2.059|2026-04-01
25619|1.969|1.769|2.259|2.059|2026-04-01
25621|NA|1.739|NA|2.059|2026-04-01
25622|NA|1.739|NA|2.059|2026-04-01
25623|1.825|1.725|2.135|2.035|2026-04-01
25627|1.799|1.799|2.149|2.149|2026-04-01
25628|1.858|1.759|2.248|2.149|2026-04-01
25638|1.739|1.739|2.069|2.069|2026-04-01
25645|NA|1.909|NA|2.089|2026-04-01
25656|1.799|1.799|2.129|2.129|2026-04-01
25657|1.745|NA|2.065|NA|2026-04-01
25666|NA|1.759|NA|2.139|2026-04-01
25667|1.755|1.755|2.055|2.055|2026-04-01
25670|NA|1.779|NA|2.099|2026-04-01
25673|1.769|1.769|2.099|2.099|2026-04-01
25678|NA|1.697|NA|2.017|2026-04-01
25679|1.942|1.732|2.276|2.066|2026-04-01
25682|1.922|1.712|2.238|2.028|2026-04-01
25683|1.839|NA|2.159|NA|2026-04-01
25684|NA|1.679|NA|2.049|2026-04-01
25686|1.849|1.729|2.149|2.029|2026-04-01
25690|NA|1.819|NA|2.079|2026-04-01
25706|NA|1.732|NA|2.04|2026-04-01
25722|2.066|1.766|2.396|2.096|2026-04-01
25725|NA|1.799|NA|2.149|2026-04-01
25726|2.039|1.839|2.349|2.149|2026-04-01
25728|1.809|NA|2.139|NA|2026-04-01
25733|1.748|1.748|2.088|2.088|2026-04-01
25737|1.798|1.798|1.929|1.929|2026-04-01
25739|1.789|1.789|2.099|2.099|2026-04-01
25761|1.942|1.732|2.245|2.035|2026-04-01
25764|NA|1.72|NA|2.033|2026-04-01
25765|1.8|NA|1.85|NA|2026-04-01
25767|1.942|1.782|2.354|2.164|2026-04-01
25773|NA|1.799|NA|2.119|2026-04-01
25784|NA|1.679|NA|2.029|2026-04-01
25789|2.019|1.819|2.359|2.159|2026-04-01
25791|NA|1.749|NA|2.059|2026-04-01
25792|NA|1.749|NA|2.039|2026-04-01
25793|NA|1.799|NA|2.069|2026-04-01
25802|1.789|1.789|2.189|2.189|2026-04-01
25803|1.819|1.819|2.149|2.149|2026-04-01
25804|1.957|1.737|2.273|2.053|2026-04-01
25814|1.887|1.887|2.177|2.177|2026-04-01
25818|1.929|1.929|2.189|2.189|2026-04-01
25821|2.565|2.565|2.495|2.495|2026-04-01
25822|NA|1.739|NA|2.049|2026-04-01
25825|NA|1.769|NA|2.149|2026-04-01
25826|NA|1.779|NA|2.099|2026-04-01
25828|NA|1.719|NA|2.149|2026-04-01
25829|NA|1.719|NA|2.149|2026-04-01
25836|NA|1.789|NA|2.089|2026-04-01
25839|1.819|1.819|2.089|2.089|2026-04-01
25843|1.829|1.729|2.199|2.099|2026-04-01
25844|1.745|1.745|2.065|2.065|2026-04-01
25845|NA|1.779|NA|2.149|2026-04-01
25852|NA|1.749|NA|2.059|2026-04-01
25856|1.942|1.732|2.245|2.035|2026-04-01
25858|1.879|1.669|1.939|1.729|2026-04-01
25860|1.759|NA|2.089|NA|2026-04-01
25863|NA|1.739|NA|2.099|2026-04-01
25864|NA|1.819|NA|2.199|2026-04-01
25868|NA|1.749|NA|2.069|2026-04-01
25869|NA|1.717|NA|2.033|2026-04-01
25870|NA|1.717|NA|2.035|2026-04-01
25871|NA|1.717|NA|2.033|2026-04-01
25873|NA|1.717|NA|2.035|2026-04-01
25877|NA|1.717|NA|2.033|2026-04-01
25879|NA|1.779|NA|2.089|2026-04-01
25885|1.951|1.729|2.271|2.049|2026-04-01
25886|1.942|1.722|2.25|2.03|2026-04-01
25888|1.799|1.799|2.149|2.149|2026-04-01
25889|1.799|1.799|2.099|2.099|2026-04-01
25893|1.837|1.647|1.957|1.957|2026-04-01
25898|1.739|NA|2.059|NA|2026-04-01
25900|NA|1.717|NA|2.033|2026-04-01
25901|NA|1.717|NA|2.035|2026-04-01
25902|NA|1.717|NA|2.035|2026-04-01
25903|NA|1.717|NA|2.033|2026-04-01
25904|NA|1.717|NA|2.033|2026-04-01
25905|NA|1.717|NA|2.033|2026-04-01
25907|NA|1.717|NA|2.033|2026-04-01
25909|NA|1.717|NA|2.033|2026-04-01
25910|NA|1.72|NA|2.033|2026-04-01
25911|NA|1.717|NA|2.033|2026-04-01
25913|NA|1.717|NA|2.035|2026-04-01
25915|1.759|1.759|2.099|2.099|2026-04-01
25920|NA|1.749|NA|2.079|2026-04-01
25922|NA|1.739|NA|2.059|2026-04-01
25927|NA|1.735|NA|2.035|2026-04-01
25928|NA|1.717|NA|2.035|2026-04-01
25929|NA|1.717|NA|2.033|2026-04-01
25930|NA|1.735|NA|2.035|2026-04-01
25931|NA|1.737|NA|2.053|2026-04-01
25932|2.019|1.819|2.329|2.129|2026-04-01
25949|1.739|1.739|2.079|2.079|2026-04-01
25950|1.779|1.779|2.099|2.099|2026-04-01
25956|1.759|1.759|2.149|2.149|2026-04-01
25973|NA|1.779|NA|2.039|2026-04-01
26003|1.979|1.749|2.289|2.059|2026-04-01
26007|1.789|1.789|2.029|2.029|2026-04-01
26018|NA|1.749|NA|2.079|2026-04-01
26046|1.858|1.759|2.238|2.139|2026-04-01
26055|2.109|1.799|2.409|2.099|2026-04-01
26056|1.829|1.729|2.199|2.099|2026-04-01
26058|1.942|1.732|2.258|2.048|2026-04-01
26063|1.777|1.777|2.077|2.077|2026-04-01
26069|1.799|1.799|2.129|2.129|2026-04-01
26076|1.957|1.737|2.273|2.053|2026-04-01
26087|NA|1.712|NA|2.028|2026-04-01
26089|NA|1.959|NA|2.119|2026-04-01
26095|NA|1.692|NA|2.015|2026-04-01
26098|NA|1.692|NA|2.008|2026-04-01
26102|NA|1.71|NA|2.008|2026-04-01
26104|NA|1.759|NA|2.019|2026-04-01
26108|1.94|1.72|2.273|2.053|2026-04-01
26109|NA|1.712|NA|2.028|2026-04-01
26110|NA|1.692|NA|2.008|2026-04-01
26113|1.95|1.73|2.26|2.04|2026-04-01
26114|NA|1.725|NA|2.035|2026-04-01
26115|NA|1.715|NA|2.025|2026-04-01
26120|NA|1.779|NA|2.159|2026-04-01
26121|NA|1.729|NA|2.039|2026-04-01
26124|NA|1.712|NA|2.028|2026-04-01
26126|1.95|1.73|2.273|2.053|2026-04-01
26132|NA|1.712|NA|2.028|2026-04-01
26133|1.959|1.799|2.289|2.129|2026-04-01
26134|1.889|1.799|2.159|2.069|2026-04-01
26138|1.957|1.737|2.26|2.04|2026-04-01
26140|NA|1.749|NA|2.069|2026-04-01
26144|1.739|1.739|2.039|2.039|2026-04-01
26151|1.919|1.799|2.219|2.099|2026-04-01
26153|1.799|1.799|2.099|2.099|2026-04-01
26154|1.799|1.799|2.099|2.099|2026-04-01
26155|NA|1.799|NA|2.069|2026-04-01
26157|1.799|1.799|2.099|2.099|2026-04-01
26158|1.799|1.799|2.099|2.099|2026-04-01
26159|1.799|1.799|2.099|2.099|2026-04-01
26161|1.748|1.748|2.09|2.09|2026-04-01
26162|1.919|1.799|2.219|2.099|2026-04-01
26165|NA|1.759|NA|2.129|2026-04-01
26171|1.909|1.689|2.279|2.059|2026-04-01
26172|NA|1.779|NA|2.149|2026-04-01
26173|NA|1.688|NA|1.998|2026-04-01
26174|1.813|1.813|2.165|2.165|2026-04-01
26176|1.967|1.747|2.265|2.053|2026-04-01
26180|1.759|NA|2.129|NA|2026-04-01
26181|1.765|1.765|2.039|2.039|2026-04-01
26182|1.989|1.789|2.359|2.159|2026-04-01
26184|1.838|1.788|2.136|2.086|2026-04-01
26196|1.937|1.717|2.265|2.045|2026-04-01
26201|1.8|NA|2.1|NA|2026-04-01
26204|1.919|1.769|2.269|2.119|2026-04-01
26209|1.95|1.725|2.26|2.035|2026-04-01
26210|2.024|1.747|2.107|2.063|2026-04-01
26212|1.899|1.899|2.099|2.099|2026-04-01
26213|1.749|1.749|2.089|2.089|2026-04-01
26217|1.967|1.747|2.283|2.063|2026-04-01
26222|1.959|1.749|2.279|2.069|2026-04-01
26225|1.775|NA|2.099|NA|2026-04-01
26228|NA|1.717|NA|2.035|2026-04-01
26230|1.697|1.697|1.917|1.917|2026-04-01
26233|1.789|1.789|2.069|2.069|2026-04-01
26237|NA|1.717|NA|2.033|2026-04-01
26238|NA|1.717|NA|2.04|2026-04-01
26239|NA|1.717|NA|2.035|2026-04-01
26246|NA|1.759|NA|2.149|2026-04-01
26254|1.679|1.679|2.049|2.049|2026-04-01
26257|1.942|1.732|2.258|2.048|2026-04-01
26259|1.799|1.799|2.089|2.089|2026-04-01
26264|1.957|1.737|2.253|2.033|2026-04-01
26275|1.72|1.72|2.03|2.03|2026-04-01
26284|1.955|1.735|2.253|2.033|2026-04-01
26290|1.999|1.799|2.329|2.129|2026-04-01
26291|NA|1.8|NA|2.1|2026-04-01
26295|1.999|1.789|2.269|2.059|2026-04-01
26300|1.957|1.737|2.265|2.045|2026-04-01
26301|1.957|1.737|2.265|2.045|2026-04-01
26305|1.957|1.737|2.27|2.05|2026-04-01
26306|1.889|1.739|2.259|2.099|2026-04-01
26309|1.939|1.939|2.169|2.169|2026-04-01
26310|1.939|1.939|2.169|2.169|2026-04-01
26314|1.829|1.729|2.209|2.109|2026-04-01
26315|1.789|1.789|2.099|2.099|2026-04-01
26321|1.934|1.734|2.289|2.089|2026-04-01
26323|NA|1.729|NA|2.099|2026-04-01
26328|1.759|1.759|2.079|2.079|2026-04-01
26338|NA|1.769|NA|2.119|2026-04-01
26341|2.039|1.799|2.339|2.099|2026-04-01
26352|1.709|1.689|2.119|2.099|2026-04-01
26360|NA|1.699|NA|2.089|2026-04-01
26367|1.925|1.725|2.285|2.085|2026-04-01
26372|1.915|1.705|2.325|2.115|2026-04-01
26374|1.999|1.779|2.369|2.149|2026-04-01
26393|1.784|1.784|2.054|2.054|2026-04-01
26399|1.879|1.749|2.189|2.059|2026-04-01
26400|1.899|NA|2.199|NA|2026-04-01
26401|NA|1.769|NA|2.059|2026-04-01
26402|1.879|1.749|2.189|2.059|2026-04-01
26403|1.899|1.769|2.199|2.069|2026-04-01
26404|NA|1.729|NA|2.079|2026-04-01
26405|1.879|1.749|2.189|2.059|2026-04-01
26409|NA|1.899|NA|2.099|2026-04-01
26410|1.935|1.725|2.245|2.035|2026-04-01
26414|1.839|1.739|2.139|2.039|2026-04-01
26420|1.717|1.717|1.997|1.997|2026-04-01
26431|1.942|1.732|2.258|2.048|2026-04-01
26437|1.959|1.749|2.259|2.049|2026-04-01
26447|1.976|1.776|2.346|2.146|2026-04-01
26452|NA|1.756|NA|2.076|2026-04-01
26461|1.785|1.785|2.028|2.028|2026-04-01
26469|1.899|1.699|2.199|1.999|2026-04-01
26478|NA|1.769|NA|2.099|2026-04-01
26483|NA|1.699|NA|2.019|2026-04-01
26484|1.789|1.789|2.119|2.119|2026-04-01
26485|NA|1.749|NA|2.139|2026-04-01
26486|1.919|1.719|2.229|2.029|2026-04-01
26489|2.029|1.719|2.299|1.989|2026-04-01
26492|1.919|1.719|2.289|2.089|2026-04-01
26504|1.989|1.789|2.349|2.149|2026-04-01
26505|1.759|1.739|2.129|2.109|2026-04-01
26508|1.738|1.738|2.038|2.038|2026-04-01
26529|NA|1.899|NA|2.259|2026-04-01
26532|1.919|1.719|2.229|2.029|2026-04-01
26539|1.789|1.789|2.159|2.159|2026-04-01
26545|1.739|1.719|2.047|2.027|2026-04-01
26551|NA|1.729|NA|2.049|2026-04-01
26553|1.759|NA|2.129|NA|2026-04-01
26554|NA|1.639|NA|1.879|2026-04-01
26556|1.939|1.759|2.229|2.049|2026-04-01
26563|NA|1.739|NA|2.059|2026-04-01
26568|1.735|1.735|2.063|2.063|2026-04-01
26569|NA|1.699|NA|1.979|2026-04-01
26570|NA|1.778|NA|2.128|2026-04-01
26580|2.299|1.889|2.399|2.189|2026-04-01
26594|1.989|1.789|2.339|2.139|2026-04-01
26605|1.942|1.732|2.258|2.048|2026-04-01
26606|1.999|1.799|2.289|2.089|2026-04-01
26607|1.598|1.598|1.668|1.668|2026-04-01
26612|1.969|1.719|2.309|2.059|2026-04-01
26613|1.799|1.769|2.079|2.049|2026-04-01
26617|1.799|1.799|2.109|2.109|2026-04-01
26624|1.689|1.689|2.039|2.039|2026-04-01
26629|1.989|1.779|2.309|2.099|2026-04-01
26637|NA|1.759|NA|2.139|2026-04-01
26638|NA|1.769|NA|2.089|2026-04-01
26639|NA|1.749|NA|2.119|2026-04-01
26641|NA|1.759|NA|2.149|2026-04-01
26651|1.735|1.735|2.055|2.055|2026-04-01
26665|1.999|1.799|2.299|2.099|2026-04-01
26667|1.95|1.725|2.25|2.025|2026-04-01
26678|1.779|1.779|2.159|2.159|2026-04-01
26682|NA|1.749|NA|2.099|2026-04-01
26686|NA|1.789|NA|2.149|2026-04-01
26687|1.773|1.773|2.155|2.155|2026-04-01
26693|1.759|NA|2.119|NA|2026-04-01
26698|1.925|1.715|2.238|2.028|2026-04-01
26699|1.932|1.712|2.248|2.028|2026-04-01
26702|NA|1.759|NA|1.989|2026-04-01
26708|1.749|1.749|2.049|2.049|2026-04-01
26710|1.94|1.73|2.245|2.035|2026-04-01
26712|1.699|1.699|2.039|2.039|2026-04-01
26725|1.689|NA|1.989|NA|2026-04-01
26737|1.947|1.737|2.263|2.053|2026-04-01
26744|1.849|1.819|2.089|2.069|2026-04-01
26750|1.987|1.719|2.347|2.079|2026-04-01
26755|1.922|1.712|2.245|2.035|2026-04-01
26758|1.749|1.749|2.039|2.039|2026-04-01
26763|NA|1.759|NA|2.159|2026-04-01
26764|NA|1.779|NA|2.139|2026-04-01
26769|1.879|1.729|2.219|2.069|2026-04-01
26773|1.799|NA|2.179|NA|2026-04-01
26774|1.799|NA|2.089|NA|2026-04-01
26777|1.859|1.859|2.089|2.089|2026-04-01
26779|NA|1.739|NA|2.069|2026-04-01
26782|1.957|1.732|2.273|2.048|2026-04-01
26784|1.775|1.775|2.099|2.099|2026-04-01
26789|1.945|NA|2.245|NA|2026-04-01
26791|1.859|1.859|2.159|2.159|2026-04-01
26792|1.825|1.725|2.095|1.995|2026-04-01
26800|1.959|1.759|2.299|2.099|2026-04-01
26803|1.769|1.769|2.099|2.099|2026-04-01
26817|NA|1.969|NA|2.149|2026-04-01
26822|1.999|1.799|2.359|2.159|2026-04-01
26826|1.949|1.719|2.269|2.039|2026-04-01
26827|1.819|1.819|2.149|2.149|2026-04-01
26829|2.069|1.849|2.299|2.079|2026-04-01
26843|1.937|1.717|2.253|2.033|2026-04-01
26850|1.749|1.749|2.019|2.019|2026-04-01
26851|1.695|1.695|2.065|2.065|2026-04-01
26855|NA|1.692|NA|2.025|2026-04-01
26859|NA|1.712|NA|2.028|2026-04-01
26861|2.059|1.759|2.399|2.099|2026-04-01
26863|2.009|1.737|2.064|2.04|2026-04-01
26864|1.947|1.737|2.25|2.03|2026-04-01
26865|1.789|1.739|2.109|2.059|2026-04-01
26870|1.785|1.785|2.165|2.165|2026-04-01
26876|NA|1.779|NA|2.149|2026-04-01
26879|1.799|NA|2.097|NA|2026-04-01
26880|2.066|1.866|2.426|2.226|2026-04-01
26883|1.799|1.799|2.079|2.079|2026-04-01
26886|1.799|1.799|2.129|2.129|2026-04-01
26895|2.019|1.699|2.379|2.059|2026-04-01
26904|1.942|1.732|2.258|2.048|2026-04-01
26910|NA|1.717|NA|2.035|2026-04-01
26911|NA|1.717|NA|2.033|2026-04-01
26912|NA|1.717|NA|2.033|2026-04-01
26914|NA|1.769|NA|2.139|2026-04-01
26915|1.897|1.727|2.227|2.057|2026-04-01
26918|1.799|1.699|2.145|2.045|2026-04-01
26920|1.999|1.759|2.299|2.059|2026-04-01
26933|1.945|1.745|2.245|2.045|2026-04-01
26934|1.959|1.759|2.229|2.029|2026-04-01
26946|1.949|1.759|2.219|2.029|2026-04-01
26949|NA|1.799|NA|2.049|2026-04-01
26955|1.825|1.705|2.135|2.025|2026-04-01
26958|1.965|1.745|2.255|2.035|2026-04-01
26963|NA|1.859|NA|2.056|2026-04-01
26968|1.957|1.737|2.265|2.045|2026-04-01
26977|2.199|1.725|2.244|1.999|2026-04-01
26981|NA|1.788|NA|1.769|2026-04-01
26983|1.979|1.779|2.299|2.099|2026-04-01
26989|1.967|1.747|2.265|2.045|2026-04-01
26991|NA|1.799|NA|2.149|2026-04-01
26992|NA|1.789|NA|2.159|2026-04-01
27004|1.957|1.737|2.273|2.053|2026-04-01
27005|1.962|1.747|2.27|2.055|2026-04-01
27008|1.789|NA|2.059|NA|2026-04-01
27022|1.999|1.799|2.329|2.129|2026-04-01
27026|1.949|1.749|2.269|2.069|2026-04-01
27028|NA|1.739|NA|2.059|2026-04-01
27030|1.799|1.799|2.139|2.139|2026-04-01
27031|NA|1.799|NA|2.149|2026-04-01
27032|NA|1.799|NA|2.129|2026-04-01
27035|1.945|1.725|2.245|2.025|2026-04-01
27045|2.327|1.725|2.676|2.066|2026-04-01
27052|2.028|1.898|2.299|2.169|2026-04-01
27067|1.898|1.898|2.138|2.138|2026-04-01
27068|1.799|NA|2.099|NA|2026-04-01
27070|NA|1.759|NA|2.099|2026-04-01
27071|NA|1.699|NA|2.019|2026-04-01
27081|1.94|1.73|2.25|2.04|2026-04-01
27082|1.695|1.695|2.035|2.035|2026-04-01
27092|1.859|1.759|2.189|2.089|2026-04-01
27103|1.83|1.83|2.099|2.099|2026-04-01
27104|1.959|1.749|2.269|2.059|2026-04-01
27106|NA|1.709|NA|2.099|2026-04-01
27108|1.789|1.729|2.129|2.069|2026-04-01
27109|1.85|1.85|2.059|2.059|2026-04-01
27110|2.087|1.819|2.427|2.159|2026-04-01
27115|NA|1.699|NA|2.069|2026-04-01
27117|NA|1.732|NA|2.048|2026-04-01
27120|NA|1.779|NA|2.149|2026-04-01
27125|1.758|NA|2.059|NA|2026-04-01
27127|NA|1.779|NA|2.159|2026-04-01
27128|1.749|1.749|2.098|2.098|2026-04-01
27134|NA|1.789|NA|2.149|2026-04-01
27136|2.054|1.824|2.384|2.154|2026-04-01
27146|NA|1.779|NA|2.129|2026-04-01
27147|1.969|1.719|2.319|2.069|2026-04-01
27155|NA|1.779|NA|2.079|2026-04-01
27161|1.989|1.779|2.299|2.089|2026-04-01
27165|NA|1.749|NA|2.079|2026-04-01
27178|1.839|1.739|2.179|2.079|2026-04-01
27179|1.759|NA|2.159|NA|2026-04-01
27180|NA|1.739|NA|2.039|2026-04-01
27181|1.74|NA|2.06|NA|2026-04-01
27183|NA|1.739|NA|2.059|2026-04-01
27186|NA|1.739|NA|2.059|2026-04-01
27187|NA|1.739|NA|2.059|2026-04-01
27192|NA|1.739|NA|2.059|2026-04-01
27193|1.849|1.749|2.159|2.059|2026-04-01
27194|1.789|1.789|2.179|2.179|2026-04-01
27196|NA|1.759|NA|2.149|2026-04-01
27198|1.959|1.749|2.269|2.049|2026-04-01
27202|1.799|1.799|1.959|1.959|2026-04-01
27204|NA|1.739|NA|2.069|2026-04-01
27220|NA|1.759|NA|2.099|2026-04-01
27224|NA|1.779|NA|2.089|2026-04-01
27228|NA|1.719|NA|2.119|2026-04-01
27232|1.798|1.798|2.058|2.058|2026-04-01
27237|2.049|1.719|2.429|2.099|2026-04-01
27244|1.959|1.749|2.099|2.079|2026-04-01
27245|NA|1.749|NA|2.099|2026-04-01
27246|1.967|1.747|2.283|2.063|2026-04-01
27248|NA|1.739|NA|2.069|2026-04-01
27252|1.83|1.83|2.13|2.13|2026-04-01
27253|1.76|1.76|2.059|2.059|2026-04-01
27259|1.927|1.732|2.2|2.035|2026-04-01
27262|1.819|1.819|2.139|2.139|2026-04-01
27263|1.759|NA|2.119|NA|2026-04-01
27264|1.737|1.737|2.099|2.099|2026-04-01
27267|1.957|1.737|2.25|2.03|2026-04-01
27269|1.779|1.779|2.089|2.089|2026-04-01
27277|NA|1.779|NA|2.149|2026-04-01
27278|NA|1.779|NA|2.129|2026-04-01
27291|1.939|1.749|2.289|2.099|2026-04-01
27295|NA|1.799|NA|2.149|2026-04-01
27296|NA|1.789|NA|2.169|2026-04-01
27297|1.777|NA|2.157|NA|2026-04-01
27304|NA|1.759|NA|2.069|2026-04-01
27305|NA|1.749|NA|2.059|2026-04-01
27308|1.979|1.779|2.269|2.069|2026-04-01
27315|1.769|1.769|2.119|2.119|2026-04-01
27325|NA|1.779|NA|2.149|2026-04-01
27337|1.937|1.717|2.255|2.035|2026-04-01
27340|1.957|1.737|2.265|2.045|2026-04-01
27342|1.699|1.699|2.029|2.029|2026-04-01
27343|NA|1.794|NA|2.059|2026-04-01
27345|1.769|1.769|2.079|2.079|2026-04-01
27346|NA|1.789|NA|2.119|2026-04-01
27356|1.925|1.745|2.255|2.075|2026-04-01
27362|1.999|1.789|2.319|2.109|2026-04-01
27366|1.799|1.799|2.159|2.159|2026-04-01
27369|NA|1.759|NA|2.079|2026-04-01
27380|NA|1.779|NA|2.119|2026-04-01
27382|NA|1.749|NA|2.119|2026-04-01
27383|1.799|1.799|2.159|2.159|2026-04-01
27390|2.009|1.759|2.399|2.149|2026-04-01
27392|2.019|1.719|2.379|2.079|2026-04-01
27398|1.979|1.769|2.259|2.049|2026-04-01
27399|1.919|1.729|2.209|2.019|2026-04-01
27400|NA|1.769|NA|2.099|2026-04-01
27402|1.979|1.769|2.259|2.049|2026-04-01
27408|1.967|1.747|2.283|2.063|2026-04-01
27414|1.799|1.799|2.139|2.139|2026-04-01
27422|1.999|1.799|2.349|2.149|2026-04-01
27423|NA|1.699|NA|2.059|2026-04-01
27426|1.709|NA|2.059|NA|2026-04-01
27432|NA|1.759|NA|2.099|2026-04-01
27436|NA|1.749|NA|2.109|2026-04-01
27443|1.733|1.733|2.115|2.115|2026-04-01
27444|NA|1.769|NA|2.089|2026-04-01
27468|1.799|1.749|2.149|2.099|2026-04-01
27470|1.779|1.699|2.109|2.029|2026-04-01
27493|1.779|1.779|2.149|2.149|2026-04-01
27505|1.947|1.737|2.24|2.03|2026-04-01
27508|1.939|1.729|2.309|2.099|2026-04-01
27511|1.769|1.769|2.069|2.069|2026-04-01
27515|1.797|1.797|2.063|2.063|2026-04-01
27518|1.695|NA|2.079|NA|2026-04-01
27520|NA|1.739|NA|2.079|2026-04-01
27522|NA|1.739|NA|2.089|2026-04-01
27524|NA|1.769|NA|2.099|2026-04-01
27525|NA|1.819|NA|2.159|2026-04-01
27526|NA|1.779|NA|2.139|2026-04-01
27528|NA|1.799|NA|2.149|2026-04-01
27534|1.957|1.737|2.273|2.053|2026-04-01
27536|1.967|1.747|2.273|2.053|2026-04-01
27552|1.999|1.769|2.329|2.099|2026-04-01
27557|1.957|1.737|2.273|2.053|2026-04-01
27559|1.779|1.779|2.139|2.139|2026-04-01
27565|1.729|NA|2.052|NA|2026-04-01
27576|1.988|1.888|2.098|1.998|2026-04-01
27577|NA|1.759|NA|2.139|2026-04-01
27578|1.727|1.727|1.998|1.998|2026-04-01
27579|1.699|1.699|1.999|1.999|2026-04-01
27596|1.799|1.799|2.139|2.139|2026-04-01
27599|1.799|1.799|2.049|2.049|2026-04-01
27604|1.929|1.729|2.299|2.099|2026-04-01
27621|NA|1.759|NA|2.079|2026-04-01
27623|1.959|1.749|2.339|2.129|2026-04-01
27626|NA|1.729|NA|NA|2026-04-01
27635|NA|1.717|NA|2.033|2026-04-01
27640|NA|1.717|NA|2.033|2026-04-01
27646|1.919|1.739|2.249|2.069|2026-04-01
27651|1.699|1.699|2.059|2.059|2026-04-01
27660|NA|1.779|NA|2.099|2026-04-01
27662|NA|1.779|NA|2.149|2026-04-01
27667|1.759|1.759|1.999|1.999|2026-04-01
27673|1.967|1.747|2.307|2.087|2026-04-01
27679|1.829|1.739|2.089|1.999|2026-04-01
27683|2.019|1.819|2.359|2.159|2026-04-01
27684|1.942|1.732|2.258|2.048|2026-04-01
27689|NA|1.729|NA|2.099|2026-04-01
27692|1.822|1.799|2.259|2.099|2026-04-01
27700|1.779|1.779|2.169|2.169|2026-04-01
27701|1.693|1.693|2.105|2.105|2026-04-01
27708|1.699|1.699|2.099|2.099|2026-04-01
27713|1.969|1.769|2.085|1.885|2026-04-01
27716|1.759|NA|2.059|NA|2026-04-01
27717|1.729|1.729|2.059|2.059|2026-04-01
27721|1.815|1.815|2.175|2.175|2026-04-01
27723|2.059|1.759|2.369|2.069|2026-04-01
27728|1.942|1.732|2.258|2.048|2026-04-01
27731|1.709|1.709|2.019|2.019|2026-04-01
27735|1.957|1.737|2.255|2.035|2026-04-01
27740|1.719|1.719|2.079|2.079|2026-04-01
27745|NA|1.729|NA|2.099|2026-04-01
27747|1.94|1.719|2.26|2.039|2026-04-01
27749|1.899|1.899|2.299|2.299|2026-04-01
27752|1.755|1.755|2.075|2.075|2026-04-01
27757|2.129|1.779|2.499|2.149|2026-04-01
27764|NA|1.739|NA|2.099|2026-04-01
27778|NA|1.759|NA|2.099|2026-04-01
27792|NA|1.749|NA|2.049|2026-04-01
27794|1.957|1.737|2.273|2.053|2026-04-01
27796|NA|1.759|NA|2.059|2026-04-01
27799|1.749|1.749|2.139|2.139|2026-04-01
27805|1.962|1.747|2.27|2.055|2026-04-01
27807|1.999|1.999|2.349|2.349|2026-04-01
27814|1.829|1.699|2.209|2.079|2026-04-01
27825|NA|1.719|NA|2.139|2026-04-01
27826|1.979|1.779|2.349|2.149|2026-04-01
27827|1.747|1.747|2.067|2.067|2026-04-01
27829|1.769|NA|2.149|NA|2026-04-01
27834|1.922|1.712|2.238|2.028|2026-04-01
27838|1.957|1.737|2.273|2.053|2026-04-01
27842|NA|1.717|NA|2.035|2026-04-01
27843|NA|1.717|NA|2.033|2026-04-01
27849|1.689|1.689|1.998|1.998|2026-04-01
27850|1.689|1.689|1.998|1.998|2026-04-01
27853|NA|1.689|NA|2.039|2026-04-01
27861|2.068|1.768|2.458|2.158|2026-04-01
27866|1.717|1.717|2.047|2.047|2026-04-01
27870|NA|1.699|NA|2.099|2026-04-01
27872|NA|1.799|NA|2.099|2026-04-01
27881|1.891|1.681|2.151|1.941|2026-04-01
27882|NA|1.695|NA|1.995|2026-04-01
27898|1.799|NA|2.189|NA|2026-04-01
27899|NA|1.749|NA|2.129|2026-04-01
27905|1.937|1.717|2.26|2.04|2026-04-01
27922|1.759|1.759|2.099|2.099|2026-04-01
27933|NA|1.739|NA|2.099|2026-04-01
27938|NA|1.658|NA|1.998|2026-04-01
27947|1.949|1.739|2.309|2.099|2026-04-01
27954|2.036|1.786|2.398|2.148|2026-04-01
27955|NA|1.719|NA|2.049|2026-04-01
27960|1.739|1.739|2.059|2.059|2026-04-01
27969|2.049|1.799|2.439|2.189|2026-04-01
27970|1.758|1.758|2.108|2.108|2026-04-01
27973|2.048|1.799|2.346|2.097|2026-04-01
27975|1.699|1.699|2.059|2.059|2026-04-01
27977|1.829|1.829|2.079|2.079|2026-04-01
27982|1.742|1.742|2.144|2.144|2026-04-01
27989|2.059|1.809|2.409|2.159|2026-04-01
27995|1.699|1.699|2.059|2.059|2026-04-01
28000|NA|1.729|NA|2.059|2026-04-01
28003|NA|1.769|NA|2.069|2026-04-01
28007|1.942|1.732|2.238|2.028|2026-04-01
28012|1.709|NA|2.029|NA|2026-04-01
28017|1.859|1.759|2.179|2.079|2026-04-01
28036|1.957|1.737|2.273|2.053|2026-04-01
28039|1.829|NA|2.059|NA|2026-04-01
28043|NA|1.799|NA|2.159|2026-04-01
28044|NA|1.789|NA|2.119|2026-04-01
28047|NA|1.769|NA|2.079|2026-04-01
28048|1.789|NA|2.149|NA|2026-04-01
28049|1.749|NA|2.119|NA|2026-04-01
28059|NA|1.749|NA|2.049|2026-04-01
28062|1.798|1.798|2.139|2.139|2026-04-01
28075|1.747|1.747|2.068|2.068|2026-04-01
28076|1.984|1.774|2.335|2.125|2026-04-01
28080|NA|1.739|NA|2.049|2026-04-01
28093|1.869|1.869|2.099|2.099|2026-04-01
28100|NA|1.719|NA|2.129|2026-04-01
28101|1.759|NA|2.159|NA|2026-04-01
28102|1.955|1.735|2.255|2.035|2026-04-01
28104|NA|1.779|NA|2.149|2026-04-01
28105|1.799|1.799|2.179|2.179|2026-04-01
28114|NA|1.749|NA|2.129|2026-04-01
28116|2.009|1.759|2.329|2.079|2026-04-01
28125|NA|1.699|NA|1.969|2026-04-01
28132|1.856|1.856|2.162|2.162|2026-04-01
28134|1.829|1.829|2.179|2.179|2026-04-01
28135|NA|1.769|NA|2.099|2026-04-01
28139|NA|1.769|NA|2.159|2026-04-01
28142|1.999|1.779|2.369|2.149|2026-04-01
28150|NA|1.747|NA|2.097|2026-04-01
28159|1.799|1.799|1.999|1.999|2026-04-01
28161|1.947|1.737|2.249|2.039|2026-04-01
28163|1.759|1.759|2.059|2.059|2026-04-01
28169|1.842|1.842|2.176|2.176|2026-04-01
28170|1.779|1.779|2.129|2.129|2026-04-01
28171|NA|1.719|NA|2.129|2026-04-01
28174|1.959|1.749|2.309|2.099|2026-04-01
28175|NA|1.749|NA|2.159|2026-04-01
28186|NA|1.789|NA|2.129|2026-04-01
28187|NA|1.739|NA|2.069|2026-04-01
28196|NA|1.779|NA|2.05|2026-04-01
28197|1.779|NA|2.05|NA|2026-04-01
28198|1.799|1.759|2.069|2.029|2026-04-01
28199|NA|1.759|NA|2.149|2026-04-01
28201|NA|1.749|NA|2.099|2026-04-01
28205|NA|1.859|NA|2.199|2026-04-01
28207|1.759|NA|2.099|NA|2026-04-01
28218|1.789|1.789|2.099|2.099|2026-04-01
28223|NA|1.718|NA|2.068|2026-04-01
28228|1.729|1.729|2.069|2.069|2026-04-01
28231|NA|1.829|NA|2.119|2026-04-01
28236|NA|1.799|NA|2.149|2026-04-01
28253|1.729|1.729|1.999|1.999|2026-04-01
28254|1.952|1.742|2.268|2.058|2026-04-01
28258|1.779|NA|2.079|NA|2026-04-01
28261|1.787|1.787|2.167|2.167|2026-04-01
28263|1.989|1.789|2.289|2.089|2026-04-01
28270|1.729|1.699|2.079|2.049|2026-04-01
28272|1.935|1.715|2.255|2.045|2026-04-01
28273|NA|1.699|NA|2.019|2026-04-01
28275|NA|1.709|NA|2.019|2026-04-01
28277|NA|1.699|NA|2.019|2026-04-01
28288|NA|1.739|NA|2.119|2026-04-01
28290|2.039|1.739|2.359|2.059|2026-04-01
28291|1.798|NA|2.198|NA|2026-04-01
28298|1.845|1.745|2.145|2.045|2026-04-01
28304|1.799|1.749|2.049|2.049|2026-04-01
28306|NA|1.675|NA|2.035|2026-04-01
28312|1.942|1.732|2.249|2.039|2026-04-01
28313|NA|1.779|NA|2.099|2026-04-01
28314|NA|1.829|NA|2.159|2026-04-01
28323|NA|1.699|NA|2.039|2026-04-01
28326|NA|1.779|NA|2.119|2026-04-01
28336|NA|1.749|NA|2.059|2026-04-01
28339|1.789|1.789|2.099|2.099|2026-04-01
28340|NA|1.749|NA|2.059|2026-04-01
28342|NA|1.819|NA|2.199|2026-04-01
28343|NA|1.739|NA|2.079|2026-04-01
28349|1.939|1.789|2.299|2.149|2026-04-01
28351|2.059|1.809|2.399|2.149|2026-04-01
28353|2.049|1.749|2.399|2.099|2026-04-01
28357|1.809|1.749|2.169|2.109|2026-04-01
28360|NA|1.799|NA|2.069|2026-04-01
28363|NA|1.799|NA|2.189|2026-04-01
28370|1.929|1.729|2.249|2.049|2026-04-01
28392|NA|1.719|NA|2.099|2026-04-01
28393|2.003|1.769|2.333|2.099|2026-04-01
28394|NA|1.819|NA|2.159|2026-04-01
28395|NA|1.759|NA|2.099|2026-04-01
28396|NA|1.729|NA|2.099|2026-04-01
28398|NA|1.689|NA|2.029|2026-04-01
28400|1.94|1.72|2.253|2.033|2026-04-01
28404|1.989|1.789|2.299|2.099|2026-04-01
28405|1.957|1.732|2.26|2.035|2026-04-01
28408|1.925|1.715|2.235|2.025|2026-04-01
28418|1.86|1.74|2.199|2.079|2026-04-01
28420|1.86|1.74|2.199|2.079|2026-04-01
28421|1.94|1.74|2.269|2.069|2026-04-01
28423|NA|1.739|NA|2.079|2026-04-01
28424|NA|1.739|NA|2.139|2026-04-01
28431|NA|1.759|NA|2.129|2026-04-01
28433|NA|1.808|NA|2.128|2026-04-01
28434|NA|1.719|NA|2.029|2026-04-01
28436|NA|1.769|NA|2.009|2026-04-01
28443|2.079|1.779|2.429|2.179|2026-04-01
28446|NA|1.749|NA|1.939|2026-04-01
28447|NA|1.749|NA|1.939|2026-04-01
28450|1.689|1.689|2.039|2.039|2026-04-01
28454|NA|1.739|NA|2.059|2026-04-01
28460|NA|1.769|NA|2.099|2026-04-01
28467|1.869|1.719|2.189|2.039|2026-04-01
28474|1.699|1.699|1.989|1.989|2026-04-01
28476|1.899|1.719|2.238|2.058|2026-04-01
28480|1.757|1.717|2.139|2.099|2026-04-01
28483|NA|1.779|NA|2.159|2026-04-01
28484|NA|1.779|NA|2.149|2026-04-01
28497|1.959|1.739|2.253|2.033|2026-04-01
28508|1.769|1.769|2.099|2.099|2026-04-01
28511|NA|1.729|NA|2.089|2026-04-01
28520|2.179|1.869|2.409|2.099|2026-04-01
28525|1.799|1.799|2.099|2.099|2026-04-01
28526|1.979|1.779|2.379|2.179|2026-04-01
28527|2.009|1.829|2.299|2.119|2026-04-01
28531|NA|1.779|NA|2.149|2026-04-01
28532|1.925|1.725|2.298|2.098|2026-04-01
28539|NA|1.719|NA|2.069|2026-04-01
28545|NA|1.749|NA|2.079|2026-04-01
28549|NA|1.799|NA|2.109|2026-04-01
28551|1.967|1.747|2.275|2.055|2026-04-01
28554|1.948|1.719|2.288|2.059|2026-04-01
28560|1.861|1.861|2.099|2.099|2026-04-01
28578|1.949|1.739|2.279|2.069|2026-04-01
28581|NA|1.799|NA|2.099|2026-04-01
28585|NA|1.769|NA|2.079|2026-04-01
28590|NA|1.769|NA|2.079|2026-04-01
28591|NA|1.749|NA|2.039|2026-04-01
28595|1.967|1.747|2.27|2.05|2026-04-01
28596|1.799|1.719|2.169|2.089|2026-04-01
28598|1.983|1.773|2.335|2.145|2026-04-01
28600|1.969|1.769|2.321|2.121|2026-04-01
28603|1.899|1.699|2.259|2.059|2026-04-01
28605|1.829|1.729|2.179|2.079|2026-04-01
28609|1.93|1.72|2.238|2.028|2026-04-01
28611|1.759|1.759|2.079|2.079|2026-04-01
28614|NA|1.799|NA|2.149|2026-04-01
28615|NA|1.799|NA|2.139|2026-04-01
28616|NA|1.789|NA|2.149|2026-04-01
28617|NA|1.779|NA|2.149|2026-04-01
28618|NA|1.799|NA|2.149|2026-04-01
28621|1.894|1.699|2.274|2.079|2026-04-01
28622|1.793|1.793|2.161|2.161|2026-04-01
28623|NA|1.679|NA|2.069|2026-04-01
28630|NA|1.709|NA|2.099|2026-04-01
28631|NA|1.799|NA|2.139|2026-04-01
28632|1.957|1.737|2.253|2.033|2026-04-01
28635|2.009|1.769|2.359|2.119|2026-04-01
28642|NA|1.799|NA|2.099|2026-04-01
28646|1.799|1.799|2.139|2.139|2026-04-01
28655|1.942|1.732|2.258|2.048|2026-04-01
28656|1.969|1.769|2.279|2.079|2026-04-01
28659|NA|1.759|NA|2.099|2026-04-01
28667|NA|1.749|NA|2.089|2026-04-01
28669|2.109|1.799|2.439|2.099|2026-04-01
28670|1.967|1.747|2.265|2.045|2026-04-01
28677|NA|1.799|NA|2.149|2026-04-01
28678|NA|1.717|NA|2.127|2026-04-01
28681|NA|1.799|NA|2.149|2026-04-01
28682|NA|1.749|NA|2.039|2026-04-01
28683|NA|1.749|NA|2.049|2026-04-01
28688|2.148|NA|2.34|NA|2026-04-01
28689|2.07|NA|2.25|NA|2026-04-01
28690|1.759|1.759|2.099|2.099|2026-04-01
28693|NA|1.749|NA|2.069|2026-04-01
28695|NA|1.799|NA|2.099|2026-04-01
28697|NA|1.799|NA|2.099|2026-04-01
28702|NA|1.729|NA|2.129|2026-04-01
28703|2.111|1.876|2.289|2.074|2026-04-01
28709|1.899|1.899|2.299|2.299|2026-04-01
28714|NA|1.747|NA|2.137|2026-04-01
28719|NA|1.819|NA|2.199|2026-04-01
28722|1.967|1.747|2.265|2.045|2026-04-01
28738|2.167|1.797|2.467|2.097|2026-04-01
28748|NA|1.697|NA|2.067|2026-04-01
28754|1.749|1.749|1.949|1.949|2026-04-01
28769|NA|1.737|NA|2.053|2026-04-01
28770|1.708|1.708|1.998|1.998|2026-04-01
28782|NA|1.769|NA|2.119|2026-04-01
28788|1.799|NA|2.009|NA|2026-04-01
28790|1.942|1.732|2.245|2.035|2026-04-01
28792|1.779|1.779|2.099|2.099|2026-04-01
28798|1.839|1.739|2.159|2.059|2026-04-01
28799|1.789|1.789|2.099|2.099|2026-04-01
28805|1.808|1.768|2.167|2.127|2026-04-01
28806|1.999|1.799|2.229|2.099|2026-04-01
28827|1.925|1.715|2.255|2.045|2026-04-01
28847|1.978|1.718|2.319|2.059|2026-04-01
28866|1.979|1.769|2.319|2.109|2026-04-01
28870|1.957|1.737|2.255|2.035|2026-04-01
28871|1.879|1.729|2.189|2.039|2026-04-01
28872|1.879|1.729|2.189|2.039|2026-04-01
28877|1.828|1.828|2.098|2.098|2026-04-01
28878|1.759|1.759|1.999|1.999|2026-04-01
28884|2.059|1.824|2.329|2.094|2026-04-01
28889|1.942|1.732|2.245|2.035|2026-04-01
28891|1.749|1.749|2.099|2.099|2026-04-01
28892|1.819|1.819|2.149|2.149|2026-04-01
28896|NA|1.749|NA|2.099|2026-04-01
28908|1.702|1.702|2.114|2.114|2026-04-01
28926|1.799|1.799|2.099|2.099|2026-04-01
28932|NA|1.719|NA|2.059|2026-04-01
28937|NA|1.749|NA|2.099|2026-04-01
28939|1.755|1.755|1.995|1.995|2026-04-01
28942|1.749|1.749|2.099|2.099|2026-04-01
28944|1.869|NA|2.189|NA|2026-04-01
28946|1.713|NA|2.013|NA|2026-04-01
28950|2.109|1.759|2.409|2.059|2026-04-01
28957|NA|1.699|NA|1.999|2026-04-01
28958|1.759|1.759|2.119|2.119|2026-04-01
28959|1.925|1.745|2.285|2.105|2026-04-01
28966|1.799|1.799|2.059|2.059|2026-04-01
28970|NA|1.719|NA|2.119|2026-04-01
28971|1.919|1.799|2.219|2.099|2026-04-01
28972|1.799|1.799|2.099|2.099|2026-04-01
28982|NA|1.819|NA|2.149|2026-04-01
28988|1.669|1.669|2.059|2.059|2026-04-01
29001|NA|1.729|NA|2.059|2026-04-01
29006|1.799|1.799|2.089|2.089|2026-04-01
29007|1.799|1.799|2.089|2.089|2026-04-01
29009|NA|1.777|NA|2.057|2026-04-01
29010|1.739|1.739|2.099|2.099|2026-04-01
29011|1.799|1.799|2.089|2.089|2026-04-01
29013|1.799|1.799|2.089|2.089|2026-04-01
29014|NA|1.799|NA|1.999|2026-04-01
29015|NA|1.799|NA|1.999|2026-04-01
29016|NA|1.799|NA|2.089|2026-04-01
29017|1.739|1.739|2.089|2.089|2026-04-01
29018|NA|1.739|NA|2.089|2026-04-01
29026|NA|1.715|NA|2.035|2026-04-01
29043|NA|1.695|NA|NA|2026-04-01
29047|NA|1.816|NA|2.057|2026-04-01
29048|1.735|1.735|2.024|2.024|2026-04-01
29051|1.722|1.722|2.03|2.03|2026-04-01
29071|1.949|1.739|2.349|2.139|2026-04-01
29073|1.855|1.755|2.019|1.979|2026-04-01
29092|1.719|1.719|2.099|2.099|2026-04-01
29100|1.94|1.715|2.26|2.035|2026-04-01
29105|NA|1.879|NA|2.279|2026-04-01
29108|2.055|1.715|2.284|2.035|2026-04-01
29109|NA|1.749|NA|2.119|2026-04-01
29111|NA|1.769|NA|2.139|2026-04-01
29121|1.799|1.799|2.169|2.169|2026-04-01
29122|1.799|1.799|2.149|2.149|2026-04-01
29123|1.899|1.699|2.299|2.099|2026-04-01
29125|1.849|1.749|2.159|2.059|2026-04-01
29129|1.939|1.729|2.229|2.019|2026-04-01
29131|NA|1.737|NA|2.045|2026-04-01
29142|1.799|1.799|2.099|2.099|2026-04-01
29146|1.698|1.698|2.089|2.089|2026-04-01
29151|1.759|NA|2.099|NA|2026-04-01
29154|1.799|1.799|2.069|2.069|2026-04-01
29159|2.084|1.747|2.27|2.045|2026-04-01
29182|NA|1.739|NA|2.099|2026-04-01
29185|1.799|1.739|2.169|2.109|2026-04-01
29186|1.942|1.732|2.324|2.134|2026-04-01
29188|1.763|1.763|2.125|2.125|2026-04-01
29189|NA|1.698|NA|2.038|2026-04-01
29200|1.929|1.749|2.279|2.099|2026-04-01
29202|1.689|1.689|1.999|1.999|2026-04-01
29203|1.769|1.769|2.049|2.049|2026-04-01
29209|NA|1.779|NA|2.129|2026-04-01
29210|1.957|1.737|2.273|2.053|2026-04-01
29211|NA|1.799|NA|2.149|2026-04-01
29212|NA|1.779|NA|2.099|2026-04-01
29223|NA|1.759|NA|2.139|2026-04-01
29228|1.942|1.732|2.258|2.048|2026-04-01
29232|NA|1.729|NA|2.099|2026-04-01
29239|1.749|1.749|2.119|2.119|2026-04-01
29254|1.799|1.729|2.159|2.089|2026-04-01
29256|1.929|1.749|2.339|2.159|2026-04-01
29259|1.749|1.749|2.139|2.139|2026-04-01
29270|NA|1.769|NA|2.099|2026-04-01
29273|1.697|1.697|1.993|1.993|2026-04-01
29276|1.779|1.779|2.159|2.159|2026-04-01
29278|NA|1.789|NA|2.159|2026-04-01
29280|1.799|1.799|2.099|2.099|2026-04-01
29281|NA|1.779|NA|2.149|2026-04-01
29292|2.197|1.797|2.497|2.097|2026-04-01
29295|1.859|1.859|2.099|2.099|2026-04-01
29296|1.822|1.822|2.114|2.114|2026-04-01
29301|1.959|1.759|2.299|2.099|2026-04-01
29308|NA|1.749|NA|2.059|2026-04-01
29312|NA|1.819|NA|2.159|2026-04-01
29313|NA|1.779|NA|2.149|2026-04-01
29325|1.919|1.719|2.269|2.069|2026-04-01
29327|NA|1.725|NA|2.035|2026-04-01
29328|1.947|1.737|2.243|2.033|2026-04-01
29329|NA|1.737|NA|2.053|2026-04-01
29332|NA|1.717|NA|2.033|2026-04-01
29334|NA|1.737|NA|2.045|2026-04-01
29335|NA|1.717|NA|2.033|2026-04-01
29338|NA|1.729|NA|2.099|2026-04-01
29340|1.789|1.789|2.079|2.079|2026-04-01
29341|NA|1.699|NA|2.043|2026-04-01
29342|NA|1.739|NA|2.079|2026-04-01
29345|1.899|1.899|2.129|2.129|2026-04-01
29346|NA|1.749|NA|2.069|2026-04-01
29357|1.899|1.899|2.089|2.089|2026-04-01
29358|1.849|1.849|2.099|2.099|2026-04-01
29362|NA|1.719|NA|1.999|2026-04-01
29374|NA|1.719|NA|2.079|2026-04-01
29380|NA|1.685|NA|2.035|2026-04-01
29383|2.079|1.794|2.429|2.109|2026-04-01
29384|2.049|1.784|2.389|2.114|2026-04-01
29396|NA|1.719|NA|2.099|2026-04-01
29398|NA|1.759|NA|2.139|2026-04-01
29399|NA|1.719|NA|2.099|2026-04-01
29400|NA|1.789|NA|2.139|2026-04-01
29404|NA|1.889|NA|2.319|2026-04-01
29405|NA|1.749|NA|2.059|2026-04-01
29412|1.759|1.759|2.129|2.129|2026-04-01
29418|NA|1.719|NA|2.069|2026-04-01
29421|NA|1.779|NA|2.179|2026-04-01
29422|NA|1.729|NA|2.169|2026-04-01
29426|NA|1.779|NA|2.119|2026-04-01
29430|1.935|1.725|2.245|2.035|2026-04-01
29434|2.014|1.764|2.339|2.089|2026-04-01
29436|2.009|1.799|2.389|2.179|2026-04-01
29438|NA|1.739|NA|2.099|2026-04-01
29451|1.812|1.812|2.164|2.164|2026-04-01
29452|1.983|1.823|2.305|2.115|2026-04-01
29453|2.039|1.789|2.409|2.159|2026-04-01
29459|1.799|1.799|2.099|2.099|2026-04-01
29475|1.942|1.732|2.258|2.048|2026-04-01
29485|NA|1.717|NA|2.037|2026-04-01
29488|NA|1.719|NA|2.079|2026-04-01
29489|NA|1.759|NA|2.129|2026-04-01
29491|1.735|1.735|2.065|2.065|2026-04-01
29493|1.969|1.759|2.329|2.119|2026-04-01
29498|NA|1.739|NA|2.099|2026-04-01
29502|1.729|1.729|2.07|2.07|2026-04-01
29505|2.269|1.919|2.549|2.199|2026-04-01
29511|1.739|1.739|2.099|2.099|2026-04-01
29517|1.899|1.749|2.209|2.059|2026-04-01
29527|1.93|1.71|2.25|2.03|2026-04-01
29537|1.952|1.742|2.268|2.058|2026-04-01
29541|1.789|1.789|2.089|2.089|2026-04-01
29544|1.705|1.705|2.065|2.065|2026-04-01
29545|NA|1.71|NA|2.04|2026-04-01
29550|1.973|1.759|2.313|2.099|2026-04-01
29560|NA|1.779|NA|2.119|2026-04-01
29567|1.999|1.779|2.269|2.049|2026-04-01
29568|1.795|1.795|2.045|2.045|2026-04-01
29569|1.795|1.795|2.025|2.025|2026-04-01
29575|1.762|1.762|2.114|2.114|2026-04-01
29577|1.799|1.759|2.098|2.058|2026-04-01
29579|1.799|1.759|2.098|2.058|2026-04-01
29583|NA|1.799|NA|2.179|2026-04-01
29591|2.009|1.799|2.329|2.119|2026-04-01
29592|1.952|1.742|2.255|2.045|2026-04-01
29597|2.009|1.809|2.359|2.159|2026-04-01
29600|NA|1.749|NA|2.069|2026-04-01
29603|1.799|1.799|2.159|2.159|2026-04-01
29604|1.942|1.732|2.258|2.048|2026-04-01
29607|NA|1.779|NA|2.149|2026-04-01
29610|NA|1.779|NA|2.149|2026-04-01
29611|NA|1.769|NA|2.129|2026-04-01
29614|NA|1.789|NA|2.149|2026-04-01
29615|NA|1.759|NA|2.099|2026-04-01
29625|NA|1.699|NA|2.129|2026-04-01
29626|1.955|1.735|2.273|2.053|2026-04-01
29629|NA|1.749|NA|2.099|2026-04-01
29630|NA|1.759|NA|2.159|2026-04-01
29632|1.729|1.729|2.079|2.079|2026-04-01
29642|NA|1.799|NA|NA|2026-04-01
29645|1.833|1.833|2.165|2.165|2026-04-01
29647|1.909|1.759|2.229|2.079|2026-04-01
29648|NA|1.654|NA|1.595|2026-04-01
29654|1.869|1.769|2.199|2.099|2026-04-01
29659|1.979|1.799|2.297|2.087|2026-04-01
29662|2.009|1.799|2.307|2.087|2026-04-01
29663|NA|1.799|NA|2.099|2026-04-01
29671|1.919|1.769|2.289|2.139|2026-04-01
29676|1.874|1.744|2.243|2.113|2026-04-01
29678|NA|1.699|NA|2.119|2026-04-01
29682|NA|1.779|NA|2.139|2026-04-01
29685|1.819|1.719|2.169|2.069|2026-04-01
29692|1.959|1.749|2.289|2.079|2026-04-01
29693|1.73|NA|2.05|NA|2026-04-01
29694|1.969|1.719|2.329|2.079|2026-04-01
29697|1.739|1.739|2.089|2.089|2026-04-01
29699|NA|1.769|NA|2.139|2026-04-01
29700|NA|1.799|NA|2.109|2026-04-01
29701|NA|1.779|NA|2.149|2026-04-01
29706|1.799|1.799|2.129|2.129|2026-04-01
29714|2.139|1.889|2.379|2.129|2026-04-01
29719|NA|1.699|NA|2.049|2026-04-01
29720|NA|1.759|NA|2.089|2026-04-01
29721|NA|1.699|NA|2.059|2026-04-01
29723|NA|1.729|NA|2.059|2026-04-01
29724|NA|1.719|NA|2.039|2026-04-01
29725|NA|1.699|NA|2.059|2026-04-01
29726|NA|1.739|NA|2.079|2026-04-01
29727|NA|1.769|NA|2.079|2026-04-01
29728|NA|1.759|NA|2.059|2026-04-01
29729|NA|1.749|NA|2.069|2026-04-01
29732|1.799|1.799|2.097|2.097|2026-04-01
29739|1.759|NA|2.099|NA|2026-04-01
29745|NA|1.769|NA|2.129|2026-04-01
29750|NA|1.759|NA|2.056|2026-04-01
29759|NA|1.809|NA|2.159|2026-04-01
29760|NA|1.819|NA|2.099|2026-04-01
29779|1.986|1.776|2.306|2.096|2026-04-01
29782|NA|1.739|NA|2.159|2026-04-01
29785|1.937|1.717|2.265|2.045|2026-04-01
29789|1.839|1.839|2.149|2.149|2026-04-01
29791|1.899|1.779|2.179|2.079|2026-04-01
29794|1.957|1.747|2.263|2.053|2026-04-01
29796|1.759|1.759|2.099|2.099|2026-04-01
29802|1.839|1.599|1.919|1.679|2026-04-01
29804|NA|1.729|NA|2.169|2026-04-01
29805|1.777|1.777|2.088|2.088|2026-04-01
29807|NA|1.699|NA|2.019|2026-04-01
29808|NA|1.759|NA|2.139|2026-04-01
29812|NA|1.749|NA|2.099|2026-04-01
29813|NA|1.699|NA|2.099|2026-04-01
29822|1.899|1.819|2.129|2.109|2026-04-01
29825|1.899|NA|2.299|NA|2026-04-01
29826|1.999|1.799|2.299|2.099|2026-04-01
29830|1.985|1.775|2.259|2.049|2026-04-01
29831|NA|1.719|NA|2.079|2026-04-01
29832|NA|1.779|NA|2.149|2026-04-01
29833|NA|1.819|NA|2.159|2026-04-01
29841|1.819|NA|2.089|NA|2026-04-01
29846|NA|1.799|NA|2.099|2026-04-01
29849|1.799|1.799|2.099|2.099|2026-04-01
29850|1.919|1.799|2.219|2.099|2026-04-01
29851|1.919|1.799|2.219|2.099|2026-04-01
29853|NA|1.779|NA|2.139|2026-04-01
29855|1.937|1.717|2.253|2.033|2026-04-01
29857|1.859|1.759|2.189|2.089|2026-04-01
29861|NA|1.779|NA|2.099|2026-04-01
29862|NA|1.719|NA|2.049|2026-04-01
29863|1.695|1.695|2.025|2.025|2026-04-01
29866|NA|1.729|NA|2.059|2026-04-01
29869|1.749|1.749|2.119|2.119|2026-04-01
29870|1.942|1.732|2.255|2.045|2026-04-01
29877|NA|1.699|NA|1.999|2026-04-01
29882|1.749|1.749|2.149|2.149|2026-04-01
29891|NA|1.699|NA|2.069|2026-04-01
29897|NA|1.729|NA|2.129|2026-04-01
29898|NA|1.769|NA|2.129|2026-04-01
29904|NA|1.699|NA|1.999|2026-04-01
29905|NA|1.745|NA|2.02|2026-04-01
29906|1.739|1.739|2.069|2.069|2026-04-01
29910|1.996|1.796|2.346|2.146|2026-04-01
29913|1.834|1.834|2.165|2.165|2026-04-01
29916|NA|1.759|NA|2.159|2026-04-01
29917|NA|1.778|NA|2.099|2026-04-01
29918|NA|1.789|NA|2.149|2026-04-01
29919|NA|1.769|NA|2.159|2026-04-01
29921|NA|1.819|NA|2.149|2026-04-01
29922|NA|1.819|NA|2.199|2026-04-01
29924|NA|1.729|NA|2.089|2026-04-01
29935|1.769|1.769|2.099|2.099|2026-04-01
29939|NA|1.739|NA|2.099|2026-04-01
29940|NA|1.739|NA|2.119|2026-04-01
29941|NA|1.799|NA|2.159|2026-04-01
29944|2.009|1.759|2.379|2.129|2026-04-01
29945|NA|1.769|NA|2.059|2026-04-01
29957|2.007|1.746|2.337|2.076|2026-04-01
29960|NA|1.819|NA|2.149|2026-04-01
29971|NA|1.749|NA|2.109|2026-04-01
29996|2.179|1.829|2.499|2.149|2026-04-01
29999|1.745|1.745|2.065|2.065|2026-04-01
30000|NA|1.749|NA|2.099|2026-04-01
30009|1.999|1.789|2.339|2.129|2026-04-01
30014|1.895|1.895|2.085|2.085|2026-04-01
30015|1.899|NA|2.109|NA|2026-04-01
30016|1.959|1.759|2.239|2.039|2026-04-01
30019|1.769|1.769|1.999|1.999|2026-04-01
30022|1.995|1.799|2.405|2.199|2026-04-01
30023|1.709|1.709|2.034|2.034|2026-04-01
30024|NA|1.689|NA|2.069|2026-04-01
30025|1.989|1.789|2.309|2.109|2026-04-01
30038|NA|1.729|NA|2.099|2026-04-01
30039|1.729|1.729|2.039|2.039|2026-04-01
30044|NA|1.707|NA|2.047|2026-04-01
30049|1.919|1.719|2.199|1.999|2026-04-01
30050|1.997|1.797|2.297|2.097|2026-04-01
30052|NA|1.789|NA|2.119|2026-04-01
30054|1.999|1.749|2.339|2.089|2026-04-01
30056|1.759|1.759|2.099|2.099|2026-04-01
30057|NA|1.729|NA|2.099|2026-04-01
30059|1.749|1.749|2.089|2.089|2026-04-01
30060|NA|1.689|NA|2.099|2026-04-01
30061|NA|1.729|NA|2.099|2026-04-01
30062|NA|1.749|NA|2.069|2026-04-01
30063|1.757|1.757|2.057|2.057|2026-04-01
30065|1.837|1.737|2.155|2.055|2026-04-01
30067|1.829|1.759|2.139|2.069|2026-04-01
30069|NA|1.779|NA|2.139|2026-04-01
30070|1.719|1.719|2.129|2.129|2026-04-01
30071|1.942|1.732|2.278|2.068|2026-04-01
30073|1.849|1.849|2.049|2.049|2026-04-01
30075|NA|1.928|NA|2.154|2026-04-01
30076|1.878|1.878|2.124|2.124|2026-04-01
30078|1.829|1.719|2.159|2.049|2026-04-01
30080|1.987|1.767|2.345|2.125|2026-04-01
30081|1.999|1.799|2.398|2.198|2026-04-01
30084|1.947|1.737|2.259|2.049|2026-04-01
30092|1.749|1.749|2.129|2.129|2026-04-01
30093|NA|1.899|NA|1.989|2026-04-01
30103|1.779|1.779|2.199|2.199|2026-04-01
30105|NA|1.799|NA|2.089|2026-04-01
30110|1.947|1.737|2.281|2.071|2026-04-01
30113|NA|1.739|NA|2.069|2026-04-01
30114|NA|1.719|NA|2.029|2026-04-01
30115|NA|1.739|NA|2.059|2026-04-01
30117|NA|1.759|NA|2.059|2026-04-01
30118|1.959|1.759|2.267|2.067|2026-04-01
30119|NA|1.789|NA|2.079|2026-04-01
30120|NA|1.789|NA|2.069|2026-04-01
30127|1.999|1.799|2.329|2.129|2026-04-01
30128|1.739|1.739|2.099|2.099|2026-04-01
30131|1.957|1.732|2.273|2.048|2026-04-01
30132|NA|1.715|NA|2.079|2026-04-01
30141|1.969|1.769|2.299|2.099|2026-04-01
30151|1.789|1.789|2.129|2.129|2026-04-01
30161|1.699|1.699|2.049|2.049|2026-04-01
30174|NA|1.799|NA|2.149|2026-04-01
30175|1.945|1.725|2.273|2.053|2026-04-01
30178|NA|1.692|NA|2.008|2026-04-01
30181|2.012|1.862|2.379|2.189|2026-04-01
30182|NA|1.779|NA|2.149|2026-04-01
30183|NA|1.829|NA|2.139|2026-04-01
30184|NA|1.799|NA|2.159|2026-04-01
30186|NA|1.778|NA|2.099|2026-04-01
30187|NA|1.755|NA|2.069|2026-04-01
30193|1.739|NA|2.099|NA|2026-04-01
30197|NA|1.759|NA|2.099|2026-04-01
30198|NA|1.694|NA|2.064|2026-04-01
30200|1.949|1.739|2.279|2.069|2026-04-01
30204|1.942|1.732|2.258|2.048|2026-04-01
30210|NA|1.799|NA|2.169|2026-04-01
30213|1.799|1.799|2.178|2.178|2026-04-01
30217|NA|1.717|NA|2.033|2026-04-01
30218|NA|1.717|NA|2.033|2026-04-01
30222|1.927|1.717|2.243|2.033|2026-04-01
30223|NA|1.717|NA|2.033|2026-04-01
30225|NA|1.717|NA|2.035|2026-04-01
30226|NA|1.717|NA|2.033|2026-04-01
30231|1.735|1.735|2.119|2.119|2026-04-01
30234|NA|1.737|NA|2.053|2026-04-01
30241|NA|1.759|NA|2.059|2026-04-01
30242|NA|1.779|NA|2.139|2026-04-01
30243|NA|1.799|NA|2.159|2026-04-01
30245|NA|1.799|NA|2.129|2026-04-01
30250|NA|1.779|NA|2.119|2026-04-01
30251|NA|1.759|NA|2.099|2026-04-01
30254|1.849|1.749|2.149|2.049|2026-04-01
30258|NA|1.739|NA|2.069|2026-04-01
30272|2.069|2.069|2.349|2.349|2026-04-01
30277|1.719|1.669|2.009|1.959|2026-04-01
30289|NA|1.779|NA|2.149|2026-04-01
30299|NA|1.779|NA|2.149|2026-04-01
30305|1.769|1.769|2.091|2.091|2026-04-01
30312|1.705|1.705|2.045|2.045|2026-04-01
30314|1.769|1.769|2.098|2.098|2026-04-01
30315|1.724|1.724|2.044|2.044|2026-04-01
30316|NA|1.769|NA|2.099|2026-04-01
30319|1.737|NA|2.057|NA|2026-04-01
30323|NA|1.739|NA|2.099|2026-04-01
30324|1.917|1.767|2.249|2.099|2026-04-01
30325|NA|1.749|NA|2.099|2026-04-01
30332|2.009|1.759|2.319|2.069|2026-04-01
30333|1.957|1.737|2.255|2.035|2026-04-01
30341|1.759|1.759|2.079|2.079|2026-04-01
30343|NA|1.779|NA|2.079|2026-04-01
30361|2.169|1.819|2.499|2.149|2026-04-01
30362|NA|1.699|NA|2.109|2026-04-01
30379|NA|1.769|NA|2.129|2026-04-01
30384|1.739|1.739|2.059|2.059|2026-04-01
30385|2.149|1.799|2.509|2.159|2026-04-01
30394|NA|1.768|NA|2.098|2026-04-01
30395|NA|1.779|NA|2.119|2026-04-01
30398|1.769|1.769|2.099|2.099|2026-04-01
30404|1.975|1.755|2.273|2.053|2026-04-01
30406|2.025|1.815|2.379|2.169|2026-04-01
30409|NA|1.759|NA|2.069|2026-04-01
30414|1.922|1.712|2.238|2.028|2026-04-01
30419|NA|1.737|NA|2.077|2026-04-01
30425|2.004|1.784|2.329|2.109|2026-04-01
30427|1.729|1.729|2.019|2.019|2026-04-01
30432|NA|1.719|NA|2.049|2026-04-01
30433|1.749|1.749|2.059|2.059|2026-04-01
30439|1.957|1.737|2.265|2.045|2026-04-01
30442|1.799|1.799|2.129|2.129|2026-04-01
30445|1.879|1.779|2.199|2.099|2026-04-01
30446|1.957|1.747|2.273|2.063|2026-04-01
30448|NA|1.719|NA|2.099|2026-04-01
30451|1.773|1.773|2.115|2.115|2026-04-01
30452|NA|1.819|NA|2.149|2026-04-01
30460|1.979|1.779|2.309|2.099|2026-04-01
30464|1.739|1.739|2.099|2.099|2026-04-01
30467|1.859|1.759|2.179|2.079|2026-04-01
30468|NA|1.729|NA|NA|2026-04-01
30469|NA|1.699|NA|2.059|2026-04-01
30470|NA|1.729|NA|2.099|2026-04-01
30471|NA|1.759|NA|2.079|2026-04-01
30477|1.715|1.715|1.999|1.999|2026-04-01
30479|1.745|1.745|2.065|2.065|2026-04-01
30485|NA|1.769|NA|2.149|2026-04-01
30488|NA|1.798|NA|2.088|2026-04-01
30490|1.967|1.747|2.273|2.053|2026-04-01
30498|1.972|1.812|2.354|2.164|2026-04-01
30507|NA|1.739|NA|2.029|2026-04-01
30509|1.957|1.737|2.273|2.053|2026-04-01
30510|1.939|1.739|2.289|2.089|2026-04-01
30519|NA|1.717|NA|2.033|2026-04-01
30520|NA|1.717|NA|2.033|2026-04-01
30525|NA|1.759|NA|2.099|2026-04-01
30526|NA|1.749|NA|2.139|2026-04-01
30530|2.079|1.779|2.439|2.139|2026-04-01
30532|1.925|1.722|2.315|2.112|2026-04-01
30535|1.959|1.739|2.269|2.049|2026-04-01
30540|1.939|1.729|2.209|1.999|2026-04-01
30557|NA|1.789|NA|2.159|2026-04-01
30562|1.805|1.755|2.125|2.075|2026-04-01
30568|NA|1.739|NA|2.05|2026-04-01
30569|NA|1.739|NA|2.05|2026-04-01
30572|NA|1.749|NA|2.029|2026-04-01
30591|1.949|1.749|2.259|2.059|2026-04-01
30592|NA|1.729|NA|NA|2026-04-01
30593|2.137|1.797|2.419|2.079|2026-04-01
30594|1.797|1.797|2.079|2.079|2026-04-01
30595|1.819|NA|2.089|NA|2026-04-01
30597|1.719|1.639|2.009|1.929|2026-04-01
30601|1.969|1.759|2.281|2.091|2026-04-01
30603|1.799|1.709|2.159|2.069|2026-04-01
30604|1.779|1.689|2.129|2.039|2026-04-01
30606|NA|1.749|NA|2.069|2026-04-01
30612|NA|NA|1.999|1.999|2026-04-01
30616|1.925|1.715|2.245|2.035|2026-04-01
30618|2.009|1.759|2.349|2.099|2026-04-01
30621|NA|1.782|NA|2.129|2026-04-01
30622|NA|1.749|NA|2.099|2026-04-01
30624|NA|1.769|NA|2.099|2026-04-01
30626|NA|1.699|NA|2.099|2026-04-01
30627|NA|1.819|NA|2.149|2026-04-01
30628|NA|1.765|NA|2.069|2026-04-01
30629|NA|1.769|NA|2.149|2026-04-01
30630|NA|1.779|NA|2.129|2026-04-01
30633|NA|1.789|NA|2.149|2026-04-01
30634|NA|1.629|NA|1.659|2026-04-01
30637|1.899|2.099|2.299|2.099|2026-04-01
30638|1.999|1.789|2.309|2.099|2026-04-01
30639|NA|1.739|NA|2.099|2026-04-01
30642|1.982|1.772|2.304|2.114|2026-04-01
30644|1.865|1.865|2.16|2.16|2026-04-01
30667|1.945|1.725|2.273|2.053|2026-04-01
30669|NA|1.689|NA|2.029|2026-04-01
30670|1.929|1.799|2.259|2.129|2026-04-01
30677|NA|1.779|NA|2.109|2026-04-01
30678|NA|1.779|NA|2.149|2026-04-01
30681|1.799|1.799|2.159|2.159|2026-04-01
30686|1.937|1.717|2.253|2.033|2026-04-01
30690|1.909|1.739|2.269|2.099|2026-04-01
30691|NA|1.767|NA|2.079|2026-04-01
30693|NA|1.799|NA|2.149|2026-04-01
30697|1.999|NA|2.099|NA|2026-04-01
30698|NA|1.699|NA|2.045|2026-04-01
30709|1.859|1.859|2.099|2.099|2026-04-01
30719|1.712|NA|2.02|NA|2026-04-01
30721|NA|1.759|NA|2.069|2026-04-01
30725|1.803|1.803|2.165|2.165|2026-04-01
30730|1.957|1.737|2.25|2.03|2026-04-01
30736|1.829|1.829|2.149|2.149|2026-04-01
30738|NA|1.759|NA|2.099|2026-04-01
30739|1.834|1.834|2.167|2.167|2026-04-01
30740|1.769|1.769|2.099|2.099|2026-04-01
30744|NA|1.779|NA|2.149|2026-04-01
30746|2.049|1.749|2.399|2.099|2026-04-01
30753|NA|1.809|NA|2.073|2026-04-01
30756|NA|1.799|NA|2.129|2026-04-01
30760|1.947|1.737|2.263|2.053|2026-04-01
30762|1.881|1.737|2.109|2.053|2026-04-01
30768|NA|1.749|NA|2.099|2026-04-01
30770|NA|1.749|NA|2.149|2026-04-01
30771|1.842|1.842|2.176|2.176|2026-04-01
30782|1.739|1.739|2.099|2.099|2026-04-01
30783|1.819|1.819|2.119|2.119|2026-04-01
30792|NA|1.859|NA|2.199|2026-04-01
30794|NA|1.729|NA|2.049|2026-04-01
30795|NA|1.739|NA|2.039|2026-04-01
30796|NA|1.729|NA|2.029|2026-04-01
30797|NA|1.749|NA|2.059|2026-04-01
30798|NA|1.729|NA|2.069|2026-04-01
30800|NA|1.829|NA|2.109|2026-04-01
30801|NA|1.799|NA|2.149|2026-04-01
30803|NA|1.698|NA|2.018|2026-04-01
30807|1.979|1.764|2.349|2.134|2026-04-01
30810|1.718|1.718|2.028|2.028|2026-04-01
30817|NA|1.719|NA|2.159|2026-04-01
30818|NA|1.759|NA|2.169|2026-04-01
30821|NA|1.699|NA|2.099|2026-04-01
30823|NA|1.749|NA|2.079|2026-04-01
30824|NA|1.779|NA|2.149|2026-04-01
30828|NA|1.769|NA|2.079|2026-04-01
30830|NA|1.749|NA|2.029|2026-04-01
30831|NA|1.729|NA|2.019|2026-04-01
30832|NA|1.749|NA|2.069|2026-04-01
30833|NA|1.789|NA|2.159|2026-04-01
30836|2.049|1.799|2.399|2.149|2026-04-01
30838|1.799|1.799|2.129|2.129|2026-04-01
30839|NA|1.717|NA|2.047|2026-04-01
30841|1.999|1.759|2.339|2.099|2026-04-01
30850|NA|1.829|NA|2.159|2026-04-01
30859|1.999|1.749|2.309|2.059|2026-04-01
30887|NA|1.769|NA|2.099|2026-04-01
30888|NA|1.719|NA|2.129|2026-04-01
30890|NA|1.699|NA|2.059|2026-04-01
30892|NA|1.734|NA|2.044|2026-04-01
30895|1.829|1.729|2.099|2.099|2026-04-01
30896|1.829|1.729|2.199|2.099|2026-04-01
30907|1.949|1.749|2.349|2.149|2026-04-01
30916|1.769|1.769|2.099|2.099|2026-04-01
30918|NA|1.709|NA|2.119|2026-04-01
30923|NA|1.759|NA|2.159|2026-04-01
30927|NA|1.819|NA|2.159|2026-04-01
30928|NA|1.769|NA|2.099|2026-04-01
30931|NA|1.889|NA|2.159|2026-04-01
30934|2.139|1.799|2.459|2.109|2026-04-01
30937|1.959|1.769|2.309|2.119|2026-04-01
30940|1.759|1.759|2.099|2.099|2026-04-01
30943|1.919|1.799|2.219|2.099|2026-04-01
30947|2.097|1.797|2.397|2.097|2026-04-01
30953|NA|1.809|NA|2.159|2026-04-01
30954|NA|1.779|NA|2.149|2026-04-01
30955|NA|1.809|NA|2.119|2026-04-01
30963|NA|1.759|NA|2.079|2026-04-01
30964|1.974|1.764|2.304|2.094|2026-04-01
30969|NA|1.699|NA|2.099|2026-04-01
30971|1.939|1.739|2.349|2.149|2026-04-01
30976|NA|1.769|NA|2.099|2026-04-01
30979|1.789|1.789|2.139|2.139|2026-04-01
30985|NA|1.809|NA|2.149|2026-04-01
30986|NA|1.719|NA|2.069|2026-04-01
30987|NA|1.819|NA|2.129|2026-04-01
30990|NA|1.739|NA|2.099|2026-04-01
30992|NA|1.794|NA|2.169|2026-04-01
30994|NA|1.769|NA|2.139|2026-04-01
30995|NA|1.779|NA|2.149|2026-04-01
30998|1.95|1.73|2.253|2.033|2026-04-01
31000|1.952|1.732|2.268|2.048|2026-04-01
31003|NA|1.879|NA|2.109|2026-04-01
31007|NA|1.779|NA|2.159|2026-04-01
31009|1.912|1.692|2.228|2.008|2026-04-01
31010|1.95|1.725|2.27|2.045|2026-04-01
31016|1.945|1.725|2.253|2.033|2026-04-01
31017|NA|1.692|NA|2.008|2026-04-01
31019|1.899|NA|2.099|NA|2026-04-01
31020|1.949|1.739|2.269|2.059|2026-04-01
31026|1.749|1.749|2.029|2.029|2026-04-01
31027|NA|1.779|NA|2.149|2026-04-01
31028|NA|1.779|NA|2.099|2026-04-01
31034|1.769|1.769|2.069|2.069|2026-04-01
31037|NA|1.719|NA|2.099|2026-04-01
31038|NA|1.749|NA|2.139|2026-04-01
31042|1.773|1.773|2.115|2.115|2026-04-01
31046|1.955|1.745|2.263|2.053|2026-04-01
31047|1.955|1.745|2.263|2.053|2026-04-01
31050|1.889|1.789|2.069|2.029|2026-04-01
31052|1.749|1.749|2.069|2.069|2026-04-01
31053|2.069|1.859|2.409|2.199|2026-04-01
31060|NA|1.809|NA|2.159|2026-04-01
31062|NA|1.729|NA|1.999|2026-04-01
31066|2.167|1.797|2.467|2.097|2026-04-01
31073|1.849|1.699|2.109|1.959|2026-04-01
31078|1.779|NA|2.059|NA|2026-04-01
31081|NA|1.739|NA|2.079|2026-04-01
31085|NA|1.799|NA|2.119|2026-04-01
31086|NA|1.779|NA|2.169|2026-04-01
31087|NA|1.819|NA|2.149|2026-04-01
31090|1.799|1.799|2.099|2.099|2026-04-01
31092|NA|1.789|NA|2.159|2026-04-01
31093|1.889|1.889|2.109|2.109|2026-04-01
31094|NA|1.769|NA|2.099|2026-04-01
31097|1.779|1.729|2.149|2.099|2026-04-01
31109|NA|1.749|NA|2.149|2026-04-01
31117|2.009|1.759|2.309|2.059|2026-04-01
31119|1.85|1.85|2.09|2.09|2026-04-01
31120|1.85|1.85|2.09|2.09|2026-04-01
31124|NA|1.759|NA|2.099|2026-04-01
31126|1.925|1.715|2.238|2.028|2026-04-01
31127|1.956|1.756|2.256|2.056|2026-04-01
31133|NA|1.819|NA|2.149|2026-04-01
31140|NA|1.779|NA|2.149|2026-04-01
31149|1.957|1.737|2.255|2.035|2026-04-01
31152|1.748|NA|2.088|NA|2026-04-01
31157|1.942|1.732|2.245|2.035|2026-04-01
31159|1.799|1.749|2.149|2.099|2026-04-01
31160|1.799|1.799|2.139|2.139|2026-04-01
31161|1.782|1.782|2.164|2.164|2026-04-01
31162|1.95|1.73|2.255|2.035|2026-04-01
31165|1.919|1.789|2.219|2.089|2026-04-01
31169|NA|1.818|NA|2.148|2026-04-01
31170|NA|1.779|NA|2.149|2026-04-01
31171|NA|1.829|NA|2.169|2026-04-01
31174|1.768|1.698|2.068|1.998|2026-04-01
31181|2.114|2.114|2.354|2.354|2026-04-01
31184|NA|1.729|NA|2.039|2026-04-01
31185|1.947|1.727|2.207|1.987|2026-04-01
31192|1.899|1.749|2.209|2.109|2026-04-01
31194|NA|1.719|NA|2.029|2026-04-01
31195|1.849|1.849|2.129|2.129|2026-04-01
31199|NA|1.779|NA|2.149|2026-04-01
31200|NA|1.779|NA|2.099|2026-04-01
31202|1.758|1.708|2.118|2.068|2026-04-01
31211|1.859|1.759|2.219|2.119|2026-04-01
31214|1.799|1.799|2.099|2.009|2026-04-01
31219|NA|1.789|NA|2.159|2026-04-01
31223|NA|1.735|NA|2.089|2026-04-01
31227|1.799|1.699|2.179|2.079|2026-04-01
31228|1.884|1.684|2.199|1.999|2026-04-01
31243|1.799|NA|2.129|NA|2026-04-01
31247|1.945|1.735|2.255|2.045|2026-04-01
31268|NA|1.719|NA|2.079|2026-04-01
31269|NA|1.779|NA|2.079|2026-04-01
31274|NA|1.698|NA|2.028|2026-04-01
31279|NA|1.699|NA|2.059|2026-04-01
31280|1.94|1.73|2.255|2.045|2026-04-01
31281|NA|1.799|NA|2.139|2026-04-01
31283|NA|1.809|NA|2.159|2026-04-01
31287|NA|1.779|NA|2.059|2026-04-01
31288|1.779|NA|2.099|NA|2026-04-01
31289|1.999|NA|1.881|NA|2026-04-01
31297|1.719|NA|1.999|NA|2026-04-01
31307|1.826|1.726|2.146|2.046|2026-04-01
31308|1.999|1.799|2.359|2.159|2026-04-01
31310|NA|1.699|NA|1.999|2026-04-01
31320|NA|1.759|NA|2.159|2026-04-01
31327|NA|1.749|NA|2.119|2026-04-01
31328|NA|1.799|NA|2.099|2026-04-01
31330|NA|1.748|NA|2.089|2026-04-01
31331|NA|1.779|NA|2.149|2026-04-01
31333|NA|1.809|NA|2.149|2026-04-01
31338|1.96|1.86|2.29|2.19|2026-04-01
31339|2.059|1.799|2.438|2.178|2026-04-01
31345|1.759|1.759|1.659|1.659|2026-04-01
31346|1.789|1.729|2.169|2.109|2026-04-01
31355|1.773|1.773|2.115|2.115|2026-04-01
31360|NA|1.699|NA|2.079|2026-04-01
31361|1.749|1.749|2.089|2.089|2026-04-01
31370|1.959|1.759|2.299|2.099|2026-04-01
31375|NA|1.819|NA|2.117|2026-04-01
31385|NA|1.779|NA|2.149|2026-04-01
31387|NA|1.819|NA|2.149|2026-04-01
31393|1.979|1.779|2.269|2.069|2026-04-01
31394|NA|1.739|NA|2.079|2026-04-01
31403|1.798|1.748|2.148|2.098|2026-04-01
31411|2.099|1.839|2.419|2.159|2026-04-01
31413|NA|1.829|NA|2.089|2026-04-01
31420|NA|1.719|NA|2.059|2026-04-01
31421|1.795|1.795|2.135|2.135|2026-04-01
31425|1.873|NA|2.215|NA|2026-04-01
31426|1.729|1.729|2.129|2.129|2026-04-01
31429|2.279|1.829|2.554|2.149|2026-04-01
31431|2.029|1.779|2.319|2.069|2026-04-01
31432|1.769|1.769|2.019|2.019|2026-04-01
31434|NA|1.732|NA|2.048|2026-04-01
31435|1.849|NA|2.149|NA|2026-04-01
31438|1.739|1.739|2.088|2.088|2026-04-01
31439|1.739|1.739|2.089|2.089|2026-04-01
31441|NA|1.709|NA|2.089|2026-04-01
31442|NA|1.709|NA|2.089|2026-04-01
31443|NA|1.729|NA|2.099|2026-04-01
31444|NA|1.739|NA|2.099|2026-04-01
31446|1.829|1.729|2.199|2.099|2026-04-01
31448|NA|1.729|NA|2.099|2026-04-01
31449|NA|1.709|NA|2.099|2026-04-01
31450|NA|1.719|NA|2.079|2026-04-01
31451|NA|1.674|NA|2.029|2026-04-01
31457|NA|1.699|NA|2.029|2026-04-01
31458|1.889|1.739|2.209|2.059|2026-04-01
31459|1.849|1.699|2.199|2.049|2026-04-01
31463|1.946|1.766|2.276|2.096|2026-04-01
31469|NA|1.789|NA|2.159|2026-04-01
31470|1.839|1.839|2.049|2.049|2026-04-01
31475|1.789|1.789|2.099|2.099|2026-04-01
31476|1.739|1.739|2.089|2.089|2026-04-01
31487|1.819|1.719|2.179|2.079|2026-04-01
31490|1.839|1.739|2.199|2.099|2026-04-01
31491|NA|1.779|NA|2.099|2026-04-01
31493|1.979|1.779|2.299|2.099|2026-04-01
31494|1.967|1.754|2.297|2.084|2026-04-01
31509|NA|1.799|NA|2.169|2026-04-01
31510|1.952|1.742|2.265|2.055|2026-04-01
31515|1.735|1.715|2.055|2.055|2026-04-01
31519|NA|1.719|NA|2.099|2026-04-01
31520|NA|1.729|NA|2.099|2026-04-01
31521|NA|1.759|NA|2.129|2026-04-01
31522|1.829|1.729|2.189|2.089|2026-04-01
31523|NA|1.729|NA|2.099|2026-04-01
31524|NA|1.719|NA|2.099|2026-04-01
31525|1.829|1.729|2.179|2.079|2026-04-01
31526|NA|1.729|NA|2.099|2026-04-01
31527|1.829|1.729|2.199|2.099|2026-04-01
31528|NA|1.729|NA|2.099|2026-04-01
31529|NA|1.729|NA|2.099|2026-04-01
31530|NA|1.729|NA|2.099|2026-04-01
31531|NA|1.729|NA|2.099|2026-04-01
31532|NA|1.719|NA|2.099|2026-04-01
31533|1.829|1.729|2.199|2.099|2026-04-01
31535|NA|1.699|NA|2.079|2026-04-01
31536|1.829|1.729|2.199|2.099|2026-04-01
31537|NA|1.699|NA|2.079|2026-04-01
31538|NA|1.699|NA|2.079|2026-04-01
31539|NA|1.699|NA|2.079|2026-04-01
31540|NA|1.719|NA|2.089|2026-04-01
31541|NA|1.709|NA|2.099|2026-04-01
31542|NA|1.719|NA|2.079|2026-04-01
31543|NA|1.709|NA|2.099|2026-04-01
31544|NA|1.717|NA|2.069|2026-04-01
31554|1.789|1.789|2.199|2.099|2026-04-01
31567|1.739|NA|2.079|NA|2026-04-01
31569|NA|1.749|NA|2.129|2026-04-01
31570|2.009|1.799|2.299|2.089|2026-04-01
31571|1.95|1.73|2.253|2.033|2026-04-01
31572|1.937|1.717|2.255|2.035|2026-04-01
31574|NA|1.729|NA|2.049|2026-04-01
31577|1.715|1.715|2.068|2.068|2026-04-01
31579|NA|1.737|NA|2.035|2026-04-01
31582|2.119|1.819|2.399|2.099|2026-04-01
31587|1.979|1.729|2.309|2.059|2026-04-01
31589|1.989|1.799|2.369|2.179|2026-04-01
31591|1.719|NA|2.079|NA|2026-04-01
31595|2.017|1.737|2.327|2.047|2026-04-01
31596|1.919|1.709|2.249|2.039|2026-04-01
31599|1.919|1.799|2.219|2.099|2026-04-01
31604|NA|1.969|NA|2.259|2026-04-01
31606|NA|1.799|NA|2.129|2026-04-01
31607|1.669|1.669|1.744|1.744|2026-04-01
31608|1.658|1.658|1.733|1.733|2026-04-01
31609|1.739|NA|2.049|NA|2026-04-01
31611|NA|1.809|NA|2.169|2026-04-01
31612|NA|1.819|NA|2.159|2026-04-01
31620|1.949|1.749|2.299|2.099|2026-04-01
31630|1.979|1.779|2.299|2.099|2026-04-01
31632|2.079|1.829|2.359|2.109|2026-04-01
31636|1.678|1.678|2.018|2.018|2026-04-01
31657|1.947|1.737|2.25|2.04|2026-04-01
31659|1.74|1.74|2.06|2.06|2026-04-01
31666|1.769|1.769|2.146|2.146|2026-04-01
31671|1.759|1.759|2.099|2.099|2026-04-01
31685|1.939|1.759|2.249|2.069|2026-04-01
31687|1.984|1.764|2.304|2.094|2026-04-01
31689|1.94|1.72|2.253|2.033|2026-04-01
31696|1.729|1.729|2.069|2.069|2026-04-01
31703|1.985|1.765|2.315|2.095|2026-04-01
31711|1.769|1.769|2.169|2.169|2026-04-01
31713|1.939|1.729|2.279|2.069|2026-04-01
31717|1.769|1.769|2.099|2.099|2026-04-01
31718|1.899|1.749|2.249|2.099|2026-04-01
31720|NA|1.779|NA|2.159|2026-04-01
31732|NA|1.729|NA|2.059|2026-04-01
31735|NA|1.729|NA|2.059|2026-04-01
31736|2.151|1.858|2.427|2.134|2026-04-01
31739|1.789|NA|2.065|NA|2026-04-01
31741|2.18|1.844|2.453|2.117|2026-04-01
31747|1.729|1.729|2.129|2.129|2026-04-01
31749|1.799|1.799|2.129|2.129|2026-04-01
31760|1.939|1.739|2.259|2.059|2026-04-01
31765|NA|1.751|NA|2.051|2026-04-01
31769|1.937|1.717|2.253|2.033|2026-04-01
31770|1.938|1.688|2.248|1.998|2026-04-01
31773|NA|1.689|NA|2.029|2026-04-01
31775|2.092|1.882|2.305|2.095|2026-04-01
31777|1.759|1.759|2.119|2.119|2026-04-01
31789|NA|1.689|NA|2.019|2026-04-01
31791|1.715|NA|2.015|NA|2026-04-01
31798|1.92|1.705|2.23|2.015|2026-04-01
31800|1.839|1.739|2.199|2.099|2026-04-01
31809|1.838|1.738|2.148|2.048|2026-04-01
31815|1.739|1.739|2.099|2.099|2026-04-01
31818|2.009|1.769|2.359|2.119|2026-04-01
31822|1.924|1.734|2.289|2.099|2026-04-01
31826|1.755|1.755|2.099|2.099|2026-04-01
31828|1.919|1.799|2.237|2.087|2026-04-01
31829|NA|1.819|NA|2.159|2026-04-01
31831|NA|1.789|NA|2.119|2026-04-01
31832|1.937|1.717|2.253|2.033|2026-04-01
31833|1.839|1.839|2.099|2.099|2026-04-01
31837|NA|1.729|NA|2.049|2026-04-01
31845|1.834|1.834|2.165|2.165|2026-04-01
31846|1.723|1.723|2.105|2.105|2026-04-01
31848|1.719|NA|2.029|NA|2026-04-01
31849|NA|1.779|NA|2.129|2026-04-01
31850|NA|1.679|NA|2.019|2026-04-01
31851|NA|1.739|NA|2.059|2026-04-01
31852|NA|1.759|NA|2.089|2026-04-01
31853|NA|1.809|NA|2.159|2026-04-01
31854|NA|1.759|NA|2.089|2026-04-01
31855|NA|1.769|NA|2.089|2026-04-01
31856|NA|1.759|NA|2.089|2026-04-01
31857|NA|1.769|NA|2.089|2026-04-01
31858|NA|1.779|NA|2.079|2026-04-01
31874|NA|1.714|NA|2.069|2026-04-01
31875|NA|1.759|NA|2.049|2026-04-01
31876|NA|1.759|NA|2.049|2026-04-01
31877|NA|1.759|NA|2.059|2026-04-01
31878|NA|1.729|NA|2.059|2026-04-01
31879|1.809|1.729|2.149|2.069|2026-04-01
31887|1.829|1.769|2.139|2.079|2026-04-01
31888|1.779|1.779|2.159|2.159|2026-04-01
31895|1.957|1.737|2.253|2.033|2026-04-01
31896|NA|1.717|NA|2.035|2026-04-01
31898|NA|1.717|NA|2.033|2026-04-01
31903|NA|1.769|NA|2.169|2026-04-01
31905|1.843|1.721|2.208|2.086|2026-04-01
31906|NA|1.878|NA|2.131|2026-04-01
31909|1.919|1.719|2.269|2.069|2026-04-01
31916|NA|1.689|NA|2.079|2026-04-01
31920|1.969|1.759|2.309|2.099|2026-04-01
31928|1.939|1.939|1.999|1.999|2026-04-01
31931|2.069|1.819|2.349|2.099|2026-04-01
31936|1.699|NA|1.999|NA|2026-04-01
31938|1.763|1.763|2.063|2.063|2026-04-01
31941|1.999|1.779|2.319|2.099|2026-04-01
31942|NA|1.799|NA|2.089|2026-04-01
31954|2.009|1.759|2.329|2.079|2026-04-01
31955|1.945|1.725|2.265|2.045|2026-04-01
31963|1.966|1.736|2.329|2.099|2026-04-01
31966|NA|1.699|NA|2.059|2026-04-01
31976|NA|1.779|NA|2.079|2026-04-01
31991|1.942|1.732|2.276|2.066|2026-04-01
31992|1.739|1.739|2.079|2.079|2026-04-01
31993|1.957|1.737|2.273|2.053|2026-04-01
31994|1.829|1.829|2.059|2.059|2026-04-01
32000|1.979|1.769|2.309|2.099|2026-04-01
32006|NA|1.699|NA|2.099|2026-04-01
32007|NA|1.759|NA|2.109|2026-04-01
32017|1.962|1.742|2.275|2.055|2026-04-01
32019|NA|1.729|NA|2.079|2026-04-01
32020|NA|1.779|NA|2.139|2026-04-01
32022|NA|1.789|NA|2.159|2026-04-01
32028|2.039|1.789|2.409|2.159|2026-04-01
32040|1.959|1.759|2.319|2.119|2026-04-01
32041|NA|1.729|NA|2.129|2026-04-01
32042|1.922|1.712|2.238|2.028|2026-04-01
32045|1.829|1.779|2.189|2.139|2026-04-01
32049|1.799|1.799|2.099|2.099|2026-04-01
32054|1.699|NA|2.059|NA|2026-04-01
32055|NA|1.779|NA|2.149|2026-04-01
32058|NA|1.739|NA|2.059|2026-04-01
32062|2.029|1.819|2.309|2.109|2026-04-01
32063|1.919|1.709|2.249|2.039|2026-04-01
32067|2.087|1.769|2.387|2.069|2026-04-01
32068|1.839|1.759|2.249|2.169|2026-04-01
32071|1.779|NA|2.05|NA|2026-04-01
32075|1.78|1.78|2.155|2.155|2026-04-01
32076|1.949|1.749|2.249|2.049|2026-04-01
32077|1.799|NA|2.156|NA|2026-04-01
32085|1.779|1.779|2.099|2.099|2026-04-01
32086|1.699|1.699|2.089|2.089|2026-04-01
32095|NA|1.779|NA|2.079|2026-04-01
32098|1.869|1.719|2.189|2.039|2026-04-01
32101|NA|1.789|NA|2.099|2026-04-01
32104|1.739|NA|2.059|NA|2026-04-01
32105|2.092|2.092|2.295|2.295|2026-04-01
32112|1.929|1.719|2.329|2.119|2026-04-01
32113|1.939|1.739|2.299|2.099|2026-04-01
32117|NA|1.899|NA|2.099|2026-04-01
32118|2.019|1.819|2.349|2.149|2026-04-01
32124|NA|1.779|NA|2.099|2026-04-01
32148|1.772|1.772|NA|NA|2026-04-01
32151|NA|1.799|NA|2.179|2026-04-01
32152|2.139|1.839|2.429|2.129|2026-04-01
32156|NA|1.669|NA|2.019|2026-04-01
32158|NA|1.779|NA|2.059|2026-04-01
32159|1.895|1.685|2.245|2.035|2026-04-01
32170|NA|1.735|NA|2.077|2026-04-01
32174|NA|1.759|NA|2.089|2026-04-01
32177|1.957|1.737|2.265|2.045|2026-04-01
32178|1.97|1.9|2.27|2.2|2026-04-01
32179|1.899|1.749|2.209|2.059|2026-04-01
32182|NA|1.729|NA|2.029|2026-04-01
32191|1.949|1.799|2.299|2.169|2026-04-01
32193|NA|1.739|NA|2.109|2026-04-01
32194|NA|1.799|NA|2.099|2026-04-01
32195|NA|1.729|NA|2.069|2026-04-01
32198|1.739|1.739|2.099|2.099|2026-04-01
32200|NA|1.759|NA|2.059|2026-04-01
32202|1.799|1.799|2.049|2.049|2026-04-01
32212|1.689|1.689|2.029|2.029|2026-04-01
32220|1.957|1.737|2.278|2.058|2026-04-01
32221|1.799|1.799|2.069|2.069|2026-04-01
32227|1.983|1.773|2.305|2.115|2026-04-01
32229|NA|1.749|NA|2.109|2026-04-01
32231|1.942|1.732|2.238|2.028|2026-04-01
32236|1.74|1.74|2.06|2.06|2026-04-01
32237|1.949|1.719|2.329|2.099|2026-04-01
32241|1.947|1.737|2.263|2.053|2026-04-01
32244|1.979|1.779|2.329|2.129|2026-04-01
32248|NA|1.789|NA|2.159|2026-04-01
32268|1.729|1.729|2.028|2.028|2026-04-01
32270|1.799|1.799|2.099|2.099|2026-04-01
32271|2.009|1.799|2.289|2.079|2026-04-01
32272|NA|1.699|NA|2.045|2026-04-01
32275|1.779|NA|2.139|NA|2026-04-01
32281|NA|1.839|NA|2.149|2026-04-01
32297|1.965|1.745|2.273|2.053|2026-04-01
32298|1.799|1.799|2.099|2.099|2026-04-01
32315|1.689|1.689|2.039|2.039|2026-04-01
32324|1.699|1.699|1.989|1.989|2026-04-01
32325|NA|1.839|NA|2.149|2026-04-01
32327|NA|1.799|NA|2.119|2026-04-01
32329|NA|1.819|NA|2.099|2026-04-01
32334|2.049|1.799|2.399|2.149|2026-04-01
32335|2.119|1.769|2.479|2.129|2026-04-01
32343|1.909|1.745|2.099|2.04|2026-04-01
32344|NA|1.739|NA|2.029|2026-04-01
32345|NA|1.839|NA|2.149|2026-04-01
32346|NA|1.819|NA|2.149|2026-04-01
32347|NA|1.719|NA|2.099|2026-04-01
32348|NA|1.789|NA|2.159|2026-04-01
32349|NA|1.799|NA|2.119|2026-04-01
32353|1.989|1.789|2.349|2.149|2026-04-01
32355|1.969|1.719|2.299|2.049|2026-04-01
32357|2.009|1.759|2.329|2.079|2026-04-01
32358|1.789|NA|2.093|NA|2026-04-01
32363|1.735|1.735|2.065|2.065|2026-04-01
32364|2.001|1.779|2.311|2.089|2026-04-01
32367|NA|1.819|NA|2.139|2026-04-01
32370|1.942|1.732|2.258|2.048|2026-04-01
32371|NA|1.819|NA|2.159|2026-04-01
32372|NA|1.859|NA|2.159|2026-04-01
32373|NA|1.769|NA|2.099|2026-04-01
32381|1.849|1.699|2.209|2.059|2026-04-01
32384|1.919|1.799|2.219|2.099|2026-04-01
32385|NA|1.799|NA|2.099|2026-04-01
32391|1.749|1.749|2.099|2.099|2026-04-01
32396|NA|1.689|NA|1.999|2026-04-01
32399|NA|1.699|NA|2.089|2026-04-01
32413|NA|1.69|NA|2.06|2026-04-01
32414|1.993|1.786|2.303|2.096|2026-04-01
32420|1.749|NA|2.099|NA|2026-04-01
32424|NA|1.789|NA|2.149|2026-04-01
32425|1.859|1.859|2.179|2.179|2026-04-01
32427|NA|1.789|NA|2.069|2026-04-01
32429|2.109|1.799|2.409|2.099|2026-04-01
32432|2.199|1.728|2.499|2.079|2026-04-01
32433|1.979|1.779|2.299|2.099|2026-04-01
32434|1.899|1.699|2.189|1.989|2026-04-01
32435|NA|1.738|NA|2.038|2026-04-01
32454|1.749|1.749|2.089|2.089|2026-04-01
32455|NA|1.779|NA|2.139|2026-04-01
32456|NA|1.799|NA|2.169|2026-04-01
32459|NA|1.829|NA|2.159|2026-04-01
32461|NA|1.799|NA|2.159|2026-04-01
32462|NA|1.799|NA|2.149|2026-04-01
32464|1.979|1.779|2.309|2.109|2026-04-01
32468|1.859|NA|2.099|NA|2026-04-01
32470|1.729|1.729|2.099|2.099|2026-04-01
32471|1.899|1.899|2.099|2.099|2026-04-01
32472|1.745|1.745|2.065|2.065|2026-04-01
32475|NA|1.729|NA|2.039|2026-04-01
32476|2.129|1.799|2.399|2.099|2026-04-01
32477|1.839|1.779|2.129|2.069|2026-04-01
32478|NA|1.779|NA|2.149|2026-04-01
32481|NA|1.739|NA|2.049|2026-04-01
32482|NA|1.769|NA|2.059|2026-04-01
32483|NA|1.699|NA|2.029|2026-04-01
32484|NA|1.759|NA|2.049|2026-04-01
32485|NA|1.699|NA|2.019|2026-04-01
32486|NA|1.699|NA|2.019|2026-04-01
32487|NA|1.699|NA|1.999|2026-04-01
32488|NA|1.749|NA|2.069|2026-04-01
32489|NA|1.759|NA|2.099|2026-04-01
32490|NA|1.759|NA|2.049|2026-04-01
32491|NA|1.759|NA|2.059|2026-04-01
32492|NA|1.759|NA|2.069|2026-04-01
32493|NA|1.749|NA|2.049|2026-04-01
32497|1.939|1.779|2.159|1.999|2026-04-01
32498|NA|1.695|NA|2.045|2026-04-01
32499|1.749|1.749|2.129|2.129|2026-04-01
32502|1.899|1.899|2.199|2.199|2026-04-01
32507|NA|1.732|NA|2.025|2026-04-01
32522|1.839|1.839|2.149|2.149|2026-04-01
32526|1.969|1.749|2.309|2.089|2026-04-01
32528|2.109|1.799|2.409|2.099|2026-04-01
32530|NA|1.779|NA|2.109|2026-04-01
32531|NA|1.749|NA|2.129|2026-04-01
32532|NA|1.705|NA|2.03|2026-04-01
32533|NA|1.779|NA|2.149|2026-04-01
32535|NA|1.759|NA|2.079|2026-04-01
32537|NA|1.819|NA|2.149|2026-04-01
32540|1.919|1.799|2.219|2.099|2026-04-01
32544|2.007|1.794|2.307|2.094|2026-04-01
32550|1.699|NA|1.999|NA|2026-04-01
32553|1.8|NA|2.09|NA|2026-04-01
32561|NA|1.779|NA|2.039|2026-04-01
32565|NA|1.769|NA|2.099|2026-04-01
32566|NA|1.809|NA|2.149|2026-04-01
32567|NA|1.779|NA|2.149|2026-04-01
32581|1.729|1.729|2.059|2.059|2026-04-01
32583|NA|1.829|NA|2.129|2026-04-01
32584|NA|1.689|NA|1.999|2026-04-01
32585|1.709|1.709|2.049|2.049|2026-04-01
32591|NA|1.759|NA|2.109|2026-04-01
32592|NA|1.737|NA|2.057|2026-04-01
32593|NA|1.717|NA|2.035|2026-04-01
32594|NA|1.717|NA|2.033|2026-04-01
32599|NA|1.789|NA|2.109|2026-04-01
32602|NA|1.759|NA|NA|2026-04-01
32604|1.725|1.725|2.035|2.035|2026-04-01
32613|1.739|1.689|2.079|2.029|2026-04-01
32614|NA|1.749|NA|1.709|2026-04-01
32617|1.799|1.799|2.139|2.139|2026-04-01
32618|1.759|1.759|2.099|2.099|2026-04-01
32619|1.698|NA|2.058|NA|2026-04-01
32623|1.959|1.899|2.159|2.099|2026-04-01
32624|1.779|1.779|2.139|2.139|2026-04-01
32626|1.789|1.789|2.119|2.119|2026-04-01
32631|NA|1.799|NA|2.099|2026-04-01
32636|1.888|1.888|2.189|2.189|2026-04-01
32643|1.749|1.749|2.089|2.089|2026-04-01
32648|1.999|1.729|2.239|2.029|2026-04-01
32658|1.739|1.739|2.069|2.069|2026-04-01
32663|NA|1.836|NA|2.147|2026-04-01
32667|NA|1.779|NA|2.149|2026-04-01
32668|NA|1.799|NA|2.099|2026-04-01
32669|NA|1.779|NA|2.149|2026-04-01
32671|NA|1.749|NA|2.069|2026-04-01
32672|NA|1.819|NA|2.139|2026-04-01
32673|NA|1.749|NA|2.129|2026-04-01
32674|NA|1.769|NA|2.099|2026-04-01
32676|1.71|1.71|1.94|1.94|2026-04-01
32684|NA|1.749|NA|2.079|2026-04-01
32685|NA|1.729|NA|NA|2026-04-01
32687|1.899|NA|2.199|NA|2026-04-01
32691|2.029|1.829|2.349|2.149|2026-04-01
32694|NA|1.779|NA|2.149|2026-04-01
32702|1.799|1.799|2.099|2.099|2026-04-01
32704|1.799|1.799|2.145|2.145|2026-04-01
32706|1.967|1.747|2.273|2.053|2026-04-01
32707|NA|1.739|NA|2.059|2026-04-01
32710|1.789|1.789|2.099|2.099|2026-04-01
32714|1.93|1.75|2.28|2.1|2026-04-01
32715|NA|1.789|NA|2.159|2026-04-01
32716|1.799|NA|2.159|NA|2026-04-01
32720|1.999|1.799|2.349|2.149|2026-04-01
32725|NA|1.779|NA|2.149|2026-04-01
32731|1.792|1.792|2.164|2.164|2026-04-01
32732|NA|1.729|NA|2.069|2026-04-01
32746|1.864|NA|2.159|NA|2026-04-01
32751|1.919|1.769|2.199|2.049|2026-04-01
32757|NA|1.749|NA|2.149|2026-04-01
32759|NA|1.709|NA|2.029|2026-04-01
32760|2.069|1.779|2.449|2.159|2026-04-01
32762|2.054|1.754|2.384|2.084|2026-04-01
32772|1.674|1.674|1.994|1.994|2026-04-01
32774|1.94|1.72|2.25|2.03|2026-04-01
32775|NA|1.729|NA|2.049|2026-04-01
32777|1.94|1.715|2.26|2.035|2026-04-01
32788|NA|1.799|NA|2.099|2026-04-01
32799|1.952|1.742|2.255|2.045|2026-04-01
32803|1.979|1.779|2.299|2.099|2026-04-01
32806|1.869|NA|2.069|NA|2026-04-01
32811|1.799|1.799|2.079|2.079|2026-04-01
32813|NA|1.899|NA|2.219|2026-04-01
32819|1.799|1.799|2.169|2.169|2026-04-01
32820|1.859|1.739|2.259|2.139|2026-04-01
32822|NA|1.759|2.149|2.149|2026-04-01
32823|2.179|1.869|2.409|2.099|2026-04-01
32828|1.829|1.729|2.239|2.139|2026-04-01
32831|2.017|1.804|2.307|2.094|2026-04-01
32835|1.957|1.737|2.273|2.053|2026-04-01
32838|1.959|NA|2.179|NA|2026-04-01
32856|2.299|1.898|2.509|2.178|2026-04-01
32857|2.199|1.789|2.399|2.099|2026-04-01
32859|1.95|1.73|2.255|2.035|2026-04-01
32860|NA|1.799|NA|2.129|2026-04-01
32861|1.899|1.719|2.259|2.079|2026-04-01
32873|NA|1.779|NA|2.139|2026-04-01
32877|1.957|1.737|2.255|2.035|2026-04-01
32879|1.802|1.802|2.144|2.144|2026-04-01
32880|1.789|1.789|2.039|2.039|2026-04-01
32881|1.739|1.739|2.079|2.079|2026-04-01
32882|1.915|1.705|2.245|2.035|2026-04-01
32888|1.969|1.749|2.289|2.069|2026-04-01
32890|2.069|1.839|2.379|2.149|2026-04-01
32894|1.932|1.712|2.255|2.035|2026-04-01
32901|1.979|1.799|2.279|2.099|2026-04-01
32902|1.889|1.739|2.209|2.059|2026-04-01
32903|NA|1.739|NA|2.049|2026-04-01
32904|1.869|1.719|2.189|2.039|2026-04-01
32905|1.739|NA|2.069|NA|2026-04-01
32906|NA|1.779|NA|2.059|2026-04-01
32908|1.832|1.732|2.148|2.048|2026-04-01
32912|1.809|1.809|2.139|2.139|2026-04-01
32917|NA|1.819|NA|2.149|2026-04-01
32923|NA|1.725|NA|2.045|2026-04-01
32925|NA|1.697|NA|2.057|2026-04-01
32930|2.045|1.735|2.348|2.028|2026-04-01
32944|1.799|1.799|2.049|2.049|2026-04-01
32948|1.773|1.773|2.115|2.115|2026-04-01
32949|NA|1.759|NA|2.149|2026-04-01
32952|NA|1.697|NA|2.013|2026-04-01
32959|NA|1.709|NA|2.069|2026-04-01
32972|1.773|1.773|2.115|2.115|2026-04-01
32975|NA|1.789|NA|2.159|2026-04-01
32988|1.789|1.789|2.139|2.139|2026-04-01
32989|1.785|1.785|2.045|2.045|2026-04-01
32991|NA|1.666|NA|1.579|2026-04-01
32995|2.009|1.759|2.329|2.079|2026-04-01
32998|NA|1.779|NA|2.149|2026-04-01
33006|1.799|1.799|2.079|2.079|2026-04-01
33009|1.935|1.725|2.245|2.035|2026-04-01
33010|1.799|1.799|2.099|2.099|2026-04-01
33015|1.772|1.772|2.134|2.134|2026-04-01
33020|1.939|1.739|2.259|2.059|2026-04-01
33024|NA|1.789|NA|2.149|2026-04-01
33025|2.004|1.75|2.323|2.069|2026-04-01
33027|1.958|1.699|2.328|2.069|2026-04-01
33028|1.689|NA|1.939|NA|2026-04-01
33029|1.829|1.689|2.129|1.939|2026-04-01
33034|1.957|1.737|2.273|2.053|2026-04-01
33041|1.969|1.779|2.309|2.119|2026-04-01
33045|1.869|1.819|2.149|2.099|2026-04-01
33058|NA|1.779|NA|2.119|2026-04-01
33068|NA|1.759|NA|2.099|2026-04-01
33073|1.79|1.79|1.999|1.999|2026-04-01
33074|1.79|1.79|1.999|1.999|2026-04-01
33075|1.983|1.773|2.305|2.115|2026-04-01
33076|1.983|1.773|2.305|2.115|2026-04-01
33087|1.895|1.795|2.195|2.095|2026-04-01
33091|1.799|1.799|2.099|2.099|2026-04-01
33094|1.889|1.739|2.229|2.079|2026-04-01
33104|1.937|1.717|2.219|1.999|2026-04-01
33105|1.789|1.789|2.149|2.149|2026-04-01
33121|NA|1.719|NA|2.119|2026-04-01
33127|1.969|1.749|2.299|2.079|2026-04-01
33135|1.699|1.699|2.029|2.029|2026-04-01
33137|NA|1.759|NA|2.059|2026-04-01
33138|1.957|1.737|2.265|2.045|2026-04-01
33147|1.944|1.699|2.229|2.029|2026-04-01
33153|1.925|1.715|2.245|2.035|2026-04-01
33154|1.759|1.759|2.039|2.039|2026-04-01
33158|2.087|1.819|2.427|2.159|2026-04-01
33169|1.699|1.699|2.019|2.019|2026-04-01
33173|1.809|1.809|2.169|2.169|2026-04-01
33174|NA|1.749|NA|2.059|2026-04-01
33176|NA|1.749|NA|2.149|2026-04-01
33177|NA|1.719|NA|2.049|2026-04-01
33178|NA|1.699|NA|2.079|2026-04-01
33179|NA|1.759|NA|2.149|2026-04-01
33180|NA|1.729|NA|2.069|2026-04-01
33181|NA|1.719|NA|2.039|2026-04-01
33182|NA|1.699|NA|2.019|2026-04-01
33183|NA|1.769|NA|2.139|2026-04-01
33185|NA|1.699|NA|2.049|2026-04-01
33186|NA|1.749|NA|2.079|2026-04-01
33187|NA|1.739|NA|2.049|2026-04-01
33188|NA|1.769|NA|2.089|2026-04-01
33192|1.95|1.73|2.288|2.068|2026-04-01
33193|NA|1.989|NA|2.149|2026-04-01
33196|2.009|1.799|2.309|2.099|2026-04-01
33198|2.099|1.899|2.299|2.099|2026-04-01
33208|1.956|1.756|2.246|2.046|2026-04-01
33211|2.029|1.732|2.269|2.035|2026-04-01
33220|1.927|1.717|2.243|2.033|2026-04-01
33227|NA|1.779|NA|2.149|2026-04-01
33228|NA|1.729|NA|1.999|2026-04-01
33233|1.839|1.739|2.199|2.099|2026-04-01
33235|NA|1.749|NA|2.099|2026-04-01
33236|NA|1.759|NA|2.039|2026-04-01
33239|1.739|1.739|2.089|2.089|2026-04-01
33245|1.989|1.779|2.319|2.109|2026-04-01
33246|1.987|1.777|2.309|2.099|2026-04-01
33249|NA|1.749|NA|2.139|2026-04-01
33254|1.719|1.719|2.059|2.059|2026-04-01
33260|1.769|1.769|2.099|2.099|2026-04-01
33261|1.937|1.717|2.265|2.045|2026-04-01
33271|1.759|NA|2.099|NA|2026-04-01
33273|NA|1.699|NA|2.059|2026-04-01
33274|1.899|1.699|2.269|2.069|2026-04-01
33275|NA|1.799|NA|2.149|2026-04-01
33280|1.759|1.759|2.079|2.079|2026-04-01
33281|1.719|1.719|2.159|2.159|2026-04-01
33284|1.799|1.799|2.059|2.059|2026-04-01
33289|NA|1.717|NA|2.035|2026-04-01
33291|NA|1.717|NA|2.033|2026-04-01
33292|NA|1.769|NA|2.109|2026-04-01
33304|1.799|NA|2.095|NA|2026-04-01
33305|1.897|NA|2.097|NA|2026-04-01
33306|1.897|NA|2.097|NA|2026-04-01
33311|1.929|1.719|2.279|2.069|2026-04-01
33317|NA|1.779|NA|2.139|2026-04-01
33331|1.949|1.799|2.249|2.099|2026-04-01
33344|1.915|NA|2.175|NA|2026-04-01
33353|1.899|1.899|1.999|1.999|2026-04-01
33354|1.854|1.854|2.167|2.167|2026-04-01
33355|1.789|1.789|2.169|2.169|2026-04-01
33358|1.869|1.869|2.099|2.099|2026-04-01
33359|NA|1.759|NA|2.079|2026-04-01
33361|1.719|1.719|2.039|2.039|2026-04-01
33362|1.957|1.737|2.273|2.053|2026-04-01
33370|1.889|1.739|2.249|2.099|2026-04-01
33371|NA|1.819|NA|2.159|2026-04-01
33372|NA|1.789|NA|2.159|2026-04-01
33373|NA|1.739|NA|2.099|2026-04-01
33376|1.947|1.737|2.263|2.053|2026-04-01
33387|NA|1.729|NA|2.089|2026-04-01
33391|1.957|1.737|2.245|2.035|2026-04-01
33393|1.979|1.759|2.219|1.999|2026-04-01
33398|NA|1.728|NA|2.058|2026-04-01
33399|1.899|1.899|2.199|2.199|2026-04-01
33400|1.749|1.749|1.999|1.999|2026-04-01
33402|1.809|1.749|2.169|2.109|2026-04-01
33404|1.769|NA|2.099|NA|2026-04-01
33408|1.949|1.729|2.248|2.028|2026-04-01
33413|NA|1.899|NA|2.009|2026-04-01
33419|1.719|NA|2.099|NA|2026-04-01
33421|NA|1.717|NA|2.017|2026-04-01
33431|1.999|1.789|2.284|2.074|2026-04-01
33433|1.919|1.799|2.219|2.099|2026-04-01
33434|NA|1.779|NA|2.149|2026-04-01
33436|1.952|1.742|2.255|2.045|2026-04-01
33444|NA|1.759|NA|2.099|2026-04-01
33445|NA|1.725|NA|2.095|2026-04-01
33446|1.899|1.719|2.279|2.099|2026-04-01
33449|1.798|1.798|2.048|2.048|2026-04-01
33454|1.749|1.749|1.659|1.659|2026-04-01
33456|NA|1.789|NA|2.159|2026-04-01
33458|NA|1.769|NA|2.069|2026-04-01
33464|1.799|1.799|2.099|2.099|2026-04-01
33466|NA|1.729|NA|2.089|2026-04-01
33467|1.829|1.829|2.169|2.169|2026-04-01
33478|NA|1.759|NA|2.119|2026-04-01
33479|NA|1.799|NA|2.159|2026-04-01
33480|1.719|1.719|2.099|2.099|2026-04-01
33482|2.039|1.829|2.329|2.119|2026-04-01
33488|2.189|1.839|2.509|2.159|2026-04-01
33491|1.719|1.719|NA|NA|2026-04-01
33496|1.929|1.929|2.159|2.159|2026-04-01
33498|2.007|1.787|2.319|2.099|2026-04-01
33499|NA|1.787|NA|2.099|2026-04-01
33501|1.957|1.747|2.26|2.05|2026-04-01
33504|NA|1.824|NA|2.044|2026-04-01
33510|NA|1.729|NA|2.099|2026-04-01
33511|1.938|1.738|2.328|2.128|2026-04-01
33514|2.029|1.786|2.349|2.106|2026-04-01
33515|1.789|1.789|2.089|2.089|2026-04-01
33521|1.767|1.767|2.067|2.067|2026-04-01
33530|1.869|1.849|2.225|2.159|2026-04-01
33533|2.044|1.789|2.389|2.134|2026-04-01
33545|NA|1.739|NA|2.099|2026-04-01
33546|NA|1.692|NA|2.008|2026-04-01
33547|2.099|1.689|2.259|2.059|2026-04-01
33558|1.849|1.749|2.079|1.979|2026-04-01
33567|1.967|1.747|2.273|2.053|2026-04-01
33569|1.967|1.747|2.283|2.063|2026-04-01
33571|1.689|1.689|1.999|1.999|2026-04-01
33574|1.789|1.789|2.089|2.089|2026-04-01
33579|NA|1.709|NA|2.029|2026-04-01
33587|1.915|1.705|2.225|2.015|2026-04-01
33588|NA|1.759|NA|2.099|2026-04-01
33592|1.728|1.728|2.057|2.057|2026-04-01
33594|NA|1.719|NA|2.095|2026-04-01
33595|1.849|1.759|2.189|2.099|2026-04-01
33604|1.729|1.729|2.109|2.109|2026-04-01
33612|1.949|1.749|2.299|2.099|2026-04-01
33613|NA|1.779|NA|2.079|2026-04-01
33615|2.05|2.05|2.19|2.19|2026-04-01
33619|1.73|1.73|2.0|2.0|2026-04-01
33620|NA|1.689|NA|2.049|2026-04-01
33622|1.939|1.729|2.219|2.009|2026-04-01
33623|1.915|1.705|2.245|2.035|2026-04-01
33624|1.859|1.859|2.089|2.089|2026-04-01
33626|1.719|1.719|2.029|2.029|2026-04-01
33636|2.029|1.779|2.379|2.129|2026-04-01
33641|1.71|1.71|1.94|1.94|2026-04-01
33642|1.733|1.733|2.095|2.095|2026-04-01
33644|NA|1.749|NA|2.039|2026-04-01
33650|1.959|1.749|2.309|2.099|2026-04-01
33652|1.942|1.732|2.258|2.048|2026-04-01
33653|1.969|1.759|2.299|2.089|2026-04-01
33660|2.23|1.783|2.355|2.095|2026-04-01
33661|1.88|NA|2.3|NA|2026-04-01
33672|1.719|1.719|2.059|2.059|2026-04-01
33673|2.154|1.849|2.354|2.049|2026-04-01
33675|1.959|1.759|2.309|2.109|2026-04-01
33677|NA|1.759|NA|2.089|2026-04-01
33679|1.759|1.759|2.169|2.169|2026-04-01
33680|1.74|NA|2.04|NA|2026-04-01
33682|NA|1.779|NA|2.149|2026-04-01
33686|1.725|1.725|1.985|1.985|2026-04-01
33688|1.719|1.719|2.069|2.069|2026-04-01
33689|1.799|1.699|2.169|2.069|2026-04-01
33690|NA|1.769|NA|2.059|2026-04-01
33691|NA|1.749|NA|2.119|2026-04-01
33693|NA|2.1|NA|2.1|2026-04-01
33695|1.713|1.713|2.049|2.049|2026-04-01
33706|1.88|1.669|1.899|1.709|2026-04-01
33708|1.829|1.739|2.179|2.089|2026-04-01
33709|1.849|1.849|2.149|2.149|2026-04-01
33710|NA|1.719|NA|2.079|2026-04-01
33713|2.04|1.78|2.25|2.07|2026-04-01
33723|1.769|1.769|2.129|2.129|2026-04-01
33726|1.849|1.849|2.039|2.089|2026-04-01
33728|1.997|1.797|2.287|2.087|2026-04-01
33736|1.88|1.88|2.099|2.09|2026-04-01
33745|1.829|1.759|2.099|2.029|2026-04-01
33747|1.758|1.758|2.078|2.078|2026-04-01
33752|1.967|1.742|2.273|2.048|2026-04-01
33753|NA|1.695|NA|2.005|2026-04-01
33760|1.779|1.779|2.079|2.079|2026-04-01
33762|1.772|1.772|2.164|2.164|2026-04-01
33770|NA|1.749|NA|2.059|2026-04-01
33772|1.75|NA|2.04|NA|2026-04-01
33776|NA|1.717|NA|2.035|2026-04-01
33790|1.849|1.729|2.109|1.989|2026-04-01
33791|1.899|1.899|2.089|2.089|2026-04-01
33804|1.979|1.779|2.349|2.149|2026-04-01
33808|1.793|1.793|2.165|2.165|2026-04-01
33810|1.859|1.859|2.199|2.199|2026-04-01
33811|NA|1.698|NA|2.018|2026-04-01
33813|NA|1.698|NA|1.998|2026-04-01
33814|NA|1.728|NA|2.078|2026-04-01
33815|1.799|1.799|2.049|2.049|2026-04-01
33820|1.695|1.695|1.995|1.995|2026-04-01
33824|NA|1.759|NA|2.069|2026-04-01
33825|2.129|1.799|2.439|2.099|2026-04-01
33827|1.799|1.749|2.169|2.119|2026-04-01
33833|1.874|1.659|1.924|1.709|2026-04-01
33834|1.807|1.737|2.127|2.057|2026-04-01
33836|NA|1.739|NA|2.039|2026-04-01
33858|NA|1.749|NA|2.069|2026-04-01
33859|NA|1.749|NA|2.099|2026-04-01
33860|NA|1.729|NA|2.089|2026-04-01
33874|1.745|NA|2.065|NA|2026-04-01
33877|2.009|1.799|2.279|2.069|2026-04-01
33878|NA|1.749|NA|2.059|2026-04-01
33879|NA|1.749|NA|2.069|2026-04-01
33882|1.799|1.799|1.999|1.999|2026-04-01
33883|NA|1.719|NA|2.099|2026-04-01
33884|NA|1.699|NA|2.099|2026-04-01
33899|NA|1.799|NA|2.159|2026-04-01
33906|NA|1.737|NA|2.073|2026-04-01
33907|NA|1.697|NA|2.067|2026-04-01
33908|1.859|1.859|2.193|2.193|2026-04-01
33913|NA|1.777|NA|2.177|2026-04-01
33920|1.769|1.769|2.169|2.169|2026-04-01
33925|NA|1.739|NA|2.079|2026-04-01
33927|1.799|1.799|2.099|2.099|2026-04-01
33935|1.759|NA|2.159|NA|2026-04-01
33936|1.729|1.729|2.089|2.089|2026-04-01
33940|1.769|1.769|2.042|2.042|2026-04-01
33945|NA|1.779|NA|2.149|2026-04-01
33957|1.95|1.73|2.253|2.033|2026-04-01
33960|1.749|NA|2.039|NA|2026-04-01
33961|NA|1.739|NA|2.099|2026-04-01
33979|1.949|1.749|2.309|2.109|2026-04-01
33984|1.969|1.759|2.269|2.059|2026-04-01
33985|1.939|1.739|2.299|2.099|2026-04-01
33986|1.749|NA|2.099|NA|2026-04-01
34000|1.899|1.899|2.109|2.109|2026-04-01
34005|1.957|1.737|2.273|2.053|2026-04-01
34008|NA|1.749|NA|2.069|2026-04-01
34014|1.999|1.799|2.359|2.159|2026-04-01
34019|NA|1.719|NA|2.069|2026-04-01
34023|1.845|NA|1.812|NA|2026-04-01
34025|1.708|NA|2.038|NA|2026-04-01
34026|NA|1.739|NA|2.099|2026-04-01
34027|NA|1.789|NA|2.129|2026-04-01
34028|1.879|1.729|2.209|2.059|2026-04-01
34032|1.889|1.739|2.209|2.059|2026-04-01
34034|NA|1.739|NA|2.079|2026-04-01
34036|1.729|1.729|2.079|2.079|2026-04-01
34040|NA|1.759|NA|2.069|2026-04-01
34041|NA|1.799|NA|1.999|2026-04-01
34042|1.947|1.737|2.245|2.035|2026-04-01
34043|1.957|1.737|2.273|2.053|2026-04-01
34047|1.877|1.877|2.063|2.063|2026-04-01
34059|NA|1.794|NA|2.114|2026-04-01
34060|1.957|1.732|2.273|2.048|2026-04-01
34061|1.747|1.747|2.077|2.077|2026-04-01
34062|1.759|1.759|2.059|2.059|2026-04-01
34066|2.019|1.799|2.289|2.069|2026-04-01
34067|2.019|1.799|2.289|2.069|2026-04-01
34068|NA|1.669|NA|2.095|2026-04-01
34072|1.999|1.799|2.349|2.149|2026-04-01
34073|NA|1.659|NA|2.019|2026-04-01
34074|2.131|1.889|2.501|2.259|2026-04-01
34082|1.759|1.759|2.069|2.069|2026-04-01
34085|1.957|1.737|2.253|2.033|2026-04-01
34089|NA|1.719|NA|2.079|2026-04-01
34092|1.849|1.699|2.195|2.045|2026-04-01
34098|NA|1.779|NA|2.119|2026-04-01
34101|1.899|1.779|2.189|2.069|2026-04-01
34102|1.759|1.759|2.079|2.079|2026-04-01
34107|NA|1.799|NA|2.199|2026-04-01
34120|NA|1.749|NA|2.099|2026-04-01
34125|1.749|1.749|2.069|2.069|2026-04-01
34126|1.739|NA|2.059|NA|2026-04-01
34128|1.773|1.773|2.115|2.115|2026-04-01
34130|1.789|1.789|1.889|1.889|2026-04-01
34132|NA|1.799|NA|2.129|2026-04-01
34133|NA|1.749|NA|2.059|2026-04-01
34134|1.738|1.738|2.038|2.038|2026-04-01
34136|1.879|1.749|2.179|2.049|2026-04-01
34137|2.039|1.839|2.329|2.129|2026-04-01
34145|NA|1.899|NA|2.029|2026-04-01
34146|1.959|1.749|2.309|2.099|2026-04-01
34160|NA|1.726|NA|2.065|2026-04-01
34170|1.919|1.799|2.219|2.099|2026-04-01
34171|1.919|1.799|2.219|2.099|2026-04-01
34174|1.909|1.699|2.249|2.039|2026-04-01
34177|NA|1.769|NA|2.129|2026-04-01
34179|NA|1.729|NA|2.139|2026-04-01
34180|NA|1.719|NA|2.089|2026-04-01
34182|NA|1.759|NA|2.149|2026-04-01
34184|1.992|1.832|2.356|2.166|2026-04-01
34187|NA|1.715|NA|2.069|2026-04-01
34189|1.899|1.699|2.259|2.059|2026-04-01
34190|NA|1.799|NA|2.049|2026-04-01
34195|1.773|1.773|2.125|2.125|2026-04-01
34202|NA|1.759|NA|1.999|2026-04-01
34211|NA|1.779|NA|2.139|2026-04-01
34213|2.209|1.698|2.198|2.098|2026-04-01
34220|1.926|1.716|2.226|2.016|2026-04-01
34221|2.019|1.769|2.329|2.079|2026-04-01
34222|NA|1.779|NA|2.099|2026-04-01
34223|1.739|1.739|2.099|2.099|2026-04-01
34224|NA|1.739|NA|2.099|2026-04-01
34225|NA|1.699|NA|2.159|2026-04-01
34226|NA|1.699|NA|2.139|2026-04-01
34227|NA|1.739|NA|2.069|2026-04-01
34230|NA|1.699|NA|2.079|2026-04-01
34232|NA|1.769|NA|2.099|2026-04-01
34234|NA|1.789|NA|2.159|2026-04-01
34235|NA|1.789|NA|2.159|2026-04-01
34239|1.82|NA|2.07|NA|2026-04-01
34242|NA|1.717|NA|2.097|2026-04-01
34248|2.029|1.829|2.259|2.059|2026-04-01
34251|1.799|1.799|2.169|2.169|2026-04-01
34257|NA|1.749|NA|2.039|2026-04-01
34258|1.939|1.759|2.209|2.029|2026-04-01
34260|1.989|1.759|2.349|2.099|2026-04-01
34261|NA|1.729|NA|2.119|2026-04-01
34264|NA|1.899|NA|2.199|2026-04-01
34265|NA|1.719|NA|2.079|2026-04-01
34266|1.769|1.769|2.159|2.159|2026-04-01
34267|NA|1.769|NA|2.139|2026-04-01
34272|NA|1.789|NA|2.159|2026-04-01
34282|1.952|1.742|2.255|2.045|2026-04-01
34285|1.779|1.779|2.129|2.129|2026-04-01
34287|NA|1.718|NA|2.028|2026-04-01
34288|1.959|1.759|2.299|2.099|2026-04-01
34290|2.069|1.769|2.379|2.079|2026-04-01
34292|NA|1.714|NA|2.049|2026-04-01
34294|NA|1.799|NA|2.139|2026-04-01
34295|2.239|1.889|2.579|2.229|2026-04-01
34299|1.779|1.779|2.099|2.099|2026-04-01
34303|1.819|1.819|2.099|2.099|2026-04-01
34304|1.738|NA|2.078|NA|2026-04-01
34308|1.799|1.799|1.999|1.999|2026-04-01
34318|1.879|1.729|2.229|2.079|2026-04-01
34319|NA|1.788|NA|2.086|2026-04-01
34321|2.109|1.799|2.409|2.099|2026-04-01
34323|NA|1.759|NA|2.049|2026-04-01
34330|NA|1.739|NA|2.069|2026-04-01
34331|NA|1.759|NA|2.099|2026-04-01
34333|NA|1.719|NA|2.079|2026-04-01
34336|1.919|1.739|2.265|2.085|2026-04-01
34338|NA|1.749|NA|2.069|2026-04-01
34340|NA|1.739|NA|2.039|2026-04-01
34341|1.939|1.759|2.209|2.029|2026-04-01
34343|1.989|1.739|2.399|2.149|2026-04-01
34347|NA|1.709|NA|2.099|2026-04-01
34348|NA|1.729|NA|2.139|2026-04-01
34349|NA|1.729|NA|2.099|2026-04-01
34350|1.945|1.72|2.273|2.048|2026-04-01
34352|NA|1.759|NA|2.099|2026-04-01
34357|NA|1.779|NA|2.129|2026-04-01
34364|NA|1.749|NA|2.099|2026-04-01
34365|NA|1.709|NA|2.079|2026-04-01
34366|2.068|1.788|2.367|2.087|2026-04-01
34369|NA|1.759|NA|2.119|2026-04-01
34371|1.699|1.699|2.039|2.039|2026-04-01
34377|1.745|1.745|2.065|2.065|2026-04-01
34380|1.739|NA|2.029|NA|2026-04-01
34381|1.959|1.759|2.349|2.149|2026-04-01
34383|1.967|1.747|2.283|2.063|2026-04-01
34384|1.942|1.732|2.238|2.028|2026-04-01
34385|1.963|1.803|2.335|2.145|2026-04-01
34388|1.745|1.745|2.065|2.065|2026-04-01
34390|1.957|1.737|2.26|2.039|2026-04-01
34397|1.739|1.739|2.089|2.089|2026-04-01
34401|1.957|1.732|2.25|2.025|2026-04-01
34408|2.009|1.809|2.359|2.159|2026-04-01
34422|NA|1.728|NA|2.018|2026-04-01
34433|1.957|1.732|2.273|2.048|2026-04-01
34439|1.849|1.739|2.149|2.039|2026-04-01
34440|NA|1.727|NA|2.097|2026-04-01
34442|1.829|1.829|2.159|2.159|2026-04-01
34443|2.029|1.799|2.339|2.129|2026-04-01
34446|1.839|1.739|2.199|2.099|2026-04-01
34451|1.749|1.749|2.059|2.059|2026-04-01
34452|NA|1.699|NA|2.039|2026-04-01
34460|1.929|1.729|2.289|2.089|2026-04-01
34465|1.739|1.739|2.099|2.099|2026-04-01
34468|1.937|1.717|2.255|2.035|2026-04-01
34482|NA|1.735|NA|2.055|2026-04-01
34486|1.899|1.899|NA|NA|2026-04-01
34490|1.957|1.732|2.27|2.045|2026-04-01
34494|NA|1.749|NA|2.139|2026-04-01
34518|1.899|1.689|2.299|2.089|2026-04-01
34520|1.95|1.73|2.253|2.033|2026-04-01
34521|1.939|1.729|2.309|2.099|2026-04-01
34525|NA|1.729|NA|2.059|2026-04-01
34527|1.889|1.769|2.199|2.079|2026-04-01
34528|1.869|1.769|2.189|2.089|2026-04-01
34530|1.879|1.779|2.249|2.149|2026-04-01
34535|NA|1.749|NA|1.939|2026-04-01
34541|1.949|1.739|2.349|2.139|2026-04-01
34543|NA|1.83|NA|2.08|2026-04-01
34545|1.829|1.829|2.149|2.149|2026-04-01
34558|2.099|1.799|2.389|2.089|2026-04-01
34559|1.909|1.759|2.209|2.059|2026-04-01
34560|1.979|1.769|2.259|2.049|2026-04-01
34561|NA|1.759|NA|2.069|2026-04-01
34562|1.799|1.799|2.099|2.099|2026-04-01
34564|NA|1.749|NA|2.089|2026-04-01
34565|NA|1.769|NA|2.089|2026-04-01
34566|NA|1.769|NA|1.649|2026-04-01
34578|1.957|1.737|2.291|2.071|2026-04-01
34580|1.957|1.737|2.273|2.053|2026-04-01
34582|1.77|NA|2.08|NA|2026-04-01
34583|1.799|1.799|2.099|2.099|2026-04-01
34598|1.744|1.744|2.064|2.064|2026-04-01
34602|1.773|1.773|2.115|2.115|2026-04-01
34604|NA|1.799|NA|2.119|2026-04-01
34605|1.979|1.769|2.319|2.109|2026-04-01
34611|NA|1.719|NA|2.079|2026-04-01
34620|NA|1.749|NA|2.099|2026-04-01
34625|1.999|1.999|2.239|2.239|2026-04-01
34641|1.729|NA|2.109|NA|2026-04-01
34643|NA|1.689|NA|2.069|2026-04-01
34647|1.957|1.737|2.255|2.035|2026-04-01
34664|1.899|1.759|2.159|2.159|2026-04-01
34680|2.009|1.829|2.379|2.199|2026-04-01
34684|1.834|1.834|2.167|2.167|2026-04-01
34692|1.939|1.729|2.289|2.079|2026-04-01
34693|1.899|1.899|2.199|1.999|2026-04-01
34696|1.967|1.747|2.27|2.049|2026-04-01
34699|2.015|1.715|2.33|2.03|2026-04-01
34700|1.759|1.759|2.019|2.019|2026-04-01
34706|1.959|1.715|2.119|2.035|2026-04-01
34709|1.957|1.732|2.273|2.048|2026-04-01
34714|1.947|1.737|2.245|2.035|2026-04-01
34715|NA|1.749|NA|2.099|2026-04-01
34716|1.957|1.737|2.273|2.053|2026-04-01
34717|NA|1.705|NA|2.013|2026-04-01
34724|1.989|1.989|2.089|2.089|2026-04-01
34727|NA|1.727|NA|2.054|2026-04-01
34728|NA|1.959|NA|2.179|2026-04-01
34730|1.749|1.749|2.069|2.069|2026-04-01
34731|NA|1.759|NA|2.129|2026-04-01
34732|NA|1.769|NA|2.129|2026-04-01
34733|NA|1.729|NA|2.099|2026-04-01
34735|2.199|1.799|2.499|2.098|2026-04-01
34736|2.029|1.779|2.359|2.109|2026-04-01
34738|1.93|1.72|2.25|2.04|2026-04-01
34741|1.689|1.689|2.039|2.039|2026-04-01
34742|1.699|1.699|2.059|2.059|2026-04-01
34744|NA|1.749|NA|2.119|2026-04-01
34745|1.773|1.773|2.115|2.115|2026-04-01
34752|NA|1.906|NA|2.176|2026-04-01
34754|NA|1.749|NA|2.069|2026-04-01
34761|NA|1.729|NA|2.079|2026-04-01
34762|2.199|1.799|2.539|2.139|2026-04-01
34767|1.889|1.739|2.209|2.059|2026-04-01
34769|1.889|1.739|2.209|2.059|2026-04-01
34770|1.729|1.729|2.069|2.069|2026-04-01
34772|NA|1.697|NA|1.997|2026-04-01
34774|1.909|1.759|2.299|2.149|2026-04-01
34775|1.869|1.719|2.239|2.089|2026-04-01
34776|NA|1.719|NA|2.099|2026-04-01
34777|NA|1.699|NA|2.049|2026-04-01
34779|NA|1.718|NA|2.058|2026-04-01
34785|1.789|1.789|2.089|2.089|2026-04-01
34797|1.919|1.799|2.219|2.099|2026-04-01
34798|1.957|1.737|2.253|2.025|2026-04-01
34805|NA|1.779|NA|2.069|2026-04-01
34806|1.879|1.699|2.209|2.029|2026-04-01
34807|NA|1.779|NA|2.099|2026-04-01
34808|1.799|1.799|2.099|2.099|2026-04-01
34814|NA|1.755|NA|2.069|2026-04-01
34815|1.764|1.714|2.129|2.079|2026-04-01
34817|1.857|1.757|2.156|2.056|2026-04-01
34823|NA|1.869|NA|2.109|2026-04-01
34825|NA|1.749|NA|2.029|2026-04-01
34831|1.929|1.689|2.289|2.049|2026-04-01
34840|1.899|1.899|2.168|2.168|2026-04-01
34841|NA|1.799|NA|2.139|2026-04-01
34844|1.969|1.739|2.269|2.039|2026-04-01
34849|1.979|1.699|2.329|2.049|2026-04-01
34851|1.789|1.789|2.099|2.099|2026-04-01
34853|NA|1.729|NA|2.079|2026-04-01
34854|NA|1.799|NA|2.099|2026-04-01
34855|NA|1.799|NA|2.099|2026-04-01
34856|NA|1.699|NA|2.019|2026-04-01
34858|1.899|1.739|2.239|2.079|2026-04-01
34863|2.097|1.797|2.397|2.097|2026-04-01
34864|2.099|1.799|2.359|2.059|2026-04-01
34866|1.977|1.777|2.368|2.168|2026-04-01
34878|1.966|1.746|2.326|2.106|2026-04-01
34879|NA|1.779|NA|2.099|2026-04-01
34884|1.964|1.754|2.284|2.074|2026-04-01
34887|1.989|1.789|2.339|2.139|2026-04-01
34895|1.799|1.799|2.079|2.079|2026-04-01
34896|NA|1.719|NA|2.049|2026-04-01
34901|1.915|1.705|2.245|2.035|2026-04-01
34904|1.957|1.732|2.265|2.039|2026-04-01
34910|NA|1.759|NA|2.059|2026-04-01
34920|1.959|1.759|2.329|2.129|2026-04-01
34925|NA|1.699|NA|2.039|2026-04-01
34926|NA|1.699|NA|2.039|2026-04-01
34929|NA|1.699|NA|2.039|2026-04-01
34931|2.119|1.779|2.389|2.099|2026-04-01
34936|1.747|1.747|2.097|2.097|2026-04-01
34941|NA|1.714|NA|2.048|2026-04-01
34945|NA|1.739|NA|2.079|2026-04-01
34947|NA|1.799|NA|2.079|2026-04-01
34957|NA|1.759|NA|2.159|2026-04-01
34958|NA|1.759|NA|2.129|2026-04-01
34959|NA|1.799|NA|2.179|2026-04-01
34960|1.73|1.73|2.05|2.05|2026-04-01
34963|1.797|1.697|2.157|2.057|2026-04-01
34964|NA|1.739|NA|2.089|2026-04-01
34965|1.952|1.742|2.235|2.025|2026-04-01
34967|NA|1.769|NA|2.129|2026-04-01
34968|NA|1.899|NA|2.079|2026-04-01
34973|1.789|1.759|2.079|2.059|2026-04-01
34974|1.759|1.759|2.079|2.079|2026-04-01
34976|1.789|1.759|2.079|2.059|2026-04-01
34977|NA|1.739|NA|2.099|2026-04-01
34978|1.859|1.859|2.099|2.099|2026-04-01
34979|1.899|1.699|2.229|2.029|2026-04-01
34993|1.964|1.71|2.333|2.079|2026-04-01
34994|1.899|1.749|2.209|2.059|2026-04-01
35002|1.832|1.832|2.166|2.166|2026-04-01
35005|NA|1.749|NA|2.099|2026-04-01
35006|NA|1.749|NA|2.099|2026-04-01
35007|NA|1.689|NA|2.129|2026-04-01
35013|1.745|1.745|2.059|2.059|2026-04-01
35014|1.729|1.729|2.029|2.029|2026-04-01
35022|NA|1.769|NA|2.099|2026-04-01
35028|1.799|1.799|2.129|2.129|2026-04-01
35035|NA|1.779|NA|2.119|2026-04-01
35040|1.879|1.749|2.169|2.039|2026-04-01
35050|1.799|1.799|2.099|2.099|2026-04-01
35052|1.823|1.823|2.165|2.165|2026-04-01
35053|1.879|1.879|2.159|2.159|2026-04-01
35054|2.179|1.869|2.409|2.099|2026-04-01
35055|1.897|1.897|2.197|2.197|2026-04-01
35060|NA|1.729|NA|2.029|2026-04-01
35061|2.0|1.78|2.319|2.099|2026-04-01
35074|NA|1.779|NA|2.095|2026-04-01
35079|1.772|1.772|2.114|2.114|2026-04-01
35080|1.849|1.849|2.199|2.199|2026-04-01
35082|NA|1.779|NA|2.079|2026-04-01
35084|NA|1.739|NA|2.139|2026-04-01
35092|NA|1.779|NA|2.119|2026-04-01
35094|1.735|1.725|2.045|2.035|2026-04-01
35095|NA|1.819|NA|2.149|2026-04-01
35098|2.119|1.869|2.369|2.119|2026-04-01
35103|1.957|1.737|2.253|2.033|2026-04-01
35105|1.719|1.719|1.989|1.989|2026-04-01
35106|1.869|1.759|2.149|2.049|2026-04-01
35107|1.849|1.759|2.219|2.129|2026-04-01
35108|NA|1.739|NA|2.069|2026-04-01
35122|NA|1.734|NA|2.044|2026-04-01
35123|1.976|1.776|2.266|2.066|2026-04-01
35127|NA|1.779|NA|2.119|2026-04-01
35128|1.957|1.737|2.273|2.053|2026-04-01
35136|NA|1.786|NA|2.099|2026-04-01
35140|NA|1.779|NA|2.149|2026-04-01
35141|NA|1.759|NA|2.099|2026-04-01
35143|1.829|1.729|2.229|2.129|2026-04-01
35144|NA|1.749|NA|2.119|2026-04-01
35145|NA|1.729|NA|2.099|2026-04-01
35148|NA|1.747|NA|2.087|2026-04-01
35156|2.009|1.799|2.409|2.199|2026-04-01
35157|1.869|1.689|2.239|2.059|2026-04-01
35158|1.759|NA|2.059|NA|2026-04-01
35161|2.067|1.802|2.417|2.152|2026-04-01
35165|NA|1.749|NA|NA|2026-04-01
35166|1.7|NA|2.07|NA|2026-04-01
35170|1.969|1.759|2.315|2.105|2026-04-01
35174|NA|1.797|NA|2.147|2026-04-01
35176|1.775|1.735|2.081|2.041|2026-04-01
35190|1.959|1.759|2.259|2.059|2026-04-01
35197|NA|1.757|NA|2.097|2026-04-01
35203|NA|1.799|NA|2.029|2026-04-01
35207|2.017|1.746|2.367|2.106|2026-04-01
35216|NA|1.779|NA|2.149|2026-04-01
35217|NA|1.699|NA|1.999|2026-04-01
35220|1.955|1.735|2.253|2.033|2026-04-01
35221|NA|1.709|NA|2.089|2026-04-01
35229|2.119|1.819|2.449|2.149|2026-04-01
35232|NA|1.789|NA|2.149|2026-04-01
35235|NA|1.809|NA|2.169|2026-04-01
35239|NA|1.732|NA|2.048|2026-04-01
35242|1.877|1.777|2.199|2.099|2026-04-01
35245|1.95|1.73|2.26|2.04|2026-04-01
35252|1.967|1.742|2.283|2.058|2026-04-01
35255|NA|1.709|NA|2.069|2026-04-01
35262|1.689|1.689|1.998|1.998|2026-04-01
35264|1.729|1.729|2.069|2.069|2026-04-01
35273|1.97|1.75|2.29|2.07|2026-04-01
35276|1.768|1.768|2.089|2.089|2026-04-01
35277|1.71|NA|2.008|NA|2026-04-01
35279|1.963|1.803|2.355|2.165|2026-04-01
35282|1.957|1.732|2.26|2.035|2026-04-01
35283|1.779|1.779|2.079|2.079|2026-04-01
35289|1.729|1.729|2.099|2.099|2026-04-01
35290|NA|1.699|NA|2.079|2026-04-01
35294|1.957|1.737|2.273|2.053|2026-04-01
35298|1.769|1.769|2.109|2.109|2026-04-01
35303|2.179|1.869|2.409|2.099|2026-04-01
35306|NA|1.759|NA|2.069|2026-04-01
35307|2.129|1.779|2.479|2.129|2026-04-01
35308|1.902|1.712|2.218|2.028|2026-04-01
35311|1.775|1.775|2.105|2.105|2026-04-01
35318|1.952|1.737|2.268|2.053|2026-04-01
35325|2.069|1.769|2.429|2.129|2026-04-01
35326|NA|1.749|NA|NA|2026-04-01
35330|1.929|1.769|2.289|2.129|2026-04-01
35331|2.009|1.809|2.309|2.109|2026-04-01
35332|NA|1.779|NA|2.129|2026-04-01
35333|2.121|1.759|2.421|2.059|2026-04-01
35334|1.849|1.749|2.189|2.089|2026-04-01
35335|NA|1.777|NA|2.057|2026-04-01
35345|NA|1.692|NA|2.008|2026-04-01
35346|NA|1.692|NA|2.008|2026-04-01
35347|NA|1.739|NA|2.079|2026-04-01
35348|1.937|1.717|2.273|2.053|2026-04-01
35355|1.929|1.769|2.289|2.129|2026-04-01
35356|NA|1.749|NA|1.939|2026-04-01
35359|NA|1.75|NA|2.065|2026-04-01
35365|1.957|1.737|2.255|2.035|2026-04-01
35366|1.745|NA|2.065|NA|2026-04-01
35368|1.786|1.786|2.156|2.156|2026-04-01
35369|1.749|1.749|2.099|2.099|2026-04-01
35372|1.759|1.759|2.089|2.089|2026-04-01
35375|1.95|1.73|2.253|2.033|2026-04-01
35376|1.952|1.732|2.268|2.048|2026-04-01
35377|1.789|1.729|2.139|2.079|2026-04-01
35380|1.789|1.759|2.029|1.999|2026-04-01
35382|1.759|1.759|2.079|2.079|2026-04-01
35383|NA|NA|NA|1.984|2026-04-01
35387|NA|1.799|NA|2.119|2026-04-01
35389|1.799|1.799|1.999|1.999|2026-04-01
35393|1.699|1.699|2.069|2.069|2026-04-01
35394|1.719|1.719|2.089|2.089|2026-04-01
35398|1.95|1.73|2.253|2.033|2026-04-01
35400|1.799|1.799|1.996|1.996|2026-04-01
35401|2.009|1.809|2.319|2.119|2026-04-01
35403|1.899|1.749|2.229|2.079|2026-04-01
35404|NA|1.759|NA|2.089|2026-04-01
35406|1.699|1.699|2.099|2.099|2026-04-01
35410|NA|1.779|NA|2.149|2026-04-01
35417|NA|1.679|NA|2.039|2026-04-01
35427|2.139|1.889|2.379|2.129|2026-04-01
35430|2.019|1.779|2.359|2.109|2026-04-01
35431|1.954|1.954|2.191|2.191|2026-04-01
35435|1.749|1.749|2.029|2.029|2026-04-01
35438|NA|1.729|NA|2.059|2026-04-01
35442|NA|1.839|NA|2.199|2026-04-01
35444|1.999|1.749|2.339|2.089|2026-04-01
35445|NA|1.759|NA|2.099|2026-04-01
35447|NA|1.749|NA|2.139|2026-04-01
35453|2.013|1.796|2.323|2.106|2026-04-01
35454|1.999|1.799|2.329|2.129|2026-04-01
35460|NA|1.819|NA|2.149|2026-04-01
35461|NA|1.699|NA|2.119|2026-04-01
35463|1.998|1.798|2.299|2.099|2026-04-01
35464|1.989|1.789|2.389|2.189|2026-04-01
35465|1.999|1.799|2.399|2.199|2026-04-01
35466|1.999|1.799|2.389|2.189|2026-04-01
35467|1.998|1.798|2.379|2.179|2026-04-01
35468|1.998|1.798|2.299|2.149|2026-04-01
35470|1.999|1.799|2.398|2.198|2026-04-01
35471|1.998|1.798|2.359|2.159|2026-04-01
35472|1.958|1.758|2.248|2.048|2026-04-01
35481|2.149|1.879|2.199|2.139|2026-04-01
35482|1.967|1.747|2.283|2.063|2026-04-01
35483|NA|1.789|NA|2.149|2026-04-01
35484|1.979|1.759|2.289|2.069|2026-04-01
35485|1.957|1.737|2.273|2.053|2026-04-01
35489|1.957|1.737|2.265|2.045|2026-04-01
35491|1.949|1.739|2.309|2.099|2026-04-01
35494|1.71|1.71|2.05|2.05|2026-04-01
35495|2.137|1.776|2.467|2.106|2026-04-01
35501|1.842|1.842|2.176|2.176|2026-04-01
35502|NA|1.749|NA|2.089|2026-04-01
35503|1.849|1.849|2.103|2.103|2026-04-01
35506|1.957|1.717|2.277|2.037|2026-04-01
35507|NA|1.769|NA|2.159|2026-04-01
35522|1.777|1.747|2.097|2.067|2026-04-01
35523|NA|1.767|NA|2.067|2026-04-01
35524|1.799|1.799|2.169|2.169|2026-04-01
35525|1.859|1.859|2.149|2.149|2026-04-01
35533|1.755|1.755|2.075|2.075|2026-04-01
35537|1.788|NA|1.999|NA|2026-04-01
35541|NA|1.759|NA|2.089|2026-04-01
35546|2.119|1.819|2.399|2.099|2026-04-01
35547|1.859|1.759|2.189|2.089|2026-04-01
35549|1.729|1.729|2.039|2.039|2026-04-01
35550|NA|1.789|NA|2.149|2026-04-01
35551|NA|1.799|NA|2.119|2026-04-01
35553|1.829|1.689|2.129|1.939|2026-04-01
35557|NA|1.779|NA|2.129|2026-04-01
35558|NA|1.759|NA|2.139|2026-04-01
35559|NA|1.759|NA|2.149|2026-04-01
35560|1.879|1.699|2.149|2.139|2026-04-01
35564|1.925|1.715|2.238|2.028|2026-04-01
35566|1.929|1.769|2.289|2.129|2026-04-01
35568|NA|1.782|NA|NA|2026-04-01
35571|1.724|NA|1.984|NA|2026-04-01
35575|1.835|1.835|2.165|2.165|2026-04-01
35577|1.957|1.732|2.255|2.03|2026-04-01
35578|1.759|1.759|2.079|2.079|2026-04-01
35579|NA|1.85|NA|1.99|2026-04-01
35581|1.779|1.779|2.099|2.099|2026-04-01
35582|1.719|1.719|2.039|2.039|2026-04-01
35583|1.837|1.837|2.149|2.149|2026-04-01
35586|NA|1.789|NA|2.159|2026-04-01
35587|1.949|1.749|2.299|2.099|2026-04-01
35590|2.019|1.899|2.249|2.129|2026-04-01
35591|1.829|1.729|2.199|2.099|2026-04-01
35595|1.957|1.737|2.253|2.033|2026-04-01
35596|1.999|1.999|2.199|2.199|2026-04-01
35598|1.699|1.699|2.049|2.049|2026-04-01
35599|1.942|1.732|2.245|2.035|2026-04-01
35605|NA|1.729|NA|2.049|2026-04-01
35609|1.902|1.692|2.235|2.025|2026-04-01
35611|1.729|1.729|2.069|2.069|2026-04-01
35612|1.764|1.764|2.159|2.159|2026-04-01
35615|1.815|1.715|2.135|2.035|2026-04-01
35621|1.705|1.705|2.045|2.045|2026-04-01
35622|NA|1.749|NA|2.069|2026-04-01
35623|1.779|NA|2.079|NA|2026-04-01
35624|1.899|1.749|2.209|2.059|2026-04-01
35626|1.937|1.726|2.317|2.106|2026-04-01
35628|NA|1.779|NA|2.079|2026-04-01
35631|1.957|1.737|2.265|2.045|2026-04-01
35633|NA|1.779|NA|2.059|2026-04-01
35639|NA|1.759|NA|2.099|2026-04-01
35645|2.059|1.769|2.359|2.069|2026-04-01
35650|1.789|1.789|NA|NA|2026-04-01
35651|NA|1.737|NA|2.045|2026-04-01
35653|1.749|NA|2.019|NA|2026-04-01
35658|1.947|1.737|2.249|2.039|2026-04-01
35662|1.945|1.725|2.255|2.035|2026-04-01
35663|1.819|1.819|2.099|2.099|2026-04-01
35664|1.799|1.799|2.059|2.059|2026-04-01
35665|1.957|1.737|2.273|2.053|2026-04-01
35669|1.708|1.708|2.099|2.099|2026-04-01
35671|1.942|1.732|2.258|2.048|2026-04-01
35672|1.788|1.788|2.098|2.098|2026-04-01
35675|1.969|1.759|2.309|2.099|2026-04-01
35677|1.69|1.69|2.05|2.05|2026-04-01
35680|1.979|1.729|2.309|2.059|2026-04-01
35681|1.987|1.767|2.345|2.125|2026-04-01
35683|1.957|1.737|2.273|2.053|2026-04-01
35684|1.915|1.712|2.218|2.028|2026-04-01
35685|1.879|1.699|2.239|2.059|2026-04-01
35686|1.799|1.799|2.099|2.099|2026-04-01
35690|1.942|1.732|2.258|2.048|2026-04-01
35693|1.939|1.739|2.299|2.099|2026-04-01
35696|1.929|1.729|2.289|2.089|2026-04-01
35697|1.939|1.739|2.279|2.079|2026-04-01
35699|2.019|1.799|2.259|2.039|2026-04-01
35708|2.019|1.799|2.359|2.129|2026-04-01
35710|1.729|1.729|2.089|2.089|2026-04-01
35712|NA|1.729|NA|2.139|2026-04-01
35714|1.829|1.829|2.219|2.219|2026-04-01
35716|1.989|1.779|2.289|2.079|2026-04-01
35721|1.924|1.724|2.248|2.048|2026-04-01
35723|NA|1.729|NA|2.069|2026-04-01
35725|1.957|1.737|2.253|2.033|2026-04-01
35727|1.974|1.764|2.304|2.094|2026-04-01
35728|1.779|NA|1.979|NA|2026-04-01
35732|1.899|1.699|2.174|1.974|2026-04-01
35735|1.942|1.732|2.258|2.048|2026-04-01
35736|2.149|1.799|2.449|2.099|2026-04-01
35741|1.972|1.772|2.29|2.09|2026-04-01
35743|1.729|1.729|2.119|2.119|2026-04-01
35746|1.719|1.719|2.099|2.099|2026-04-01
35748|1.749|1.749|2.139|2.139|2026-04-01
35749|1.869|1.769|2.289|2.089|2026-04-01
35752|1.709|1.709|2.039|2.039|2026-04-01
35754|1.967|1.747|2.26|2.04|2026-04-01
35756|1.839|1.759|2.149|2.069|2026-04-01
35766|NA|1.739|NA|2.039|2026-04-01
35768|2.129|1.779|2.459|2.109|2026-04-01
35769|1.716|1.716|2.106|2.106|2026-04-01
35771|NA|1.679|NA|1.979|2026-04-01
35777|1.957|1.737|2.255|2.035|2026-04-01
35778|NA|1.759|NA|2.158|2026-04-01
35791|NA|1.695|NA|1.995|2026-04-01
35793|NA|1.699|NA|1.995|2026-04-01
35794|1.919|1.719|2.099|1.999|2026-04-01
35795|1.865|1.715|2.145|1.995|2026-04-01
35803|1.899|1.735|2.059|2.035|2026-04-01
35818|1.749|1.749|2.099|2.099|2026-04-01
35819|1.699|NA|2.059|NA|2026-04-01
35820|1.96|1.735|2.273|2.048|2026-04-01
35822|1.789|1.789|2.019|2.019|2026-04-01
35823|2.109|1.799|2.419|2.099|2026-04-01
35825|1.799|1.799|2.099|2.099|2026-04-01
35829|1.939|1.729|2.269|2.059|2026-04-01
35830|1.934|1.739|2.254|2.059|2026-04-01
35832|1.899|1.749|2.239|2.089|2026-04-01
35834|1.929|1.729|2.279|2.079|2026-04-01
35858|2.079|1.779|2.419|2.119|2026-04-01
35862|1.979|1.769|2.269|2.059|2026-04-01
35865|NA|1.799|NA|2.159|2026-04-01
35878|1.759|1.759|2.119|2.119|2026-04-01
35879|1.969|1.799|2.299|2.129|2026-04-01
35881|NA|1.759|NA|2.079|2026-04-01
35883|1.899|1.899|2.099|2.099|2026-04-01
35884|2.069|1.759|2.409|2.099|2026-04-01
35885|1.739|1.739|2.099|2.099|2026-04-01
35886|1.777|1.777|2.078|2.078|2026-04-01
35887|1.829|1.729|2.199|2.099|2026-04-01
35889|NA|1.745|NA|2.065|2026-04-01
35890|1.919|NA|2.169|NA|2026-04-01
35895|NA|1.674|NA|1.989|2026-04-01
35896|NA|1.754|NA|2.074|2026-04-01
35897|NA|1.729|NA|2.039|2026-04-01
35898|NA|1.759|NA|2.099|2026-04-01
35899|NA|1.829|NA|2.079|2026-04-01
35900|NA|1.814|NA|2.129|2026-04-01
35901|1.929|1.729|2.289|2.139|2026-04-01
35902|NA|1.739|NA|2.059|2026-04-01
35904|NA|1.729|NA|2.059|2026-04-01
35905|NA|1.739|NA|2.099|2026-04-01
35906|1.689|1.689|2.039|2.039|2026-04-01
35907|1.889|1.759|2.229|2.099|2026-04-01
35911|1.709|1.709|2.029|2.029|2026-04-01
35914|NA|1.699|NA|2.059|2026-04-01
35915|1.715|1.715|2.068|2.068|2026-04-01
35916|1.929|1.749|2.319|2.139|2026-04-01
35917|1.759|1.759|2.119|2.119|2026-04-01
35918|1.749|1.749|2.159|2.159|2026-04-01
35919|NA|1.799|NA|2.099|2026-04-01
35924|1.957|1.747|2.269|2.059|2026-04-01
35928|1.779|1.779|2.059|2.059|2026-04-01
35933|NA|1.798|NA|2.018|2026-04-01
35936|2.141|1.791|2.423|2.073|2026-04-01
35939|1.819|1.819|2.159|2.159|2026-04-01
35940|2.023|1.799|2.363|2.139|2026-04-01
35942|1.932|1.717|2.248|2.033|2026-04-01
35948|1.957|1.737|2.265|2.045|2026-04-01
35960|NA|1.797|NA|2.147|2026-04-01
35966|1.929|1.749|2.279|2.099|2026-04-01
35969|1.949|1.729|2.289|2.069|2026-04-01
35970|2.129|1.779|2.469|2.119|2026-04-01
35993|1.945|1.73|2.228|2.013|2026-04-01
36005|1.979|NA|2.179|NA|2026-04-01
36008|NA|1.824|NA|2.132|2026-04-01
36017|1.939|1.729|2.309|2.099|2026-04-01
36021|NA|1.759|NA|2.129|2026-04-01
36025|1.717|1.717|2.047|2.047|2026-04-01
36028|1.739|1.739|2.059|2.059|2026-04-01
36033|1.799|1.799|2.079|2.079|2026-04-01
36038|1.734|1.734|2.044|2.044|2026-04-01
36050|NA|1.729|NA|2.159|2026-04-01
36053|NA|1.749|NA|2.059|2026-04-01
36054|1.789|NA|2.039|NA|2026-04-01
36055|1.915|1.715|2.259|2.059|2026-04-01
36062|2.089|1.839|2.429|2.179|2026-04-01
36063|1.813|1.813|2.176|2.176|2026-04-01
36064|NA|1.699|NA|2.039|2026-04-01
36066|1.957|1.737|2.25|2.045|2026-04-01
36067|1.959|1.739|2.319|2.099|2026-04-01
36068|2.019|1.819|2.339|2.139|2026-04-01
36084|NA|1.695|NA|2.045|2026-04-01
36086|2.029|1.779|2.399|2.149|2026-04-01
36096|1.849|1.699|2.189|2.039|2026-04-01
36103|2.062|1.822|2.335|2.095|2026-04-01
36104|1.949|1.759|2.259|2.069|2026-04-01
36105|2.039|1.739|2.399|2.099|2026-04-01
36109|1.699|1.699|2.06|2.06|2026-04-01
36112|1.959|1.749|2.259|2.049|2026-04-01
36114|1.799|1.799|2.099|2.099|2026-04-01
36117|1.999|1.799|2.299|2.099|2026-04-01
36120|1.999|1.779|2.396|2.146|2026-04-01
36131|1.95|1.725|2.26|2.035|2026-04-01
36132|1.73|NA|2.05|NA|2026-04-01
36136|NA|1.799|NA|2.089|2026-04-01
36137|1.929|1.779|2.249|2.099|2026-04-01
36147|1.749|1.749|2.049|2.049|2026-04-01
36153|1.952|1.742|2.258|2.048|2026-04-01
36160|1.699|1.699|2.099|2.099|2026-04-01
36161|NA|1.759|NA|2.099|2026-04-01
36162|1.94|1.73|2.25|2.04|2026-04-01
36163|NA|1.779|NA|2.149|2026-04-01
36171|1.718|1.698|2.035|2.015|2026-04-01
36173|1.929|1.929|2.159|2.159|2026-04-01
36180|NA|1.789|NA|2.119|2026-04-01
36186|NA|1.759|NA|2.089|2026-04-01
36187|1.969|1.749|2.299|2.079|2026-04-01
36198|1.95|1.73|2.253|2.033|2026-04-01
36200|2.049|1.799|2.399|2.149|2026-04-01
36205|1.957|1.732|2.235|2.01|2026-04-01
36210|1.759|1.759|1.999|1.999|2026-04-01
36212|1.799|1.799|2.099|2.099|2026-04-01
36213|1.799|1.799|2.099|2.099|2026-04-01
36218|NA|1.699|NA|1.999|2026-04-01
36224|1.829|1.829|2.069|2.069|2026-04-01
36229|1.935|1.725|2.255|2.045|2026-04-01
36231|1.699|1.699|2.079|2.079|2026-04-01
36232|1.699|1.699|2.069|2.069|2026-04-01
36239|1.899|1.799|2.219|2.119|2026-04-01
36240|1.779|NA|2.139|NA|2026-04-01
36245|1.808|1.748|2.169|2.109|2026-04-01
36253|1.998|1.778|2.369|2.169|2026-04-01
36255|1.684|NA|1.999|NA|2026-04-01
36257|NA|1.729|NA|2.039|2026-04-01
36258|NA|1.729|NA|2.099|2026-04-01
36259|NA|1.799|NA|2.149|2026-04-01
36260|NA|1.799|NA|2.139|2026-04-01
36261|NA|1.799|NA|2.099|2026-04-01
36262|NA|1.695|NA|2.008|2026-04-01
36263|2.049|1.799|2.399|2.149|2026-04-01
36273|1.789|NA|1.999|NA|2026-04-01
36274|NA|1.875|NA|2.195|2026-04-01
36275|NA|1.699|NA|2.019|2026-04-01
36279|1.955|1.735|2.253|2.033|2026-04-01
36284|1.998|1.798|2.398|2.178|2026-04-01
36285|1.809|1.709|2.139|2.039|2026-04-01
36287|1.829|1.829|2.099|2.099|2026-04-01
36292|2.034|1.789|2.384|2.124|2026-04-01
36293|2.074|1.799|2.424|2.109|2026-04-01
36294|2.169|1.879|2.539|2.259|2026-04-01
36297|1.939|1.739|2.309|2.109|2026-04-01
36298|NA|1.737|NA|2.073|2026-04-01
36299|1.979|1.749|2.309|2.079|2026-04-01
36301|NA|1.729|NA|2.079|2026-04-01
36302|NA|1.699|NA|2.059|2026-04-01
36303|1.719|1.719|1.999|1.999|2026-04-01
36309|1.95|1.73|2.26|2.04|2026-04-01
36312|1.729|NA|2.089|NA|2026-04-01
36316|2.008|1.759|2.328|2.079|2026-04-01
36320|NA|1.759|NA|2.159|2026-04-01
36322|NA|1.688|NA|2.048|2026-04-01
36325|1.868|1.718|2.228|2.078|2026-04-01
36326|NA|1.749|NA|2.079|2026-04-01
36333|1.779|1.779|2.129|2.129|2026-04-01
36335|1.768|1.768|2.147|2.147|2026-04-01
36339|1.917|1.697|2.209|1.989|2026-04-01
36342|NA|1.717|NA|2.033|2026-04-01
36348|NA|1.732|NA|2.048|2026-04-01
36363|1.939|1.739|2.279|2.079|2026-04-01
36367|NA|1.719|NA|2.079|2026-04-01
36368|NA|1.729|NA|2.129|2026-04-01
36375|1.957|1.737|2.265|2.045|2026-04-01
36380|1.749|1.749|2.069|2.069|2026-04-01
36386|1.877|1.777|2.189|2.089|2026-04-01
36387|1.947|1.737|2.263|2.053|2026-04-01
36389|1.759|1.759|2.119|2.119|2026-04-01
36391|NA|1.739|NA|2.139|2026-04-01
36392|1.749|1.749|2.049|2.049|2026-04-01
36393|NA|1.735|NA|2.069|2026-04-01
36400|2.069|1.829|2.429|2.189|2026-04-01
36401|2.02|1.771|2.329|2.08|2026-04-01
36403|1.769|1.769|2.099|2.099|2026-04-01
36405|1.799|NA|2.079|NA|2026-04-01
36406|1.773|1.773|2.105|2.105|2026-04-01
36407|1.799|NA|2.059|NA|2026-04-01
36413|1.97|1.76|2.26|2.05|2026-04-01
36415|1.999|1.779|2.299|2.099|2026-04-01
36416|1.968|1.768|2.369|2.169|2026-04-01
36420|NA|1.789|NA|2.059|2026-04-01
36423|1.945|1.725|2.253|2.033|2026-04-01
36426|1.799|1.799|2.149|2.149|2026-04-01
36433|NA|1.699|NA|2.079|2026-04-01
36434|1.739|1.739|NA|NA|2026-04-01
36438|NA|1.759|NA|2.099|2026-04-01
36442|NA|1.779|NA|2.159|2026-04-01
36446|NA|1.759|NA|2.119|2026-04-01
36448|NA|1.779|NA|2.139|2026-04-01
36449|NA|1.674|NA|1.994|2026-04-01
36450|NA|1.759|NA|2.059|2026-04-01
36451|NA|1.799|NA|2.149|2026-04-01
36452|NA|1.779|NA|2.149|2026-04-01
36458|NA|1.779|NA|2.099|2026-04-01
36459|1.739|1.739|2.069|2.069|2026-04-01
36466|2.049|2.049|2.299|2.299|2026-04-01
36469|1.909|1.759|2.209|2.059|2026-04-01
36471|NA|1.749|NA|2.079|2026-04-01
36472|NA|1.755|NA|2.069|2026-04-01
36473|NA|1.779|NA|2.149|2026-04-01
36481|1.797|1.797|2.087|2.087|2026-04-01
36482|NA|1.73|NA|2.04|2026-04-01
36483|NA|1.799|NA|2.149|2026-04-01
36484|1.957|1.737|2.273|2.053|2026-04-01
36486|1.945|1.725|2.255|2.035|2026-04-01
36489|1.795|1.795|2.085|2.085|2026-04-01
36490|1.759|1.759|2.099|2.099|2026-04-01
36491|NA|1.769|NA|2.099|2026-04-01
36495|NA|1.729|NA|2.059|2026-04-01
36496|2.043|1.836|2.313|2.106|2026-04-01
36500|NA|1.799|NA|2.009|2026-04-01
36502|1.749|NA|2.099|NA|2026-04-01
36503|1.739|NA|2.099|NA|2026-04-01
36505|2.079|1.729|2.449|2.099|2026-04-01
36509|1.929|1.719|2.209|1.999|2026-04-01
36512|1.689|1.689|1.989|1.989|2026-04-01
36513|NA|1.779|NA|2.149|2026-04-01
36516|1.959|1.749|2.304|2.094|2026-04-01
36517|1.879|NA|2.229|NA|2026-04-01
36518|1.839|1.779|2.149|2.089|2026-04-01
36521|NA|1.735|NA|2.065|2026-04-01
36523|NA|1.829|NA|2.139|2026-04-01
36531|1.899|NA|1.999|NA|2026-04-01
36535|1.799|1.699|2.099|1.999|2026-04-01
36542|NA|1.759|NA|2.119|2026-04-01
36545|1.759|1.759|2.059|2.059|2026-04-01
36546|1.779|1.779|2.089|2.089|2026-04-01
36549|2.017|1.806|2.397|2.186|2026-04-01
36550|1.839|1.839|1.989|1.989|2026-04-01
36554|NA|1.755|NA|2.115|2026-04-01
36559|NA|1.699|NA|2.013|2026-04-01
36565|1.957|1.737|2.273|2.053|2026-04-01
36566|1.789|1.789|2.099|2.099|2026-04-01
36579|1.959|1.739|2.269|2.049|2026-04-01
36581|1.799|1.699|2.169|2.069|2026-04-01
36582|2.009|1.719|2.389|2.099|2026-04-01
36583|1.946|1.726|2.266|2.046|2026-04-01
36589|2.099|1.799|2.359|2.059|2026-04-01
36590|2.099|1.799|2.359|2.059|2026-04-01
36592|1.918|1.718|2.278|2.078|2026-04-01
36604|1.949|1.739|2.239|2.029|2026-04-01
36613|NA|1.717|NA|2.035|2026-04-01
36619|1.899|1.759|2.139|2.099|2026-04-01
36624|1.962|1.752|2.22|2.01|2026-04-01
36625|1.729|1.729|2.079|2.079|2026-04-01
36627|NA|1.729|NA|1.999|2026-04-01
36633|1.839|1.689|2.199|2.049|2026-04-01
36649|1.806|NA|2.099|NA|2026-04-01
36651|1.957|1.732|2.253|2.028|2026-04-01
36652|1.952|1.742|2.255|2.045|2026-04-01
36660|NA|1.689|NA|2.039|2026-04-01
36664|NA|1.717|NA|2.033|2026-04-01
36670|1.94|1.73|2.24|2.03|2026-04-01
36676|NA|1.759|NA|2.119|2026-04-01
36680|2.059|1.759|2.409|2.109|2026-04-01
36682|1.957|1.732|2.253|2.028|2026-04-01
36683|NA|1.717|NA|2.033|2026-04-01
36693|1.929|1.729|2.279|2.079|2026-04-01
36702|1.779|NA|2.149|NA|2026-04-01
36704|NA|1.719|NA|2.019|2026-04-01
36706|1.719|1.719|1.994|1.994|2026-04-01
36716|1.8|1.8|2.039|2.039|2026-04-01
36719|1.999|1.799|2.398|2.198|2026-04-01
36722|1.817|1.817|2.198|2.198|2026-04-01
36723|1.999|1.799|2.399|2.199|2026-04-01
36724|1.899|1.799|2.199|2.099|2026-04-01
36728|1.989|1.769|2.319|2.099|2026-04-01
36737|1.94|1.73|2.235|2.025|2026-04-01
36743|1.779|1.779|2.149|2.149|2026-04-01
36744|1.979|1.729|2.319|2.069|2026-04-01
36748|1.739|1.739|2.079|2.079|2026-04-01
36754|2.246|1.896|2.437|2.087|2026-04-01
36757|2.296|1.896|2.497|2.097|2026-04-01
36766|1.889|1.739|2.189|2.039|2026-04-01
36769|1.799|1.719|2.159|2.079|2026-04-01
36773|1.914|1.764|2.264|2.114|2026-04-01
36774|1.699|NA|2.099|NA|2026-04-01
36778|1.799|1.799|2.125|2.125|2026-04-01
36795|1.769|1.769|2.049|2.049|2026-04-01
36798|1.957|1.737|2.265|2.045|2026-04-01
36800|1.957|1.737|2.253|2.033|2026-04-01
36803|1.699|1.699|1.999|1.999|2026-04-01
36808|2.009|1.809|2.329|2.129|2026-04-01
36810|1.939|1.729|2.229|2.019|2026-04-01
36811|1.749|1.749|2.139|2.139|2026-04-01
36812|2.089|1.789|2.399|2.099|2026-04-01
36825|1.729|NA|2.039|NA|2026-04-01
36828|NA|1.845|NA|2.139|2026-04-01
36831|1.789|1.789|2.039|2.039|2026-04-01
36832|1.799|NA|2.099|NA|2026-04-01
36840|1.998|1.798|2.298|2.099|2026-04-01
36842|1.879|1.699|2.199|2.019|2026-04-01
36843|1.942|1.745|2.258|2.055|2026-04-01
36845|1.569|1.569|2.058|2.058|2026-04-01
36847|1.889|1.889|2.069|2.069|2026-04-01
36849|1.989|1.759|2.319|2.089|2026-04-01
36852|1.93|1.73|2.299|2.099|2026-04-01
36855|NA|1.799|NA|2.039|2026-04-01
36859|1.739|NA|2.039|NA|2026-04-01
36868|2.087|1.797|2.387|2.097|2026-04-01
36870|2.007|1.797|2.307|2.097|2026-04-01
36871|2.007|1.797|2.307|2.097|2026-04-01
36872|2.147|1.797|2.437|2.087|2026-04-01
36873|2.147|1.797|2.447|2.097|2026-04-01
36875|2.087|1.797|2.367|2.077|2026-04-01
36876|2.007|1.797|2.287|2.077|2026-04-01
36878|2.097|1.797|2.397|2.097|2026-04-01
36880|2.087|1.797|2.387|2.097|2026-04-01
36882|1.996|1.786|2.276|2.066|2026-04-01
36886|2.087|1.797|2.387|2.097|2026-04-01
36887|2.067|1.797|2.367|2.097|2026-04-01
36888|2.077|1.797|2.377|2.097|2026-04-01
36891|1.655|1.655|2.049|2.049|2026-04-01
36893|1.859|1.859|2.099|2.099|2026-04-01
36908|1.947|1.737|2.263|2.053|2026-04-01
36912|1.969|1.769|2.289|2.089|2026-04-01
36913|NA|1.709|NA|2.029|2026-04-01
36917|1.949|1.759|2.289|2.099|2026-04-01
36918|NA|1.747|NA|2.057|2026-04-01
36921|NA|1.749|NA|2.099|2026-04-01
36923|2.009|1.789|2.319|2.099|2026-04-01
36924|NA|1.745|NA|2.117|2026-04-01
36926|1.799|1.799|2.099|2.099|2026-04-01
36927|1.759|1.759|2.039|2.039|2026-04-01
36932|2.199|1.829|2.504|2.049|2026-04-01
36938|1.979|1.729|2.319|2.069|2026-04-01
36942|NA|1.719|NA|2.089|2026-04-01
36944|1.799|1.799|2.099|2.099|2026-04-01
36946|1.739|1.739|2.099|2.099|2026-04-01
36951|1.942|1.732|2.238|2.028|2026-04-01
36955|1.849|NA|2.179|NA|2026-04-01
36959|1.799|NA|2.059|NA|2026-04-01
36960|1.769|1.689|2.099|2.069|2026-04-01
36967|1.869|NA|2.169|NA|2026-04-01
36972|NA|1.759|NA|2.099|2026-04-01
36978|NA|1.699|NA|1.999|2026-04-01
36980|1.925|1.705|2.235|2.015|2026-04-01
36981|1.969|1.759|2.309|2.099|2026-04-01
36983|NA|1.749|NA|2.049|2026-04-01
36987|1.957|1.747|2.235|2.025|2026-04-01
36989|NA|1.789|NA|2.119|2026-04-01
36990|1.759|NA|2.119|NA|2026-04-01
36991|2.199|1.749|2.499|2.099|2026-04-01
36992|1.909|1.699|2.309|2.099|2026-04-01
36993|1.949|1.739|2.259|2.049|2026-04-01
37002|NA|1.729|NA|NA|2026-04-01
37004|1.759|1.759|2.069|2.069|2026-04-01
37016|1.729|1.729|2.099|2.099|2026-04-01
37018|1.74|1.74|2.06|2.06|2026-04-01
37021|1.74|1.74|2.06|2.06|2026-04-01
37022|1.79|NA|2.16|NA|2026-04-01
37023|1.767|1.767|1.987|1.987|2026-04-01
37025|1.919|1.715|2.249|2.025|2026-04-01
37027|2.089|1.809|2.399|2.119|2026-04-01
37029|1.973|1.739|2.313|2.079|2026-04-01
37031|1.969|1.759|2.309|2.099|2026-04-01
37034|1.989|1.789|2.299|2.099|2026-04-01
37035|1.809|1.809|2.159|2.159|2026-04-01
37044|2.062|1.842|2.378|2.158|2026-04-01
37045|1.759|1.759|2.099|2.099|2026-04-01
37047|1.979|1.779|2.339|2.139|2026-04-01
37057|NA|1.779|NA|2.089|2026-04-01
37062|1.789|1.789|1.689|1.689|2026-04-01
37064|NA|1.704|NA|1.654|2026-04-01
37066|1.779|1.779|2.069|2.069|2026-04-01
37073|1.985|1.735|2.255|2.035|2026-04-01
37074|1.989|1.779|2.279|2.069|2026-04-01
37075|1.959|1.719|2.289|2.049|2026-04-01
37076|1.745|1.745|2.065|2.065|2026-04-01
37087|1.999|1.799|2.369|2.149|2026-04-01
37096|1.967|1.747|2.273|2.053|2026-04-01
37097|NA|1.699|NA|2.048|2026-04-01
37099|1.799|NA|2.159|NA|2026-04-01
37100|NA|1.73|NA|2.078|2026-04-01
37101|1.819|1.739|2.069|1.989|2026-04-01
37102|1.999|1.799|2.279|2.079|2026-04-01
37105|2.199|1.748|2.399|2.069|2026-04-01
37108|1.85|1.85|2.1|2.1|2026-04-01
37111|1.759|1.759|2.079|2.079|2026-04-01
37112|1.959|1.759|2.199|1.999|2026-04-01
37117|2.199|1.799|2.549|2.149|2026-04-01
37120|1.999|1.799|2.33|2.13|2026-04-01
37125|NA|1.759|NA|2.149|2026-04-01
37126|NA|1.739|NA|2.129|2026-04-01
37128|NA|1.759|NA|2.159|2026-04-01
37134|1.769|NA|2.139|NA|2026-04-01
37139|2.029|1.729|2.319|2.019|2026-04-01
37141|2.019|1.749|2.339|2.069|2026-04-01
37144|NA|1.789|NA|2.045|2026-04-01
37156|1.955|1.735|2.248|2.028|2026-04-01
37157|1.942|1.732|2.245|2.035|2026-04-01
37164|1.719|NA|1.999|NA|2026-04-01
37165|2.016|1.816|2.366|2.166|2026-04-01
37166|1.729|1.729|2.099|2.099|2026-04-01
37172|1.957|1.737|2.273|2.053|2026-04-01
37178|1.957|1.737|2.25|2.033|2026-04-01
37182|1.957|1.737|2.26|2.04|2026-04-01
37186|1.739|1.739|2.129|2.129|2026-04-01
37187|1.828|1.728|2.138|2.038|2026-04-01
37195|1.942|1.732|2.25|2.04|2026-04-01
37197|1.957|1.737|2.293|2.073|2026-04-01
37199|1.957|1.737|2.273|2.053|2026-04-01
37204|1.967|1.747|2.275|2.055|2026-04-01
37216|2.009|1.799|2.309|2.099|2026-04-01
37217|1.939|1.739|2.299|2.099|2026-04-01
37224|1.759|1.759|2.055|2.055|2026-04-01
37231|2.159|1.799|2.534|2.099|2026-04-01
37232|1.999|1.749|2.289|2.039|2026-04-01
37240|1.999|1.789|2.269|2.059|2026-04-01
37244|1.799|1.799|2.099|2.099|2026-04-01
37247|NA|1.759|NA|2.149|2026-04-01
37248|1.799|1.799|2.099|2.099|2026-04-01
37254|NA|1.784|NA|2.149|2026-04-01
37257|1.799|1.799|2.149|2.149|2026-04-01
37262|1.955|1.735|2.235|2.015|2026-04-01
37263|1.799|1.799|2.119|2.119|2026-04-01
37268|1.773|1.773|2.115|2.115|2026-04-01
37269|NA|1.749|NA|2.149|2026-04-01
37275|1.935|1.715|2.24|2.02|2026-04-01
37278|1.849|1.849|2.169|2.169|2026-04-01
37279|NA|1.737|NA|2.045|2026-04-01
37281|1.879|1.759|2.169|2.049|2026-04-01
37285|1.687|1.687|2.033|2.033|2026-04-01
37287|1.929|1.799|2.279|2.149|2026-04-01
37288|1.998|1.798|2.399|2.199|2026-04-01
37289|1.999|1.799|2.389|2.189|2026-04-01
37291|1.998|1.798|2.349|2.149|2026-04-01
37292|1.918|1.718|2.298|2.098|2026-04-01
37293|1.799|1.799|2.099|2.099|2026-04-01
37297|2.019|1.799|2.239|1.999|2026-04-01
37309|1.83|1.715|2.123|2.008|2026-04-01
37312|2.009|1.799|2.387|2.177|2026-04-01
37315|2.058|1.869|2.388|2.199|2026-04-01
37325|NA|1.687|NA|2.059|2026-04-01
37326|1.905|1.695|2.258|2.048|2026-04-01
37329|2.009|1.759|2.329|2.079|2026-04-01
37330|2.009|1.759|2.329|2.079|2026-04-01
37332|2.019|1.764|2.379|2.124|2026-04-01
37336|1.729|1.729|2.089|2.089|2026-04-01
37343|1.959|1.759|2.339|2.139|2026-04-01
37345|1.929|1.729|2.299|2.099|2026-04-01
37348|1.999|1.799|2.398|2.198|2026-04-01
37349|1.979|1.779|2.299|2.099|2026-04-01
37350|1.979|1.779|2.299|2.099|2026-04-01
37351|1.749|1.749|2.069|2.069|2026-04-01
37353|1.835|1.735|2.19|2.09|2026-04-01
37356|1.95|1.73|2.253|2.033|2026-04-01
37379|1.769|1.769|2.159|2.159|2026-04-01
37384|1.989|1.779|2.279|2.069|2026-04-01
37389|1.799|NA|2.099|NA|2026-04-01
37391|1.799|NA|2.079|NA|2026-04-01
37392|1.915|1.705|2.218|2.008|2026-04-01
37397|1.894|1.894|2.194|2.194|2026-04-01
37407|NA|1.729|NA|2.059|2026-04-01
37410|1.876|1.876|1.945|1.945|2026-04-01
37416|2.02|NA|2.32|NA|2026-04-01
37420|1.952|1.732|2.255|2.035|2026-04-01
37423|1.937|1.717|2.255|2.035|2026-04-01
37434|1.769|1.769|2.159|2.159|2026-04-01
37440|2.119|1.799|2.409|2.099|2026-04-01
37442|1.749|1.749|2.098|2.098|2026-04-01
37457|1.879|1.679|2.169|1.969|2026-04-01
37460|1.939|1.739|2.259|2.059|2026-04-01
37462|1.959|1.769|2.269|2.079|2026-04-01
37468|1.769|1.769|2.099|2.099|2026-04-01
37471|1.85|1.85|2.18|2.18|2026-04-01
37472|1.967|1.747|2.273|2.053|2026-04-01
37473|NA|1.695|NA|2.049|2026-04-01
37480|NA|1.765|NA|2.17|2026-04-01
37483|1.834|1.834|2.165|2.165|2026-04-01
37484|1.834|1.834|2.165|2.165|2026-04-01
37489|NA|1.689|NA|2.029|2026-04-01
37493|1.739|1.739|2.059|2.059|2026-04-01
37499|2.037|1.819|2.377|2.159|2026-04-01
37500|1.942|1.737|2.25|2.045|2026-04-01
37502|1.925|1.715|2.238|2.028|2026-04-01
37507|2.054|1.674|2.308|1.928|2026-04-01
37508|NA|1.719|NA|2.089|2026-04-01
37512|NA|1.769|NA|2.129|2026-04-01
37517|1.809|1.809|2.179|2.179|2026-04-01
37522|NA|1.737|NA|2.033|2026-04-01
37531|NA|1.739|NA|2.019|2026-04-01
37533|NA|1.799|NA|2.109|2026-04-01
37537|NA|1.649|NA|1.949|2026-04-01
37540|1.759|1.759|2.169|2.169|2026-04-01
37541|1.96|1.75|2.309|2.099|2026-04-01
37544|1.937|1.717|2.255|2.035|2026-04-01
37545|2.406|1.759|2.749|2.099|2026-04-01
37554|1.962|1.732|2.268|2.048|2026-04-01
37558|1.977|1.777|2.337|2.137|2026-04-01
37566|NA|1.729|NA|2.119|2026-04-01
37567|1.879|1.779|2.15|2.05|2026-04-01
37575|1.799|NA|2.069|NA|2026-04-01
37576|1.897|NA|2.097|NA|2026-04-01
37579|1.968|1.758|2.368|2.158|2026-04-01
37581|1.73|1.73|2.05|2.05|2026-04-01
37584|1.929|1.719|2.269|2.059|2026-04-01
37585|1.95|1.73|2.253|2.033|2026-04-01
37589|1.945|1.725|2.248|2.028|2026-04-01
37599|1.718|1.718|2.044|2.044|2026-04-01
37602|NA|1.719|NA|2.099|2026-04-01
37603|NA|1.699|NA|2.099|2026-04-01
37606|NA|1.709|NA|2.069|2026-04-01
37607|NA|1.689|NA|2.069|2026-04-01
37608|NA|1.719|NA|2.099|2026-04-01
37613|1.829|1.729|2.129|2.029|2026-04-01
37614|1.745|1.745|2.048|2.048|2026-04-01
37621|NA|1.719|NA|2.099|2026-04-01
37623|1.895|1.685|2.295|2.085|2026-04-01
37626|1.95|1.73|2.26|2.04|2026-04-01
37628|1.829|1.729|2.159|2.059|2026-04-01
37631|2.029|1.759|2.369|2.099|2026-04-01
37634|1.774|1.774|2.114|2.114|2026-04-01
37635|1.964|1.754|2.314|2.104|2026-04-01
37636|1.695|1.695|1.995|1.995|2026-04-01
37639|2.159|1.809|2.509|2.159|2026-04-01
37641|NA|1.789|NA|2.059|2026-04-01
37643|NA|1.697|NA|2.017|2026-04-01
37648|1.729|1.729|1.999|1.999|2026-04-01
37651|2.019|1.769|2.319|2.069|2026-04-01
37655|NA|1.799|NA|NA|2026-04-01
37656|NA|1.779|NA|NA|2026-04-01
37664|2.149|1.899|2.469|2.219|2026-04-01
37665|1.859|1.779|2.239|2.159|2026-04-01
37666|NA|1.729|NA|2.097|2026-04-01
37667|2.014|1.809|2.364|2.159|2026-04-01
37668|1.929|1.749|2.329|2.149|2026-04-01
37676|1.729|1.689|2.079|2.029|2026-04-01
37678|1.952|1.742|2.255|2.045|2026-04-01
37680|1.999|1.999|2.299|2.299|2026-04-01
37688|2.039|1.784|2.374|2.119|2026-04-01
37689|NA|1.769|NA|2.179|2026-04-01
37690|1.949|1.739|2.249|2.039|2026-04-01
37696|NA|1.719|NA|2.099|2026-04-01
37697|1.899|NA|2.189|NA|2026-04-01
37699|1.945|1.725|2.253|2.033|2026-04-01
37700|1.945|1.732|2.261|2.048|2026-04-01
37704|1.929|1.729|2.229|2.029|2026-04-01
37707|NA|1.749|NA|2.149|2026-04-01
37708|1.719|NA|2.019|NA|2026-04-01
37720|2.169|1.919|2.449|2.199|2026-04-01
37725|1.865|1.665|2.205|2.005|2026-04-01
37726|1.959|1.759|2.299|2.099|2026-04-01
37727|2.019|1.719|2.359|2.059|2026-04-01
37731|NA|1.719|NA|2.159|2026-04-01
37732|NA|1.759|NA|2.099|2026-04-01
37736|1.779|1.729|2.039|1.989|2026-04-01
37737|1.967|1.747|2.273|2.053|2026-04-01
37738|1.967|1.747|2.273|2.053|2026-04-01
37740|1.965|1.965|2.177|2.177|2026-04-01
37752|1.925|1.745|2.285|2.105|2026-04-01
37758|NA|1.694|NA|2.039|2026-04-01
37759|2.009|1.799|2.309|2.099|2026-04-01
37760|1.909|1.759|2.289|2.139|2026-04-01
37761|1.868|1.769|2.238|2.139|2026-04-01
37763|NA|1.729|NA|2.099|2026-04-01
37765|2.089|1.789|2.459|2.159|2026-04-01
37766|NA|1.729|NA|2.089|2026-04-01
37767|NA|1.759|NA|2.139|2026-04-01
37768|NA|1.799|NA|2.099|2026-04-01
37769|NA|1.799|NA|2.099|2026-04-01
37770|NA|1.739|NA|2.079|2026-04-01
37772|NA|1.799|NA|2.149|2026-04-01
37775|1.698|1.698|2.045|2.045|2026-04-01
37777|1.735|1.735|2.055|2.055|2026-04-01
37781|NA|1.728|NA|2.098|2026-04-01
37802|NA|1.799|NA|2.099|2026-04-01
37804|NA|1.839|NA|2.129|2026-04-01
37827|1.789|1.789|2.159|2.159|2026-04-01
37828|1.729|1.729|2.079|2.079|2026-04-01
37830|1.899|1.749|2.249|2.099|2026-04-01
37831|1.955|1.735|2.253|2.033|2026-04-01
37837|1.849|1.729|2.199|2.079|2026-04-01
37840|2.069|1.819|2.409|2.159|2026-04-01
37846|NA|1.739|NA|1.999|2026-04-01
37847|1.942|1.732|2.245|2.035|2026-04-01
37848|NA|1.789|NA|2.079|2026-04-01
37849|NA|1.738|NA|1.998|2026-04-01
37851|NA|1.768|NA|2.068|2026-04-01
37852|1.809|1.809|2.149|2.149|2026-04-01
37855|1.929|1.719|2.309|2.099|2026-04-01
37859|1.888|1.688|2.179|1.979|2026-04-01
37861|2.184|1.811|2.524|2.151|2026-04-01
37866|1.719|1.719|2.079|2.079|2026-04-01
37870|1.759|1.759|2.059|2.059|2026-04-01
37872|NA|1.729|NA|2.129|2026-04-01
37877|NA|1.779|NA|2.139|2026-04-01
37879|2.057|1.796|2.327|2.066|2026-04-01
37895|1.979|1.779|2.349|2.149|2026-04-01
37896|NA|1.999|NA|2.199|2026-04-01
37897|NA|1.749|NA|2.099|2026-04-01
37906|NA|1.749|NA|2.149|2026-04-01
37909|1.959|1.709|2.379|2.129|2026-04-01
37910|1.949|1.699|2.349|2.099|2026-04-01
37916|NA|1.749|NA|2.069|2026-04-01
37918|1.799|1.799|2.049|2.049|2026-04-01
37922|1.929|1.719|2.299|2.089|2026-04-01
37927|1.937|1.717|2.265|2.045|2026-04-01
37928|1.739|1.739|2.078|2.078|2026-04-01
37933|NA|1.699|NA|2.099|2026-04-01
37937|1.838|1.738|2.088|1.988|2026-04-01
37939|1.848|1.748|2.199|2.099|2026-04-01
37946|NA|1.759|NA|2.099|2026-04-01
37960|2.019|1.829|2.369|2.159|2026-04-01
37961|1.929|1.729|2.269|2.069|2026-04-01
37962|2.117|1.797|2.427|2.087|2026-04-01
37965|2.199|1.909|2.399|2.269|2026-04-01
37966|1.939|1.739|2.259|2.059|2026-04-01
37968|1.839|1.839|2.149|2.149|2026-04-01
37970|NA|1.719|NA|2.039|2026-04-01
37982|1.789|1.789|2.149|2.149|2026-04-01
37986|1.949|1.739|NA|NA|2026-04-01
37987|1.939|1.737|2.097|2.053|2026-04-01
37990|1.969|1.769|2.339|2.139|2026-04-01
37996|NA|1.769|NA|2.079|2026-04-01
38000|1.819|1.699|2.119|1.999|2026-04-01
38009|NA|1.679|NA|1.969|2026-04-01
38013|NA|1.745|NA|2.045|2026-04-01
38017|NA|1.699|NA|2.049|2026-04-01
38019|NA|1.719|NA|1.999|2026-04-01
38020|1.698|1.698|2.013|2.013|2026-04-01
38021|NA|1.699|NA|2.049|2026-04-01
38031|1.789|1.789|2.149|2.149|2026-04-01
38034|1.789|NA|2.069|NA|2026-04-01
38037|1.869|1.729|2.179|2.039|2026-04-01
38039|NA|1.779|NA|2.149|2026-04-01
38043|NA|1.72|NA|2.058|2026-04-01
38044|1.797|1.797|2.097|2.097|2026-04-01
38050|NA|1.719|NA|2.119|2026-04-01
38051|NA|1.779|NA|2.139|2026-04-01
38052|1.999|1.799|2.299|2.099|2026-04-01
38065|1.92|1.695|2.26|2.035|2026-04-01
38067|1.987|1.837|2.359|2.179|2026-04-01
38070|1.749|1.749|2.059|2.059|2026-04-01
38075|NA|1.759|NA|2.159|2026-04-01
38076|NA|1.779|NA|2.099|2026-04-01
38079|1.859|1.739|2.229|2.109|2026-04-01
38083|2.039|1.789|2.379|2.129|2026-04-01
38088|1.952|1.732|2.25|2.03|2026-04-01
38098|1.869|1.699|2.209|2.039|2026-04-01
38099|1.919|NA|1.869|NA|2026-04-01
38102|2.036|1.786|2.396|2.146|2026-04-01
38107|NA|1.749|NA|2.099|2026-04-01
38115|1.798|1.698|2.088|1.988|2026-04-01
38120|NA|1.719|NA|2.099|2026-04-01
38122|NA|1.779|NA|2.049|2026-04-01
38123|NA|1.68|NA|1.985|2026-04-01
38124|NA|1.729|NA|2.149|2026-04-01
38125|1.989|1.789|2.339|2.139|2026-04-01
38129|1.989|1.739|2.299|2.049|2026-04-01
38131|1.739|NA|2.059|NA|2026-04-01
38133|1.729|1.729|2.069|2.069|2026-04-01
38134|2.039|1.739|2.379|2.079|2026-04-01
38136|NA|1.798|NA|2.158|2026-04-01
38144|1.942|1.732|2.245|2.035|2026-04-01
38150|NA|1.749|NA|2.099|2026-04-01
38152|1.769|1.769|2.159|2.159|2026-04-01
38154|1.749|1.749|2.049|2.049|2026-04-01
38156|1.749|NA|2.049|NA|2026-04-01
38157|1.807|1.747|2.107|2.047|2026-04-01
38158|1.779|NA|2.06|NA|2026-04-01
38160|1.859|1.769|2.139|2.049|2026-04-01
38163|NA|1.759|NA|2.049|2026-04-01
38174|1.896|NA|2.097|NA|2026-04-01
38178|1.739|1.739|2.087|2.087|2026-04-01
38190|1.799|1.789|2.049|2.039|2026-04-01
38192|1.909|1.709|2.029|1.829|2026-04-01
38198|2.029|1.819|2.309|2.099|2026-04-01
38200|1.716|1.716|2.056|2.056|2026-04-01
38209|1.959|1.759|2.299|2.099|2026-04-01
38214|1.745|1.745|2.065|2.065|2026-04-01
38216|NA|1.789|NA|2.159|2026-04-01
38228|1.935|1.725|2.245|2.035|2026-04-01
38231|1.699|1.699|2.049|2.049|2026-04-01
38232|1.849|1.849|2.079|2.079|2026-04-01
38233|1.899|1.899|2.159|2.159|2026-04-01
38235|1.789|1.789|2.089|2.089|2026-04-01
38252|NA|1.739|NA|2.059|2026-04-01
38256|NA|1.799|NA|2.099|2026-04-01
38260|NA|1.739|NA|2.039|2026-04-01
38261|1.915|1.715|2.235|2.035|2026-04-01
38263|1.979|1.779|2.349|2.149|2026-04-01
38266|2.129|1.779|2.489|2.139|2026-04-01
38267|1.999|1.799|2.359|2.159|2026-04-01
38268|NA|1.797|NA|2.097|2026-04-01
38277|1.839|1.839|2.179|2.179|2026-04-01
38280|NA|1.787|NA|2.159|2026-04-01
38281|1.999|1.799|2.299|2.099|2026-04-01
38282|1.947|1.732|2.259|2.048|2026-04-01
38283|1.957|1.732|2.273|2.048|2026-04-01
38292|NA|1.789|NA|2.129|2026-04-01
38304|1.95|1.73|2.253|2.033|2026-04-01
38312|1.999|1.799|2.378|2.178|2026-04-01
38313|1.93|1.72|2.218|2.008|2026-04-01
38317|NA|1.619|NA|1.889|2026-04-01
38318|1.819|1.719|2.119|2.019|2026-04-01
38320|1.759|1.709|2.119|2.069|2026-04-01
38321|1.919|1.699|2.259|2.039|2026-04-01
38329|NA|1.749|NA|2.099|2026-04-01
38333|1.93|1.72|2.255|2.045|2026-04-01
38336|NA|1.769|NA|2.129|2026-04-01
38339|1.969|1.776|2.309|2.116|2026-04-01
38340|NA|1.778|NA|2.099|2026-04-01
38341|1.969|1.769|2.339|2.139|2026-04-01
38342|1.656|1.656|1.686|1.686|2026-04-01
38348|NA|1.755|NA|2.059|2026-04-01
38349|1.759|1.759|2.039|2.039|2026-04-01
38354|1.957|1.737|2.265|2.045|2026-04-01
38355|1.849|1.749|2.239|2.139|2026-04-01
38356|1.779|1.779|2.099|2.099|2026-04-01
38360|1.97|1.75|2.319|2.099|2026-04-01
38364|NA|1.749|NA|2.119|2026-04-01
38369|1.849|1.749|2.209|2.109|2026-04-01
38372|1.947|1.737|2.243|2.033|2026-04-01
38376|1.95|1.73|2.24|2.02|2026-04-01
38377|1.957|1.737|2.265|2.045|2026-04-01
38380|NA|1.799|NA|2.149|2026-04-01
38381|NA|1.819|NA|2.219|2026-04-01
38383|NA|1.799|NA|2.159|2026-04-01
38387|1.749|1.749|2.049|2.049|2026-04-01
38389|1.979|1.769|2.279|2.069|2026-04-01
38392|NA|1.699|NA|2.079|2026-04-01
38395|1.899|NA|2.199|NA|2026-04-01
38397|1.909|1.759|2.279|2.129|2026-04-01
38402|2.058|1.828|2.376|2.146|2026-04-01
38404|NA|1.697|NA|2.077|2026-04-01
38405|1.919|1.719|2.279|2.079|2026-04-01
38410|1.899|1.699|2.289|2.089|2026-04-01
38414|NA|1.799|NA|2.149|2026-04-01
38416|1.945|1.725|2.248|2.028|2026-04-01
38418|1.74|NA|NA|NA|2026-04-01
38420|1.952|1.732|2.268|2.048|2026-04-01
38428|1.699|1.699|2.039|2.039|2026-04-01
38432|1.999|1.989|2.189|2.148|2026-04-01
38435|1.736|1.736|1.996|1.996|2026-04-01
38436|1.729|1.729|1.899|1.899|2026-04-01
38441|2.019|1.799|2.319|2.099|2026-04-01
38443|1.739|1.739|2.099|2.099|2026-04-01
38452|1.845|1.745|2.125|2.025|2026-04-01
38453|2.007|1.796|2.367|2.156|2026-04-01
38456|1.869|1.869|2.154|2.154|2026-04-01
38461|NA|1.699|NA|2.099|2026-04-01
38470|NA|1.699|NA|2.099|2026-04-01
38471|NA|1.765|NA|2.099|2026-04-01
38472|1.875|1.655|2.095|1.875|2026-04-01
38476|2.057|1.837|2.319|2.099|2026-04-01
38478|1.989|1.789|2.269|2.069|2026-04-01
38482|NA|1.755|NA|2.119|2026-04-01
38485|1.899|1.699|2.229|2.029|2026-04-01
38486|1.739|1.739|2.079|2.079|2026-04-01
38496|1.899|NA|2.099|NA|2026-04-01
38498|2.067|1.797|2.367|2.097|2026-04-01
38499|2.087|1.797|2.387|2.097|2026-04-01
38500|1.999|1.799|2.369|2.169|2026-04-01
38502|1.998|1.778|2.295|2.095|2026-04-01
38503|1.869|1.719|2.179|2.029|2026-04-01
38508|1.957|1.737|2.273|2.053|2026-04-01
38511|NA|1.785|NA|2.125|2026-04-01
38512|1.929|1.729|2.199|2.099|2026-04-01
38516|NA|1.999|NA|1.999|2026-04-01
38517|2.019|1.769|2.329|2.079|2026-04-01
38519|1.749|1.749|2.039|2.039|2026-04-01
38520|2.028|1.729|2.398|2.099|2026-04-01
38524|1.917|1.697|2.25|2.03|2026-04-01
38527|1.999|1.799|2.399|2.199|2026-04-01
38530|1.929|1.779|2.279|2.129|2026-04-01
38532|NA|1.769|NA|2.069|2026-04-01
38537|NA|1.759|NA|2.139|2026-04-01
38539|1.769|1.769|2.099|2.099|2026-04-01
38541|1.905|1.725|2.245|2.065|2026-04-01
38543|NA|1.719|NA|2.035|2026-04-01
38549|NA|1.739|NA|2.049|2026-04-01
38551|1.945|1.735|2.245|2.035|2026-04-01
38562|NA|1.789|NA|2.089|2026-04-01
38563|NA|1.779|NA|2.079|2026-04-01
38564|1.799|1.799|2.099|2.099|2026-04-01
38572|1.789|1.789|2.089|2.089|2026-04-01
38574|NA|1.846|NA|2.076|2026-04-01
38575|2.019|1.819|2.299|2.099|2026-04-01
38582|1.799|1.739|2.179|2.119|2026-04-01
38583|NA|1.675|NA|2.045|2026-04-01
38584|NA|1.709|NA|2.029|2026-04-01
38590|1.869|1.729|2.169|2.029|2026-04-01
38591|NA|1.728|NA|2.089|2026-04-01
38597|1.799|1.799|2.139|2.139|2026-04-01
38598|1.789|1.789|2.129|2.129|2026-04-01
38603|1.799|1.799|2.135|2.135|2026-04-01
38605|NA|1.749|NA|2.069|2026-04-01
38607|1.939|1.759|2.239|2.059|2026-04-01
38608|1.927|1.717|2.243|2.033|2026-04-01
38609|1.779|1.779|2.119|2.119|2026-04-01
38611|NA|1.765|NA|2.095|2026-04-01
38612|1.759|1.759|2.099|2.099|2026-04-01
38613|2.089|1.789|2.399|2.099|2026-04-01
38616|NA|1.759|NA|2.139|2026-04-01
38617|1.939|1.729|2.269|2.059|2026-04-01
38619|1.957|1.737|2.291|2.071|2026-04-01
38620|1.969|1.799|2.169|2.059|2026-04-01
38623|2.027|1.777|2.349|2.099|2026-04-01
38624|1.739|1.739|2.099|2.099|2026-04-01
38630|1.942|1.732|2.255|2.045|2026-04-01
38632|1.957|1.737|2.273|2.053|2026-04-01
38634|NA|1.777|NA|2.097|2026-04-01
38639|2.039|1.769|2.319|2.049|2026-04-01
38640|1.774|1.774|2.098|2.098|2026-04-01
38641|1.799|1.799|2.139|2.139|2026-04-01
38643|NA|1.789|NA|2.139|2026-04-01
38649|1.93|1.706|2.32|2.096|2026-04-01
38655|1.739|1.739|2.059|2.059|2026-04-01
38656|2.039|1.739|2.359|2.059|2026-04-01
38657|2.039|1.739|2.359|2.059|2026-04-01
38659|1.859|1.759|2.179|2.079|2026-04-01
38660|1.959|1.759|2.279|2.079|2026-04-01
38663|NA|1.719|NA|2.099|2026-04-01
38664|1.999|1.749|2.329|2.079|2026-04-01
38669|1.759|NA|2.089|NA|2026-04-01
38672|1.759|NA|2.099|NA|2026-04-01
38680|1.879|1.729|2.219|2.069|2026-04-01
38681|1.719|1.719|2.059|2.059|2026-04-01
38685|2.089|1.839|2.409|2.159|2026-04-01
38687|1.957|1.732|2.253|2.028|2026-04-01
38693|1.825|1.725|2.169|2.069|2026-04-01
38694|1.979|1.779|2.299|2.099|2026-04-01
38695|1.719|1.719|1.999|1.999|2026-04-01
38700|1.759|1.759|1.999|1.999|2026-04-01
38701|1.879|1.729|2.239|2.089|2026-04-01
38703|NA|1.759|NA|2.089|2026-04-01
38705|NA|1.759|NA|2.089|2026-04-01
38707|1.715|1.715|2.015|2.015|2026-04-01
38709|1.929|1.729|2.279|2.079|2026-04-01
38711|1.969|1.769|2.359|2.159|2026-04-01
38712|1.939|1.739|2.289|2.089|2026-04-01
38713|2.059|1.759|2.349|2.049|2026-04-01
38714|1.979|1.729|2.319|2.069|2026-04-01
38715|NA|1.774|NA|1.98|2026-04-01
38716|1.967|1.747|2.273|2.053|2026-04-01
38717|1.999|1.799|2.279|2.079|2026-04-01
38718|1.999|1.799|2.279|2.079|2026-04-01
38720|1.859|1.739|2.149|2.099|2026-04-01
38721|NA|1.779|NA|2.149|2026-04-01
38722|NA|1.724|NA|2.069|2026-04-01
38725|1.749|1.749|2.109|2.109|2026-04-01
38726|1.745|1.745|2.065|2.065|2026-04-01
38728|1.899|1.729|2.269|2.099|2026-04-01
38729|2.019|1.719|2.379|2.079|2026-04-01
38730|2.027|1.727|2.397|2.097|2026-04-01
38734|1.942|1.732|2.245|2.035|2026-04-01
38735|1.957|1.737|2.235|2.015|2026-04-01
38736|NA|1.709|NA|2.069|2026-04-01
38739|NA|1.779|NA|2.099|2026-04-01
38741|NA|1.779|NA|NA|2026-04-01
38743|NA|1.729|NA|2.099|2026-04-01
38747|NA|1.758|NA|2.098|2026-04-01
38749|1.919|1.739|2.249|2.069|2026-04-01
38750|1.999|1.799|2.269|2.069|2026-04-01
38751|1.849|1.849|2.169|2.169|2026-04-01
38752|1.922|1.712|2.245|2.035|2026-04-01
38753|1.925|1.715|2.225|2.015|2026-04-01
38756|NA|1.819|NA|2.169|2026-04-01
38758|1.809|1.809|2.151|2.151|2026-04-01
38759|NA|1.799|NA|2.099|2026-04-01
38760|1.799|1.699|2.139|2.039|2026-04-01
38761|NA|1.759|NA|2.059|2026-04-01
38763|2.099|1.799|2.375|2.075|2026-04-01
38772|NA|1.749|NA|1.999|2026-04-01
38776|1.789|1.749|2.159|2.119|2026-04-01
38779|1.999|1.799|2.329|2.129|2026-04-01
38781|NA|1.779|NA|NA|2026-04-01
38782|1.819|1.819|2.159|2.159|2026-04-01
38787|1.859|1.759|2.199|2.099|2026-04-01
38788|1.755|1.755|2.093|2.093|2026-04-01
38791|1.922|1.712|2.245|2.035|2026-04-01
38792|1.739|1.739|2.099|2.099|2026-04-01
38797|NA|1.749|NA|2.049|2026-04-01
38798|NA|1.729|NA|2.029|2026-04-01
38799|NA|1.769|NA|2.099|2026-04-01
38801|1.919|1.769|2.249|2.099|2026-04-01
38803|1.717|1.717|2.064|2.064|2026-04-01
38812|2.043|1.779|2.353|2.089|2026-04-01
38814|1.769|1.769|2.165|2.165|2026-04-01
38817|NA|1.759|NA|2.159|2026-04-01
38823|1.909|1.759|2.239|2.089|2026-04-01
38828|1.869|1.769|2.199|2.099|2026-04-01
38832|1.952|1.742|2.25|2.04|2026-04-01
38833|1.945|1.725|2.255|2.035|2026-04-01
38835|NA|1.709|NA|2.099|2026-04-01
38843|2.069|2.069|2.379|2.379|2026-04-01
38844|1.949|1.799|2.249|2.099|2026-04-01
38847|1.955|1.735|2.273|2.053|2026-04-01
38850|1.952|1.732|2.268|2.048|2026-04-01
38852|NA|1.669|NA|2.039|2026-04-01
38856|1.955|1.735|2.273|2.053|2026-04-01
38857|NA|1.729|NA|2.069|2026-04-01
38868|NA|1.756|NA|2.106|2026-04-01
38869|NA|1.699|NA|1.999|2026-04-01
38873|1.937|1.717|2.253|2.033|2026-04-01
38874|2.079|1.869|2.409|2.199|2026-04-01
38875|NA|1.898|NA|2.188|2026-04-01
38876|NA|1.759|NA|2.139|2026-04-01
38878|NA|1.729|NA|2.099|2026-04-01
38879|NA|1.709|NA|2.119|2026-04-01
38882|2.199|1.785|2.399|2.079|2026-04-01
38883|1.879|1.729|2.229|2.079|2026-04-01
38885|1.957|1.737|2.273|2.053|2026-04-01
38886|NA|1.709|NA|NA|2026-04-01
38887|NA|1.799|NA|2.149|2026-04-01
38889|NA|1.737|NA|2.053|2026-04-01
38890|1.737|1.737|2.053|2.053|2026-04-01
38892|1.899|1.749|2.199|2.049|2026-04-01
38898|NA|1.719|NA|2.129|2026-04-01
38909|NA|1.729|NA|2.129|2026-04-01
38910|NA|1.829|NA|2.119|2026-04-01
38912|1.894|1.674|1.929|1.709|2026-04-01
38920|1.937|1.717|2.253|2.033|2026-04-01
38925|2.049|1.799|2.419|2.169|2026-04-01
38928|1.759|1.759|2.099|2.099|2026-04-01
38930|NA|1.71|NA|2.029|2026-04-01
38931|1.935|1.725|2.245|2.035|2026-04-01
38935|1.999|1.799|2.349|2.149|2026-04-01
38936|1.97|1.75|2.259|2.039|2026-04-01
38938|2.009|1.799|2.309|2.099|2026-04-01
38941|1.996|1.866|2.312|2.182|2026-04-01
38944|1.715|1.715|2.015|2.015|2026-04-01
38947|NA|NA|NA|2.069|2026-04-01
38948|1.942|1.732|2.25|2.04|2026-04-01
38949|1.957|1.737|2.273|2.053|2026-04-01
38950|1.725|1.725|2.015|2.015|2026-04-01
38957|NA|1.778|NA|2.098|2026-04-01
38958|1.839|NA|2.179|NA|2026-04-01
38961|2.023|1.759|2.353|2.089|2026-04-01
38965|2.009|1.759|2.349|2.099|2026-04-01
38966|NA|1.779|NA|2.149|2026-04-01
38967|NA|1.717|NA|2.049|2026-04-01
38975|1.869|1.869|2.099|2.099|2026-04-01
38980|1.937|1.717|2.26|2.04|2026-04-01
38987|1.967|1.741|2.235|2.035|2026-04-01
38988|NA|1.789|NA|2.099|2026-04-01
38994|1.75|1.75|2.01|2.01|2026-04-01
38996|1.949|1.739|2.269|2.059|2026-04-01
38997|2.119|1.769|2.419|2.069|2026-04-01
39005|1.759|1.759|2.059|2.059|2026-04-01
39014|NA|1.719|NA|2.099|2026-04-01
39017|1.859|1.739|2.159|2.039|2026-04-01
39018|NA|1.739|NA|2.099|2026-04-01
39027|NA|1.759|NA|2.099|2026-04-01
39028|NA|1.789|NA|2.099|2026-04-01
39030|1.94|1.72|2.26|2.04|2026-04-01
39034|NA|1.729|NA|2.099|2026-04-01
39035|NA|1.749|NA|2.159|2026-04-01
39036|NA|1.799|NA|2.149|2026-04-01
39039|NA|1.729|NA|2.099|2026-04-01
39041|NA|1.729|NA|2.139|2026-04-01
39042|NA|1.749|NA|2.149|2026-04-01
39044|1.698|1.698|1.999|1.999|2026-04-01
39048|1.937|1.717|2.273|2.053|2026-04-01
39054|NA|1.759|NA|2.159|2026-04-01
39056|1.853|1.753|2.183|2.083|2026-04-01
39058|1.769|1.769|2.129|2.129|2026-04-01
39062|2.029|1.779|2.389|2.139|2026-04-01
39068|1.739|1.739|2.069|2.069|2026-04-01
39069|1.967|1.747|2.275|2.055|2026-04-01
39072|1.935|1.725|2.289|2.079|2026-04-01
39080|1.709|1.709|2.089|2.089|2026-04-01
39084|NA|1.717|NA|2.027|2026-04-01
39094|NA|1.819|NA|2.159|2026-04-01
39097|NA|1.799|NA|2.179|2026-04-01
39098|1.939|1.739|2.299|2.099|2026-04-01
39105|1.719|NA|2.039|NA|2026-04-01
39110|1.755|1.755|2.085|2.085|2026-04-01
39111|NA|1.729|NA|2.059|2026-04-01
39112|NA|1.699|NA|2.099|2026-04-01
39113|NA|1.769|NA|2.149|2026-04-01
39114|NA|1.799|NA|2.079|2026-04-01
39115|NA|1.829|NA|1.729|2026-04-01
39123|NA|1.729|NA|2.078|2026-04-01
39125|1.959|NA|2.317|NA|2026-04-01
39130|2.119|1.819|2.399|2.099|2026-04-01
39135|1.999|NA|2.229|NA|2026-04-01
39143|1.699|1.699|2.059|2.059|2026-04-01
39144|NA|1.747|NA|2.098|2026-04-01
39151|1.879|1.779|2.219|2.119|2026-04-01
39158|NA|1.699|NA|2.079|2026-04-01
39163|1.739|NA|2.069|NA|2026-04-01
39172|NA|1.799|NA|2.169|2026-04-01
39176|2.087|1.797|2.387|2.097|2026-04-01
39177|2.087|1.797|2.387|2.097|2026-04-01
39182|NA|1.789|NA|2.059|2026-04-01
39183|1.779|1.779|2.149|2.149|2026-04-01
39184|1.947|1.737|2.258|2.048|2026-04-01
39188|NA|1.779|NA|2.149|2026-04-01
39190|1.901|1.699|2.281|2.079|2026-04-01
39195|NA|1.737|NA|2.053|2026-04-01
39201|NA|1.749|NA|2.119|2026-04-01
39208|NA|1.717|NA|2.033|2026-04-01
39209|1.935|1.725|2.235|2.033|2026-04-01
39214|1.759|1.759|2.109|2.109|2026-04-01
39216|1.759|1.759|2.099|2.099|2026-04-01
39217|1.949|1.699|2.329|2.079|2026-04-01
39221|1.789|1.789|2.099|2.099|2026-04-01
39223|1.995|1.785|2.335|2.125|2026-04-01
39224|2.189|1.839|2.549|2.199|2026-04-01
39229|1.899|1.899|2.169|2.169|2026-04-01
39230|NA|1.729|NA|2.099|2026-04-01
39231|1.979|1.699|2.039|1.759|2026-04-01
39232|2.059|1.759|2.389|2.059|2026-04-01
39234|1.929|1.719|2.199|1.989|2026-04-01
39238|1.769|1.769|2.119|2.119|2026-04-01
39240|NA|1.732|NA|2.025|2026-04-01
39242|2.199|1.799|2.499|2.099|2026-04-01
39244|1.749|1.749|2.029|2.029|2026-04-01
39258|1.949|1.739|2.349|2.139|2026-04-01
39261|1.869|1.719|2.149|1.999|2026-04-01
39264|1.779|1.779|2.079|2.079|2026-04-01
39268|1.879|1.779|2.309|2.209|2026-04-01
39277|1.93|1.72|2.249|2.039|2026-04-01
39278|1.769|1.769|2.079|2.079|2026-04-01
39279|1.709|1.709|2.058|2.058|2026-04-01
39280|1.682|1.682|2.074|2.074|2026-04-01
39282|1.949|1.699|2.249|1.999|2026-04-01
39286|1.798|NA|2.158|NA|2026-04-01
39300|NA|1.737|NA|2.058|2026-04-01
39301|1.719|1.719|2.079|2.079|2026-04-01
39324|1.779|1.779|2.079|2.079|2026-04-01
39325|NA|1.759|NA|2.139|2026-04-01
39326|1.942|1.732|2.235|2.035|2026-04-01
39327|NA|1.722|NA|2.025|2026-04-01
39336|NA|1.779|NA|2.149|2026-04-01
39342|NA|1.739|NA|2.059|2026-04-01
39347|1.989|1.779|2.309|2.099|2026-04-01
39354|1.749|1.749|2.139|2.139|2026-04-01
39356|1.939|1.729|2.309|2.099|2026-04-01
39361|2.059|1.759|2.339|2.039|2026-04-01
39362|NA|1.749|NA|2.099|2026-04-01
39365|1.999|1.799|2.349|2.149|2026-04-01
39366|1.889|1.699|2.269|2.079|2026-04-01
39367|1.889|1.739|2.219|2.069|2026-04-01
39370|1.879|1.879|2.159|2.159|2026-04-01
39373|1.749|NA|2.129|NA|2026-04-01
39377|1.738|1.718|2.078|2.058|2026-04-01
39378|2.149|1.799|2.509|2.159|2026-04-01
39382|1.959|1.759|2.299|2.099|2026-04-01
39384|2.049|1.749|2.399|2.099|2026-04-01
39387|1.925|1.925|2.215|2.215|2026-04-01
39394|1.795|1.795|2.1|2.1|2026-04-01
39395|2.087|1.797|2.387|2.097|2026-04-01
39404|1.939|1.729|2.309|2.099|2026-04-01
39405|NA|1.769|NA|2.039|2026-04-01
39406|NA|1.729|NA|2.099|2026-04-01
39411|1.749|1.749|2.099|2.099|2026-04-01
39416|1.999|1.789|NA|NA|2026-04-01
39420|1.95|1.73|2.255|2.035|2026-04-01
39421|1.95|1.73|2.255|2.035|2026-04-01
39423|1.749|1.749|2.049|2.049|2026-04-01
39425|NA|1.799|NA|2.139|2026-04-01
39426|1.899|1.749|2.279|2.129|2026-04-01
39427|1.885|1.675|2.205|1.995|2026-04-01
39430|2.022|1.799|2.369|2.099|2026-04-01
39434|1.969|1.769|2.279|2.079|2026-04-01
39438|NA|1.709|NA|2.119|2026-04-01
39440|NA|1.779|NA|2.089|2026-04-01
39453|NA|NA|2.219|1.999|2026-04-01
39454|1.925|1.705|2.24|2.02|2026-04-01
39457|NA|1.759|NA|2.129|2026-04-01
39460|2.069|1.869|2.339|2.139|2026-04-01
39462|1.942|1.732|2.276|2.066|2026-04-01
39465|1.947|1.737|2.263|2.053|2026-04-01
39466|NA|1.749|NA|2.129|2026-04-01
39468|1.889|1.749|2.159|2.079|2026-04-01
39471|1.895|1.685|2.209|1.999|2026-04-01
39473|1.779|1.779|2.079|2.079|2026-04-01
39474|1.789|1.739|2.129|2.079|2026-04-01
39476|NA|1.809|NA|2.109|2026-04-01
39477|1.949|1.729|2.309|2.089|2026-04-01
39479|1.939|1.939|2.189|2.189|2026-04-01
39480|NA|1.749|NA|2.079|2026-04-01
39481|2.169|1.869|2.509|2.209|2026-04-01
39483|1.799|1.799|2.059|2.059|2026-04-01
39486|NA|1.768|NA|2.068|2026-04-01
39496|1.699|NA|1.995|NA|2026-04-01
39497|NA|1.695|NA|1.999|2026-04-01
39498|1.695|1.695|2.015|2.015|2026-04-01
39501|NA|1.779|NA|2.099|2026-04-01
39511|NA|1.899|NA|2.299|2026-04-01
39514|1.91|1.685|2.25|2.025|2026-04-01
39517|NA|1.769|NA|2.129|2026-04-01
39520|1.779|NA|2.079|NA|2026-04-01
39523|NA|1.699|NA|2.039|2026-04-01
39525|NA|1.759|NA|2.139|2026-04-01
39533|1.92|1.705|2.26|2.045|2026-04-01
39534|2.039|1.789|2.349|2.099|2026-04-01
39542|2.099|1.799|2.399|2.099|2026-04-01
39543|2.059|1.799|2.359|2.099|2026-04-01
39544|1.719|1.719|2.049|2.049|2026-04-01
39569|NA|1.694|NA|2.018|2026-04-01
39576|NA|1.91|NA|2.24|2026-04-01
39577|2.058|1.768|2.371|2.098|2026-04-01
39578|2.018|1.768|2.348|2.098|2026-04-01
39585|NA|1.799|NA|2.099|2026-04-01
39589|1.972|1.759|2.352|2.139|2026-04-01
39590|NA|1.769|NA|2.119|2026-04-01
39599|NA|1.796|NA|2.158|2026-04-01
39600|1.986|1.786|2.348|2.148|2026-04-01
39603|NA|1.91|NA|2.24|2026-04-01
39607|NA|1.704|NA|2.044|2026-04-01
39612|1.942|1.732|2.258|2.048|2026-04-01
39614|1.809|NA|2.139|NA|2026-04-01
39616|1.969|1.739|2.269|2.039|2026-04-01
39618|NA|1.749|NA|2.069|2026-04-01
39620|1.748|1.748|2.068|2.068|2026-04-01
39621|1.73|1.73|2.05|2.05|2026-04-01
39622|1.759|1.759|2.099|2.099|2026-04-01
39635|1.942|1.732|2.245|2.035|2026-04-01
39639|1.729|1.729|2.097|2.097|2026-04-01
39641|1.952|1.742|2.245|2.035|2026-04-01
39642|NA|1.899|NA|2.099|2026-04-01
39643|1.929|1.719|2.329|2.119|2026-04-01
39645|1.909|1.689|2.219|1.999|2026-04-01
39651|1.939|1.739|2.299|2.099|2026-04-01
39652|1.959|1.759|2.229|2.029|2026-04-01
39655|1.922|1.712|2.245|2.035|2026-04-01
39656|1.739|1.739|2.099|2.099|2026-04-01
39657|2.069|1.819|2.419|2.169|2026-04-01
39660|NA|1.739|NA|2.059|2026-04-01
39661|2.091|1.767|2.389|2.125|2026-04-01
39662|1.749|1.749|2.049|2.049|2026-04-01
39668|NA|1.718|NA|2.057|2026-04-01
39672|1.799|NA|2.149|NA|2026-04-01
39679|1.957|1.737|2.273|2.053|2026-04-01
39686|NA|1.765|NA|2.095|2026-04-01
39690|1.969|1.759|2.309|2.099|2026-04-01
39694|1.957|1.737|2.27|2.05|2026-04-01
39695|2.009|1.849|2.369|2.169|2026-04-01
39697|2.037|1.797|2.337|2.097|2026-04-01
39703|NA|1.779|NA|2.099|2026-04-01
39709|NA|1.779|NA|2.139|2026-04-01
39711|NA|1.719|NA|2.099|2026-04-01
39712|2.009|1.749|2.399|2.139|2026-04-01
39715|NA|1.749|NA|2.139|2026-04-01
39720|1.799|NA|2.099|NA|2026-04-01
39726|1.949|1.719|2.309|2.079|2026-04-01
39729|1.979|1.749|2.309|2.079|2026-04-01
39730|1.967|1.747|2.265|2.045|2026-04-01
39731|1.94|1.72|2.253|2.033|2026-04-01
39733|1.756|NA|2.056|NA|2026-04-01
39736|NA|1.849|NA|2.149|2026-04-01
39738|1.949|1.739|2.299|2.089|2026-04-01
39740|1.799|1.799|2.099|2.099|2026-04-01
39741|1.957|1.737|2.293|2.073|2026-04-01
39751|1.942|1.732|2.255|2.045|2026-04-01
39752|NA|1.749|NA|2.139|2026-04-01
39753|1.749|1.749|2.099|2.099|2026-04-01
39755|NA|1.779|NA|2.159|2026-04-01
39756|1.809|1.749|2.099|2.039|2026-04-01
39758|NA|1.769|NA|2.139|2026-04-01
39766|NA|1.739|NA|NA|2026-04-01
39769|1.905|1.695|2.245|2.035|2026-04-01
39771|1.919|1.699|2.269|2.049|2026-04-01
39772|NA|1.729|NA|2.059|2026-04-01
39780|NA|1.779|NA|2.139|2026-04-01
39782|1.799|1.799|2.069|2.069|2026-04-01
39783|1.745|1.745|2.065|2.065|2026-04-01
39789|1.799|NA|2.099|NA|2026-04-01
39790|1.957|1.737|2.273|2.053|2026-04-01
39793|1.957|1.737|2.253|2.033|2026-04-01
39801|1.799|1.799|2.069|2.069|2026-04-01
39804|1.999|1.799|2.398|2.198|2026-04-01
39805|1.899|1.719|2.299|2.099|2026-04-01
39821|1.749|NA|2.099|NA|2026-04-01
39823|2.069|1.849|2.409|2.189|2026-04-01
39824|1.759|1.759|2.059|2.059|2026-04-01
39827|NA|1.789|NA|2.129|2026-04-01
39828|1.715|NA|2.015|NA|2026-04-01
39829|1.957|1.737|2.273|2.053|2026-04-01
39831|1.937|1.712|2.253|2.028|2026-04-01
39839|1.927|1.717|2.245|2.035|2026-04-01
39841|1.929|1.779|2.299|2.149|2026-04-01
39853|NA|1.739|NA|2.099|2026-04-01
39858|2.009|1.809|2.329|2.129|2026-04-01
39860|1.899|NA|2.104|NA|2026-04-01
39863|1.849|NA|2.099|NA|2026-04-01
39865|2.099|1.889|2.417|2.207|2026-04-01
39867|1.983|1.773|2.305|2.115|2026-04-01
39868|1.907|1.697|2.225|2.015|2026-04-01
39869|1.957|1.737|2.273|2.053|2026-04-01
39875|2.199|1.739|2.499|1.999|2026-04-01
39876|1.859|1.769|2.099|2.089|2026-04-01
39880|1.957|1.737|2.265|2.045|2026-04-01
39883|NA|1.719|NA|2.099|2026-04-01
39884|1.942|1.732|2.258|2.048|2026-04-01
39892|NA|1.729|NA|2.079|2026-04-01
39893|1.957|1.737|2.24|2.02|2026-04-01
39895|1.797|NA|2.097|NA|2026-04-01
39896|1.95|1.73|2.255|2.035|2026-04-01
39902|1.927|1.717|2.245|2.035|2026-04-01
39906|1.949|1.749|2.249|2.049|2026-04-01
39911|1.945|1.725|2.26|2.04|2026-04-01
39912|1.778|1.778|2.148|2.148|2026-04-01
39915|2.199|1.699|2.499|1.999|2026-04-01
39921|1.823|1.823|2.165|2.165|2026-04-01
39925|NA|1.799|NA|1.559|2026-04-01
39929|NA|1.749|NA|2.089|2026-04-01
39932|1.979|1.769|2.389|2.179|2026-04-01
39933|1.915|1.705|2.218|2.008|2026-04-01
39944|1.798|1.798|2.129|2.129|2026-04-01
39951|NA|1.719|NA|2.099|2026-04-01
39953|1.739|1.739|2.079|2.079|2026-04-01
39956|1.877|1.877|2.08|2.08|2026-04-01
39961|NA|1.714|NA|2.074|2026-04-01
39971|NA|1.729|NA|2.039|2026-04-01
39975|1.697|1.697|2.017|2.017|2026-04-01
39986|NA|1.799|NA|2.129|2026-04-01
39987|1.849|1.759|2.188|2.098|2026-04-01
39989|NA|1.719|NA|2.099|2026-04-01
39990|1.745|1.745|2.065|2.065|2026-04-01
39994|1.797|NA|2.097|NA|2026-04-01
39995|NA|1.799|NA|2.139|2026-04-01
39996|2.209|1.869|2.539|2.199|2026-04-01
40005|1.947|1.737|2.263|2.053|2026-04-01
40006|1.959|1.769|2.289|2.099|2026-04-01
40018|NA|1.728|NA|2.098|2026-04-01
40021|NA|1.717|NA|2.033|2026-04-01
40027|1.922|1.712|2.238|2.028|2026-04-01
40031|1.829|1.717|2.095|2.077|2026-04-01
40040|1.942|1.732|2.238|2.028|2026-04-01
40042|1.989|1.779|2.309|2.099|2026-04-01
40043|1.975|1.725|2.295|2.045|2026-04-01
40044|1.969|1.769|2.299|2.099|2026-04-01
40045|NA|1.779|NA|2.149|2026-04-01
40046|NA|1.819|NA|2.129|2026-04-01
40049|1.955|1.745|2.215|2.005|2026-04-01
40050|1.925|1.745|2.275|2.095|2026-04-01
40054|1.997|1.997|1.995|1.995|2026-04-01
40065|1.93|1.72|2.299|2.089|2026-04-01
40066|NA|1.729|NA|2.099|2026-04-01
40068|2.059|1.759|2.369|2.069|2026-04-01
40069|1.967|1.747|2.265|2.045|2026-04-01
40073|1.957|1.737|2.273|2.053|2026-04-01
40076|2.019|1.759|2.349|2.089|2026-04-01
40077|1.759|1.759|2.089|2.089|2026-04-01
40078|NA|1.759|NA|2.129|2026-04-01
40079|NA|1.727|NA|2.069|2026-04-01
40081|NA|1.799|NA|2.169|2026-04-01
40082|NA|1.728|NA|2.011|2026-04-01
40083|NA|1.749|NA|2.079|2026-04-01
40085|1.729|1.729|2.069|2.069|2026-04-01
40087|NA|1.798|NA|2.148|2026-04-01
40089|1.935|1.725|2.245|2.035|2026-04-01
40092|1.917|1.697|2.233|2.013|2026-04-01
40093|NA|1.745|NA|2.095|2026-04-01
40094|NA|1.819|NA|2.139|2026-04-01
40095|1.957|1.737|2.273|2.053|2026-04-01
40098|NA|1.719|NA|2.059|2026-04-01
40102|1.759|1.759|2.099|2.099|2026-04-01
40104|2.247|1.897|2.437|2.087|2026-04-01
40112|NA|1.779|NA|2.119|2026-04-01
40115|1.819|1.819|2.119|2.119|2026-04-01
40118|1.905|1.695|2.245|2.035|2026-04-01
40122|NA|1.719|NA|2.059|2026-04-01
40123|2.039|1.789|2.409|2.159|2026-04-01
40126|1.915|1.705|2.245|2.035|2026-04-01
40131|NA|1.729|NA|2.089|2026-04-01
40134|2.159|1.854|2.449|2.144|2026-04-01
40135|1.799|1.799|2.119|2.119|2026-04-01
40139|2.069|1.819|2.409|2.159|2026-04-01
40142|1.752|1.752|2.114|2.114|2026-04-01
40144|NA|1.799|NA|2.109|2026-04-01
40149|NA|1.779|NA|2.099|2026-04-01
40152|1.922|1.712|2.245|2.035|2026-04-01
40155|1.799|1.699|2.219|2.119|2026-04-01
40157|1.949|1.949|2.299|2.299|2026-04-01
40158|NA|1.749|NA|2.159|2026-04-01
40159|1.929|1.799|2.279|2.149|2026-04-01
40161|1.868|1.868|2.118|2.118|2026-04-01
40166|2.129|1.879|2.449|2.199|2026-04-01
40170|1.759|1.759|2.082|2.082|2026-04-01
40171|NA|1.799|NA|2.129|2026-04-01
40173|1.879|1.729|2.189|2.039|2026-04-01
40178|NA|1.709|NA|2.099|2026-04-01
40179|NA|1.779|NA|2.149|2026-04-01
40180|NA|1.719|NA|2.139|2026-04-01
40183|1.799|1.799|2.099|2.099|2026-04-01
40185|1.928|1.728|2.269|2.069|2026-04-01
40186|NA|1.729|NA|2.059|2026-04-01
40189|NA|1.757|NA|2.027|2026-04-01
40200|1.943|1.733|2.325|2.135|2026-04-01
40205|NA|1.719|NA|2.079|2026-04-01
40208|1.955|1.735|2.255|2.035|2026-04-01
40212|NA|1.727|NA|1.647|2026-04-01
40213|NA|1.799|NA|2.099|2026-04-01
40218|2.003|1.796|2.293|2.086|2026-04-01
40220|1.993|1.833|2.355|2.165|2026-04-01
40227|1.799|1.799|2.099|2.099|2026-04-01
40229|NA|1.759|NA|2.059|2026-04-01
40236|2.199|1.899|2.399|2.198|2026-04-01
40240|1.799|1.749|2.119|2.069|2026-04-01
40242|2.099|1.799|2.389|2.089|2026-04-01
40243|2.099|1.799|2.399|2.099|2026-04-01
40244|NA|1.732|NA|2.035|2026-04-01
40250|1.699|1.699|2.089|2.089|2026-04-01
40251|NA|1.699|NA|1.989|2026-04-01
40253|1.899|1.769|2.159|2.159|2026-04-01
40254|1.959|1.759|2.339|2.139|2026-04-01
40260|NA|1.749|NA|2.089|2026-04-01
40263|NA|1.799|NA|2.139|2026-04-01
40264|1.999|1.759|2.339|2.099|2026-04-01
40265|1.919|1.799|2.179|2.059|2026-04-01
40266|2.019|1.739|2.359|2.079|2026-04-01
40270|1.749|1.749|2.119|2.119|2026-04-01
40271|1.939|1.759|2.269|2.089|2026-04-01
40276|1.942|1.732|2.245|2.035|2026-04-01
40280|2.069|1.779|2.439|2.149|2026-04-01
40286|1.769|1.769|2.069|2.069|2026-04-01
40298|1.687|NA|2.043|NA|2026-04-01
40299|1.699|1.699|2.045|2.045|2026-04-01
40304|1.979|1.779|2.309|2.109|2026-04-01
40307|1.846|1.846|2.099|2.099|2026-04-01
40308|1.729|1.729|2.129|2.129|2026-04-01
40311|NA|1.769|NA|2.099|2026-04-01
40312|NA|1.707|NA|2.037|2026-04-01
40313|NA|1.769|NA|2.099|2026-04-01
40315|2.129|1.879|2.449|2.199|2026-04-01
40316|NA|1.725|NA|2.015|2026-04-01
40322|1.967|1.747|2.275|2.055|2026-04-01
40324|1.839|1.649|2.149|1.959|2026-04-01
40325|1.859|1.759|2.149|2.049|2026-04-01
40329|1.949|1.749|2.269|2.069|2026-04-01
40330|1.989|1.889|2.299|2.199|2026-04-01
40332|1.799|1.699|2.099|1.999|2026-04-01
40335|1.749|1.749|2.129|2.129|2026-04-01
40339|1.967|1.747|2.265|2.045|2026-04-01
40342|2.087|1.797|2.387|2.097|2026-04-01
40343|1.989|1.789|2.379|2.179|2026-04-01
40344|2.028|1.828|2.379|2.179|2026-04-01
40345|1.799|1.799|2.159|2.159|2026-04-01
40351|NA|1.759|NA|2.079|2026-04-01
40352|1.779|1.779|2.099|2.099|2026-04-01
40353|1.759|1.759|NA|NA|2026-04-01
40358|NA|1.799|NA|2.099|2026-04-01
40359|NA|1.819|NA|2.119|2026-04-01
40367|2.029|1.779|2.349|2.099|2026-04-01
40369|NA|1.779|NA|2.099|2026-04-01
40372|2.019|1.799|2.319|2.099|2026-04-01
40373|1.942|1.732|2.258|2.048|2026-04-01
40376|1.929|1.699|2.289|2.059|2026-04-01
40377|1.759|1.759|2.099|2.099|2026-04-01
40378|1.957|1.737|2.253|2.033|2026-04-01
40380|2.129|1.779|2.499|2.149|2026-04-01
40383|1.957|1.737|2.265|2.045|2026-04-01
40384|2.179|1.809|2.529|2.159|2026-04-01
40386|NA|1.749|NA|2.149|2026-04-01
40393|1.769|NA|2.079|NA|2026-04-01
40398|1.797|1.797|2.099|2.099|2026-04-01
40399|1.749|NA|2.079|NA|2026-04-01
40405|1.95|1.85|2.1|2.05|2026-04-01
40412|1.999|1.799|2.349|2.149|2026-04-01
40413|2.049|1.799|2.399|2.149|2026-04-01
40414|2.049|1.749|2.379|2.079|2026-04-01
40424|NA|1.725|NA|2.079|2026-04-01
40426|2.149|1.799|2.509|2.159|2026-04-01
40428|1.999|1.799|2.399|2.189|2026-04-01
40431|1.799|1.799|2.159|2.159|2026-04-01
40436|2.069|1.719|2.449|2.099|2026-04-01
40439|2.008|1.759|2.348|2.099|2026-04-01
40448|2.129|1.779|2.459|2.109|2026-04-01
40449|NA|1.779|NA|2.159|2026-04-01
40450|1.937|1.717|2.255|2.035|2026-04-01
40452|1.736|1.736|2.076|2.076|2026-04-01
40454|1.849|1.699|2.179|2.029|2026-04-01
40457|1.795|1.795|2.045|2.045|2026-04-01
40460|1.949|1.739|2.249|2.039|2026-04-01
40462|1.952|1.742|2.265|2.055|2026-04-01
40467|2.049|1.799|2.309|2.059|2026-04-01
40470|1.899|1.899|2.099|2.099|2026-04-01
40472|2.049|1.779|2.409|2.139|2026-04-01
40474|1.799|1.799|2.179|2.179|2026-04-01
40478|1.979|1.779|2.359|2.159|2026-04-01
40480|1.799|1.799|2.159|2.159|2026-04-01
40481|1.799|1.799|2.079|2.079|2026-04-01
40482|1.858|1.858|2.098|2.098|2026-04-01
40485|NA|1.707|NA|2.037|2026-04-01
40491|1.757|1.757|2.087|2.087|2026-04-01
40495|2.099|1.899|2.299|2.099|2026-04-01
40497|1.839|1.689|2.149|1.999|2026-04-01
40498|1.988|1.838|2.338|2.188|2026-04-01
40500|1.897|1.757|2.217|2.077|2026-04-01
40503|1.699|NA|1.979|NA|2026-04-01
40509|1.957|1.737|2.26|2.04|2026-04-01
40514|1.847|1.747|2.177|2.077|2026-04-01
40521|2.65|NA|2.65|NA|2026-04-01
40524|1.959|1.796|2.299|2.166|2026-04-01
40525|1.981|1.786|2.351|2.156|2026-04-01
40533|1.967|1.747|2.275|2.055|2026-04-01
40535|1.795|1.795|2.045|2.045|2026-04-01
40536|1.949|1.729|2.389|2.119|2026-04-01
40539|1.759|1.759|NA|NA|2026-04-01
40541|1.939|1.739|2.269|2.069|2026-04-01
40543|2.029|1.779|2.349|2.099|2026-04-01
40544|1.989|1.749|2.299|2.059|2026-04-01
40546|1.989|1.839|2.239|2.089|2026-04-01
40548|1.799|1.799|2.099|2.099|2026-04-01
40550|NA|1.799|NA|2.099|2026-04-01
40563|1.869|1.749|2.209|2.089|2026-04-01
40565|1.729|1.729|2.069|2.069|2026-04-01
40566|1.779|1.779|2.099|2.099|2026-04-01
40572|NA|1.899|NA|2.259|2026-04-01
40585|2.129|1.909|2.439|2.219|2026-04-01
40586|1.749|1.749|2.089|2.089|2026-04-01
40587|1.769|NA|2.139|NA|2026-04-01
40590|1.942|1.732|2.258|2.048|2026-04-01
40591|1.957|1.732|2.273|2.048|2026-04-01
40596|1.749|1.699|2.079|2.029|2026-04-01
40597|1.799|1.799|2.099|2.099|2026-04-01
40598|1.899|1.679|2.239|2.019|2026-04-01
40600|1.769|1.769|2.059|2.059|2026-04-01
40621|NA|1.697|NA|2.057|2026-04-01
40626|NA|1.815|NA|2.165|2026-04-01
40627|1.729|1.729|2.097|2.097|2026-04-01
40628|2.016|1.799|2.303|2.086|2026-04-01
40630|1.952|1.742|2.258|2.048|2026-04-01
40634|NA|1.799|NA|2.139|2026-04-01
40635|NA|1.729|NA|2.039|2026-04-01
40636|NA|1.729|NA|2.179|2026-04-01
40637|NA|1.749|NA|2.099|2026-04-01
40639|NA|1.819|NA|2.159|2026-04-01
40640|NA|1.779|NA|2.129|2026-04-01
40641|1.729|1.729|2.089|2.089|2026-04-01
40646|1.769|1.769|2.119|2.119|2026-04-01
40648|1.789|NA|2.099|NA|2026-04-01
40655|1.739|1.739|2.038|2.038|2026-04-01
40656|1.789|NA|2.089|NA|2026-04-01
40657|1.799|1.799|2.059|2.059|2026-04-01
40670|1.957|1.737|2.291|2.071|2026-04-01
40673|2.149|2.149|2.429|2.429|2026-04-01
40675|1.899|1.699|2.239|2.039|2026-04-01
40676|NA|1.705|NA|2.025|2026-04-01
40677|1.939|1.739|2.199|2.059|2026-04-01
40678|1.779|1.779|2.139|2.139|2026-04-01
40679|2.079|1.779|2.459|2.159|2026-04-01
40680|1.909|1.719|2.309|2.119|2026-04-01
40684|2.069|1.819|2.379|2.129|2026-04-01
40685|1.929|1.779|2.209|2.059|2026-04-01
40691|2.017|1.804|2.307|2.094|2026-04-01
40697|1.788|NA|2.098|NA|2026-04-01
40705|1.773|1.773|2.105|2.105|2026-04-01
40706|NA|1.749|2.049|2.049|2026-04-01
40707|1.799|1.699|2.149|2.049|2026-04-01
40709|2.129|1.779|2.509|2.159|2026-04-01
40710|NA|1.729|NA|2.049|2026-04-01
40712|NA|1.749|NA|2.049|2026-04-01
40725|1.929|1.729|2.259|2.059|2026-04-01
40726|2.098|1.798|2.398|2.098|2026-04-01
40730|1.896|1.896|2.249|2.249|2026-04-01
40732|1.83|1.83|2.119|2.119|2026-04-01
40738|1.739|1.739|2.139|2.139|2026-04-01
40746|1.929|1.719|2.269|2.059|2026-04-01
40748|1.931|1.721|2.238|2.028|2026-04-01
40755|2.139|1.789|2.529|2.179|2026-04-01
40765|NA|1.719|NA|2.039|2026-04-01
40766|NA|1.709|NA|2.039|2026-04-01
40776|1.745|1.745|2.065|2.065|2026-04-01
40780|NA|1.739|NA|2.039|2026-04-01
40787|2.079|1.779|2.449|2.149|2026-04-01
40789|1.799|1.799|2.099|2.099|2026-04-01
40797|1.979|1.769|2.239|2.029|2026-04-01
40798|1.739|NA|1.999|NA|2026-04-01
40803|NA|1.719|NA|2.019|2026-04-01
40805|1.799|1.799|2.089|2.089|2026-04-01
40806|1.719|1.719|2.049|2.049|2026-04-01
40810|1.729|1.729|2.069|2.069|2026-04-01
40811|1.759|1.759|2.079|2.079|2026-04-01
40814|NA|1.739|NA|2.159|2026-04-01
40815|NA|1.759|NA|2.139|2026-04-01
40816|1.75|1.75|2.05|2.05|2026-04-01
40819|2.084|1.784|2.454|2.154|2026-04-01
40820|NA|1.715|NA|1.995|2026-04-01
40825|1.959|1.749|2.269|2.059|2026-04-01
40826|NA|1.729|NA|2.079|2026-04-01
40831|1.797|1.797|2.047|2.047|2026-04-01
40835|1.949|1.729|2.259|2.039|2026-04-01
40838|NA|1.737|NA|2.053|2026-04-01
40844|1.829|1.729|2.159|2.059|2026-04-01
40845|NA|1.729|NA|2.059|2026-04-01
40846|NA|1.759|NA|2.159|2026-04-01
40848|1.759|1.759|2.089|2.089|2026-04-01
40854|NA|1.669|NA|2.029|2026-04-01
40861|1.989|1.779|2.279|2.069|2026-04-01
40862|1.799|1.799|2.099|2.099|2026-04-01
40865|1.689|1.689|1.998|1.998|2026-04-01
40867|2.049|1.699|2.399|2.049|2026-04-01
40869|1.94|1.72|2.27|2.05|2026-04-01
40870|1.959|1.739|2.279|2.059|2026-04-01
40872|NA|1.879|NA|2.069|2026-04-01
40873|1.734|1.734|2.139|2.139|2026-04-01
40875|NA|1.709|NA|2.059|2026-04-01
40878|1.839|1.739|2.219|2.119|2026-04-01
40882|NA|1.759|NA|2.059|2026-04-01
40883|1.779|1.779|2.175|2.175|2026-04-01
40888|1.909|1.699|1.939|1.729|2026-04-01
40899|1.957|1.737|2.273|2.053|2026-04-01
40904|1.935|1.72|2.248|2.033|2026-04-01
40905|1.769|1.769|2.139|2.139|2026-04-01
40908|2.039|1.789|2.369|2.119|2026-04-01
40912|1.779|NA|2.089|NA|2026-04-01
40918|1.719|1.719|2.049|2.049|2026-04-01
40925|NA|1.779|NA|2.099|2026-04-01
40931|1.789|1.789|2.129|2.129|2026-04-01
40940|NA|1.839|NA|2.179|2026-04-01
40943|NA|1.668|NA|2.008|2026-04-01
40949|1.937|1.712|2.253|2.028|2026-04-01
40956|2.149|1.799|2.509|2.159|2026-04-01
40969|1.739|1.739|2.079|2.079|2026-04-01
40971|1.959|1.759|2.299|2.099|2026-04-01
40974|2.059|1.799|2.389|2.129|2026-04-01
40982|2.149|1.799|2.529|2.179|2026-04-01
40986|1.739|1.739|2.099|2.099|2026-04-01
40987|1.719|1.719|2.079|2.079|2026-04-01
40992|1.809|1.809|2.129|2.129|2026-04-01
40997|2.019|1.819|2.359|2.159|2026-04-01
41000|NA|1.729|NA|2.139|2026-04-01
41003|1.879|1.779|2.269|2.169|2026-04-01
41004|1.729|1.729|2.059|2.059|2026-04-01
41011|NA|1.799|NA|2.159|2026-04-01
41014|1.729|NA|2.089|NA|2026-04-01
41015|2.169|1.819|2.529|2.179|2026-04-01
41016|NA|1.717|NA|2.035|2026-04-01
41017|1.779|1.779|2.059|2.059|2026-04-01
41030|NA|1.809|NA|2.179|2026-04-01
41032|1.729|1.729|2.049|2.049|2026-04-01
41033|1.941|1.731|2.251|2.041|2026-04-01
41034|1.996|NA|2.196|NA|2026-04-01
41040|1.739|1.739|2.039|2.039|2026-04-01
41042|1.739|1.739|2.089|2.089|2026-04-01
41053|1.945|1.725|2.245|2.025|2026-04-01
41055|1.945|1.735|2.243|2.033|2026-04-01
41057|1.952|1.732|2.255|2.035|2026-04-01
41058|NA|1.719|NA|2.079|2026-04-01
41059|1.939|1.749|2.289|2.099|2026-04-01
41060|NA|1.745|NA|1.987|2026-04-01
41062|1.952|1.732|2.255|2.035|2026-04-01
41064|1.797|NA|2.097|NA|2026-04-01
41065|1.952|1.732|2.268|2.048|2026-04-01
41069|1.942|1.732|2.276|2.066|2026-04-01
41070|NA|1.729|NA|2.089|2026-04-01
41071|1.739|NA|2.079|NA|2026-04-01
41077|1.749|1.749|2.129|2.129|2026-04-01
41081|2.199|1.898|2.399|2.178|2026-04-01
41084|2.199|1.777|2.399|2.097|2026-04-01
41085|2.199|1.794|2.399|2.111|2026-04-01
41090|1.979|1.779|2.34|2.149|2026-04-01
41091|NA|1.759|NA|2.179|2026-04-01
41093|2.129|1.949|2.489|2.309|2026-04-01
41095|1.957|1.737|2.255|2.035|2026-04-01
41096|1.799|1.739|2.119|2.059|2026-04-01
41097|1.789|1.729|2.099|2.039|2026-04-01
41098|1.749|1.749|2.079|2.079|2026-04-01
41099|NA|1.749|NA|2.119|2026-04-01
41100|1.789|1.789|2.059|2.059|2026-04-01
41101|NA|1.729|NA|2.039|2026-04-01
41102|1.979|1.979|2.209|2.209|2026-04-01
41103|NA|1.729|NA|2.079|2026-04-01
41104|NA|1.739|NA|2.079|2026-04-01
41105|NA|1.749|NA|2.099|2026-04-01
41106|NA|1.819|NA|2.169|2026-04-01
41108|1.949|1.732|2.329|2.105|2026-04-01
41109|NA|1.699|NA|2.089|2026-04-01
41110|1.819|1.719|2.199|2.099|2026-04-01
41111|NA|1.719|NA|2.099|2026-04-01
41112|NA|1.719|NA|2.089|2026-04-01
41116|NA|1.759|NA|2.089|2026-04-01
41117|1.957|1.732|2.253|2.028|2026-04-01
41122|1.769|1.769|2.099|2.099|2026-04-01
41123|2.099|1.899|2.299|2.099|2026-04-01
41125|NA|1.699|NA|2.039|2026-04-01
41126|2.099|1.799|2.399|2.099|2026-04-01
41128|2.049|1.799|2.379|2.129|2026-04-01
41129|2.149|1.779|2.519|2.149|2026-04-01
41134|1.949|1.699|2.329|2.079|2026-04-01
41141|1.799|1.799|2.199|2.199|2026-04-01
41142|NA|1.709|NA|2.129|2026-04-01
41144|2.169|1.819|2.409|2.059|2026-04-01
41145|1.959|1.759|2.259|2.059|2026-04-01
41146|1.848|1.749|2.238|2.139|2026-04-01
41153|1.959|1.779|2.279|2.099|2026-04-01
41167|1.967|1.747|2.273|2.053|2026-04-01
41168|1.849|1.849|2.099|2.099|2026-04-01
41177|1.829|1.749|2.179|2.099|2026-04-01
41184|NA|1.799|NA|2.089|2026-04-01
41185|1.937|1.717|2.271|2.051|2026-04-01
41187|NA|1.699|NA|1.999|2026-04-01
41190|1.952|1.742|2.258|2.048|2026-04-01
41191|1.999|1.999|2.04|2.04|2026-04-01
41197|NA|1.699|NA|2.029|2026-04-01
41201|2.028|1.829|2.338|2.129|2026-04-01
41203|1.729|1.729|2.059|2.059|2026-04-01
41207|1.899|1.899|2.109|2.109|2026-04-01
41212|1.794|1.794|2.134|2.134|2026-04-01
41213|1.794|NA|2.134|NA|2026-04-01
41215|1.894|1.794|2.064|2.064|2026-04-01
41219|2.099|1.749|2.439|2.089|2026-04-01
41220|1.945|1.725|2.255|2.035|2026-04-01
41221|2.16|1.91|2.41|2.16|2026-04-01
41226|1.699|1.699|2.029|2.029|2026-04-01
41228|1.945|1.745|2.299|2.099|2026-04-01
41229|NA|1.799|NA|2.169|2026-04-01
41232|NA|1.799|NA|2.089|2026-04-01
41235|1.73|1.73|2.05|2.05|2026-04-01
41238|1.819|1.819|2.159|2.159|2026-04-01
41239|NA|1.747|NA|2.067|2026-04-01
41256|1.839|1.739|2.169|2.069|2026-04-01
41257|NA|1.759|NA|2.099|2026-04-01
41258|1.695|1.695|1.995|1.995|2026-04-01
41259|1.858|1.759|2.168|2.069|2026-04-01
41262|1.899|1.799|2.199|2.099|2026-04-01
41264|NA|1.799|NA|2.169|2026-04-01
41265|1.877|1.777|2.199|2.099|2026-04-01
41273|1.993|1.769|2.409|2.185|2026-04-01
41278|NA|1.739|NA|2.099|2026-04-01
41281|1.769|1.769|2.179|2.179|2026-04-01
41283|1.909|1.699|2.269|2.059|2026-04-01
41285|1.839|1.739|2.189|2.089|2026-04-01
41289|1.699|NA|2.039|NA|2026-04-01
41291|NA|1.729|NA|2.099|2026-04-01
41292|NA|1.769|NA|2.159|2026-04-01
41295|1.939|1.759|2.279|2.099|2026-04-01
41303|NA|1.732|NA|2.035|2026-04-01
41304|1.942|1.732|2.245|2.035|2026-04-01
41309|1.893|1.893|2.01|2.01|2026-04-01
41310|1.969|1.769|2.329|2.129|2026-04-01
41312|1.769|1.769|2.137|2.137|2026-04-01
41318|1.979|1.729|2.319|2.069|2026-04-01
41321|1.709|1.709|2.019|2.019|2026-04-01
41332|1.759|1.759|2.099|2.099|2026-04-01
41335|NA|1.794|NA|2.084|2026-04-01
41338|1.959|1.759|2.299|2.099|2026-04-01
41340|NA|1.739|NA|2.059|2026-04-01
41341|1.954|1.759|2.304|2.099|2026-04-01
41362|1.939|1.739|2.295|2.095|2026-04-01
41364|NA|1.769|NA|1.999|2026-04-01
41367|NA|1.799|NA|2.179|2026-04-01
41368|1.799|1.799|2.099|2.099|2026-04-01
41369|NA|1.674|NA|2.038|2026-04-01
41371|1.699|1.699|2.03|1.97|2026-04-01
41376|NA|1.749|NA|2.129|2026-04-01
41377|1.957|1.737|2.265|2.045|2026-04-01
41380|1.759|1.759|2.089|2.089|2026-04-01
41384|1.915|1.712|2.245|2.035|2026-04-01
41387|NA|1.797|NA|2.119|2026-04-01
41391|2.003|1.796|2.306|2.099|2026-04-01
41399|1.759|1.759|2.099|2.099|2026-04-01
41400|NA|1.899|NA|2.199|2026-04-01
41401|NA|1.725|NA|2.035|2026-04-01
41402|NA|1.799|NA|2.099|2026-04-01
41404|NA|1.689|NA|2.059|2026-04-01
41409|1.957|1.737|2.293|2.073|2026-04-01
41410|1.789|1.789|2.139|2.139|2026-04-01
41413|1.925|1.725|2.285|2.085|2026-04-01
41418|1.759|1.759|2.079|2.079|2026-04-01
41425|1.967|1.747|2.265|2.045|2026-04-01
41427|1.957|1.737|2.255|2.035|2026-04-01
41431|2.058|1.758|2.298|1.198|2026-04-01
41433|1.973|1.763|2.295|2.105|2026-04-01
41436|NA|1.779|NA|2.059|2026-04-01
41437|2.019|1.769|2.249|1.999|2026-04-01
41438|2.029|1.819|2.309|2.099|2026-04-01
41439|1.949|1.739|2.309|2.099|2026-04-01
41444|2.009|1.799|2.349|2.139|2026-04-01
41446|1.832|1.832|2.131|2.131|2026-04-01
41453|1.967|1.747|2.273|2.053|2026-04-01
41457|1.917|1.692|2.233|2.008|2026-04-01
41462|1.747|1.687|2.067|2.017|2026-04-01
41467|1.957|1.737|2.26|2.04|2026-04-01
41470|NA|1.899|NA|2.159|2026-04-01
41472|2.003|1.796|2.373|2.156|2026-04-01
41477|NA|1.766|NA|2.09|2026-04-01
41480|2.089|1.789|2.359|2.059|2026-04-01
41488|NA|1.739|NA|2.069|2026-04-01
41493|NA|1.729|NA|2.059|2026-04-01
41494|1.749|1.749|2.129|2.129|2026-04-01
41495|2.099|1.799|2.399|2.099|2026-04-01
41497|1.919|1.699|1.859|1.639|2026-04-01
41498|2.1|NA|2.3|NA|2026-04-01
41500|1.924|1.771|2.238|2.085|2026-04-01
41502|1.939|1.939|2.199|2.199|2026-04-01
41506|1.799|1.799|2.129|2.129|2026-04-01
41508|1.967|1.747|2.265|2.045|2026-04-01
41511|1.849|1.749|2.199|2.099|2026-04-01
41518|2.087|1.797|2.387|2.097|2026-04-01
41522|2.019|1.769|2.249|1.999|2026-04-01
41527|1.779|NA|2.079|NA|2026-04-01
41530|1.957|1.737|2.253|2.033|2026-04-01
41532|1.799|1.799|2.099|2.099|2026-04-01
41533|NA|1.699|NA|2.039|2026-04-01
41534|2.109|1.799|2.409|2.099|2026-04-01
41535|1.93|1.72|2.238|2.028|2026-04-01
41548|1.979|1.979|2.199|2.199|2026-04-01
41549|1.999|1.699|2.399|1.999|2026-04-01
41553|1.999|1.789|1.959|1.749|2026-04-01
41557|NA|1.809|NA|2.105|2026-04-01
41558|1.799|1.799|2.119|2.119|2026-04-01
41559|1.939|1.739|2.269|2.069|2026-04-01
41560|1.92|1.698|2.26|2.037|2026-04-01
41563|1.978|1.779|2.248|2.049|2026-04-01
41569|1.939|1.769|2.269|2.099|2026-04-01
41574|NA|1.779|NA|2.079|2026-04-01
41575|1.925|1.705|2.255|2.035|2026-04-01
41589|1.779|1.779|2.059|2.059|2026-04-01
41590|2.099|1.799|2.359|2.059|2026-04-01
41594|2.009|1.799|2.309|2.099|2026-04-01
41599|1.967|1.747|2.275|2.055|2026-04-01
41604|1.849|1.719|2.209|2.079|2026-04-01
41605|1.978|1.768|2.278|2.068|2026-04-01
41608|NA|1.779|NA|2.069|2026-04-01
41612|1.879|1.729|2.209|2.059|2026-04-01
41619|NA|1.697|NA|2.097|2026-04-01
41620|1.799|1.799|2.05|2.05|2026-04-01
41623|1.942|1.732|2.258|2.048|2026-04-01
41625|1.957|1.737|2.293|2.073|2026-04-01
41626|1.875|1.675|2.169|1.969|2026-04-01
41627|1.719|1.719|2.049|2.049|2026-04-01
41629|NA|1.759|NA|2.129|2026-04-01
41633|1.825|1.825|2.145|2.145|2026-04-01
41635|1.819|1.819|2.179|2.179|2026-04-01
41636|1.739|1.739|2.069|2.069|2026-04-01
41637|NA|1.749|NA|2.059|2026-04-01
41642|1.779|1.779|1.999|1.999|2026-04-01
41645|1.699|1.699|2.059|2.059|2026-04-01
41646|NA|1.729|NA|2.079|2026-04-01
41648|1.879|1.779|2.15|2.05|2026-04-01
41661|1.999|1.799|2.319|2.119|2026-04-01
41662|1.745|1.745|2.065|2.065|2026-04-01
41664|NA|1.799|NA|2.099|2026-04-01
41667|NA|1.719|NA|2.119|2026-04-01
41668|1.769|NA|2.119|NA|2026-04-01
41669|1.908|1.758|2.288|2.138|2026-04-01
41671|1.969|1.769|2.329|2.129|2026-04-01
41674|2.069|1.769|2.359|2.099|2026-04-01
41678|NA|1.699|NA|2.069|2026-04-01
41679|NA|1.749|NA|2.129|2026-04-01
41680|2.169|1.819|2.479|2.149|2026-04-01
41683|NA|1.719|NA|2.129|2026-04-01
41684|NA|1.739|NA|2.129|2026-04-01
41686|1.877|1.797|2.147|2.067|2026-04-01
41688|2.069|1.769|2.419|2.119|2026-04-01
41694|NA|1.697|NA|2.017|2026-04-01
41695|NA|1.817|NA|2.157|2026-04-01
41698|NA|1.779|NA|2.079|2026-04-01
41701|1.699|1.699|1.979|1.979|2026-04-01
41703|1.739|1.739|1.979|1.979|2026-04-01
41704|1.779|NA|2.049|NA|2026-04-01
41711|NA|1.909|NA|2.199|2026-04-01
41717|1.909|NA|2.019|NA|2026-04-01
41719|1.839|1.839|2.159|2.159|2026-04-01
41720|1.769|NA|2.149|NA|2026-04-01
41723|1.859|1.759|2.198|2.098|2026-04-01
41730|1.919|1.719|2.239|2.039|2026-04-01
41732|1.729|1.729|2.089|2.089|2026-04-01
41735|1.899|1.899|1.999|1.999|2026-04-01
41739|2.009|1.799|2.309|2.099|2026-04-01
41743|1.689|1.689|2.039|2.039|2026-04-01
41744|1.689|1.689|2.039|2.039|2026-04-01
41745|1.689|1.689|2.039|2.039|2026-04-01
41747|NA|1.769|NA|NA|2026-04-01
41748|NA|1.699|NA|2.109|2026-04-01
41749|1.919|1.719|2.339|2.139|2026-04-01
41752|NA|1.725|NA|2.035|2026-04-01
41753|1.969|1.749|2.289|2.069|2026-04-01
41757|1.799|1.699|2.129|2.029|2026-04-01
41760|2.029|1.759|2.369|2.099|2026-04-01
41761|1.909|1.759|2.229|2.079|2026-04-01
41762|1.729|1.729|2.049|2.049|2026-04-01
41766|1.897|NA|2.097|NA|2026-04-01
41771|1.949|1.759|2.289|2.099|2026-04-01
41774|1.825|1.725|2.145|2.045|2026-04-01
41775|2.049|1.799|2.399|2.149|2026-04-01
41776|1.957|1.747|2.249|2.039|2026-04-01
41777|2.069|1.769|2.479|2.179|2026-04-01
41778|2.019|1.769|2.369|2.119|2026-04-01
41782|NA|1.768|NA|2.059|2026-04-01
41792|NA|1.737|NA|2.057|2026-04-01
41795|1.749|1.749|2.129|2.129|2026-04-01
41798|1.719|1.719|2.069|2.069|2026-04-01
41799|1.718|1.718|2.078|2.078|2026-04-01
41800|NA|1.718|NA|2.078|2026-04-01
41808|1.899|1.719|2.279|2.099|2026-04-01
41813|1.717|1.717|2.067|2.067|2026-04-01
41820|1.698|1.698|2.058|2.058|2026-04-01
41821|1.755|1.755|2.093|2.093|2026-04-01
41823|1.947|1.737|2.263|2.053|2026-04-01
41831|NA|1.749|NA|2.039|2026-04-01
41833|1.967|1.747|2.273|2.053|2026-04-01
41837|1.849|1.749|2.249|2.149|2026-04-01
41840|NA|1.717|NA|2.007|2026-04-01
41841|1.949|1.739|2.269|2.059|2026-04-01
41846|1.829|1.829|2.099|2.099|2026-04-01
41853|1.978|1.778|2.299|2.099|2026-04-01
41856|1.749|1.749|2.099|2.099|2026-04-01
41857|NA|1.749|NA|2.089|2026-04-01
41858|1.937|1.737|2.247|2.047|2026-04-01
41859|1.939|1.739|2.299|2.099|2026-04-01
41860|1.759|1.759|2.159|2.159|2026-04-01
41862|1.779|1.779|2.129|2.129|2026-04-01
41864|NA|1.779|NA|1.969|2026-04-01
41876|1.757|1.737|2.087|2.067|2026-04-01
41879|1.879|1.879|2.079|2.079|2026-04-01
41880|1.739|1.739|2.019|2.019|2026-04-01
41881|NA|1.729|NA|2.039|2026-04-01
41883|1.989|1.749|2.349|2.139|2026-04-01
41885|1.919|1.719|1.849|1.649|2026-04-01
41887|2.079|1.779|2.449|2.149|2026-04-01
41895|NA|1.774|NA|2.029|2026-04-01
41897|2.004|1.779|2.334|2.109|2026-04-01
41898|1.799|1.799|2.169|2.169|2026-04-01
41903|1.739|1.739|2.069|2.069|2026-04-01
41904|NA|1.819|NA|2.149|2026-04-01
41909|NA|1.689|NA|2.059|2026-04-01
41910|2.039|1.759|2.379|2.099|2026-04-01
41912|1.8|1.7|2.199|2.099|2026-04-01
41915|NA|1.759|NA|2.099|2026-04-01
41916|NA|1.737|NA|2.037|2026-04-01
41917|NA|1.759|NA|2.169|2026-04-01
41919|1.93|1.71|2.209|1.989|2026-04-01
41921|1.759|NA|2.069|NA|2026-04-01
41926|NA|1.799|NA|2.159|2026-04-01
41927|2.047|1.797|2.387|2.137|2026-04-01
41931|1.899|1.899|2.139|2.139|2026-04-01
41932|NA|1.799|NA|2.199|2026-04-01
41933|1.939|1.739|2.299|2.099|2026-04-01
41936|1.909|1.739|2.239|2.069|2026-04-01
41939|1.97|1.77|2.299|2.099|2026-04-01
41941|1.859|1.649|1.849|1.639|2026-04-01
41942|NA|1.749|NA|2.109|2026-04-01
41945|1.959|1.859|2.099|1.999|2026-04-01
41953|NA|1.779|NA|2.049|2026-04-01
41956|2.099|1.799|2.399|2.099|2026-04-01
41959|NA|1.759|NA|2.179|2026-04-01
41961|NA|1.899|NA|2.199|2026-04-01
41962|1.949|1.769|2.279|2.099|2026-04-01
41963|1.947|1.737|2.255|2.045|2026-04-01
41965|NA|1.729|NA|2.119|2026-04-01
41971|1.85|1.85|2.194|2.194|2026-04-01
41976|1.699|1.699|2.039|2.039|2026-04-01
41977|1.758|1.758|2.099|2.099|2026-04-01
41978|NA|1.72|NA|2.05|2026-04-01
41979|NA|1.749|NA|2.159|2026-04-01
41983|1.957|1.732|2.26|2.035|2026-04-01
41984|1.699|1.699|2.059|2.059|2026-04-01
41990|1.664|1.664|1.994|1.994|2026-04-01
41994|NA|1.698|NA|2.028|2026-04-01
41995|1.839|1.839|2.099|2.099|2026-04-01
41998|1.739|1.739|1.999|1.999|2026-04-01
42001|1.947|1.737|2.263|2.053|2026-04-01
42004|1.829|1.789|2.179|2.139|2026-04-01
42007|NA|1.749|NA|2.099|2026-04-01
42008|1.729|1.729|2.097|2.097|2026-04-01
42009|1.799|1.799|2.099|2.099|2026-04-01
42012|1.789|1.789|2.119|2.119|2026-04-01
42014|1.979|1.779|2.339|2.139|2026-04-01
42015|1.943|1.733|2.295|2.105|2026-04-01
42016|NA|1.749|NA|2.099|2026-04-01
42020|NA|1.769|NA|2.129|2026-04-01
42023|2.159|1.779|2.479|2.099|2026-04-01
42024|1.729|1.729|2.069|2.069|2026-04-01
42027|1.869|1.779|2.189|2.089|2026-04-01
42030|1.709|1.709|2.069|2.069|2026-04-01
42031|NA|1.729|NA|2.129|2026-04-01
42034|NA|1.819|NA|2.139|2026-04-01
42035|NA|1.769|NA|2.099|2026-04-01
42036|NA|1.749|NA|2.119|2026-04-01
42038|1.779|1.779|2.059|2.059|2026-04-01
42039|1.959|1.759|2.339|2.139|2026-04-01
42042|2.009|1.799|2.259|2.049|2026-04-01
42043|1.795|1.795|2.195|2.195|2026-04-01
42046|1.945|1.725|2.265|2.045|2026-04-01
42053|1.819|NA|2.109|NA|2026-04-01
42054|1.969|1.759|2.219|2.009|2026-04-01
42057|1.979|1.779|2.349|2.149|2026-04-01
42059|NA|1.747|NA|2.077|2026-04-01
42063|1.889|1.699|2.259|2.069|2026-04-01
42071|1.769|1.769|NA|NA|2026-04-01
42072|1.749|1.749|2.089|2.089|2026-04-01
42073|1.957|1.737|2.265|2.045|2026-04-01
42074|2.109|1.799|2.409|2.099|2026-04-01
42086|1.749|NA|2.049|NA|2026-04-01
42095|NA|1.709|NA|2.089|2026-04-01
42098|NA|1.709|NA|2.059|2026-04-01
42100|NA|1.799|NA|2.099|2026-04-01
42101|NA|1.789|NA|2.169|2026-04-01
42106|1.689|NA|1.899|NA|2026-04-01
42108|2.029|1.749|2.379|2.099|2026-04-01
42114|1.957|1.737|2.273|2.053|2026-04-01
42117|NA|1.719|NA|2.119|2026-04-01
42118|1.919|1.779|2.139|2.119|2026-04-01
42123|1.799|1.799|2.049|2.049|2026-04-01
42124|2.169|1.819|2.449|2.149|2026-04-01
42125|2.059|1.779|2.395|2.115|2026-04-01
42126|1.957|1.737|2.26|2.04|2026-04-01
42135|2.069|1.769|2.379|2.079|2026-04-01
42136|1.979|1.769|2.389|2.179|2026-04-01
42138|NA|1.729|NA|2.079|2026-04-01
42146|1.983|1.766|2.343|2.126|2026-04-01
42150|1.989|1.749|2.359|2.119|2026-04-01
42162|NA|1.717|NA|2.033|2026-04-01
42164|1.73|1.73|2.08|2.08|2026-04-01
42178|1.959|1.759|2.299|2.099|2026-04-01
42179|1.833|1.833|2.167|2.167|2026-04-01
42180|1.899|NA|1.999|NA|2026-04-01
42182|2.279|2.279|2.289|2.289|2026-04-01
42188|NA|1.759|NA|2.099|2026-04-01
42189|NA|1.759|NA|2.129|2026-04-01
42190|1.957|1.737|2.273|2.053|2026-04-01
42191|2.199|1.698|2.499|2.098|2026-04-01
42204|1.897|1.897|2.097|2.097|2026-04-01
42205|NA|1.799|NA|2.099|2026-04-01
42206|1.889|1.689|2.239|2.039|2026-04-01
42208|1.919|1.799|2.219|2.099|2026-04-01
42213|1.914|1.914|2.292|2.169|2026-04-01
42214|NA|1.729|NA|2.099|2026-04-01
42216|1.899|NA|2.169|NA|2026-04-01
42218|1.812|1.799|2.299|2.059|2026-04-01
42219|1.949|1.749|2.279|2.079|2026-04-01
42222|NA|1.759|NA|2.119|2026-04-01
42224|1.829|1.729|2.169|2.069|2026-04-01
42225|1.789|1.789|2.099|2.099|2026-04-01
42228|1.957|1.737|2.265|2.045|2026-04-01
42231|1.952|1.742|2.258|2.048|2026-04-01
42233|NA|1.739|NA|NA|2026-04-01
42234|1.869|1.769|2.239|2.139|2026-04-01
42241|1.939|1.739|2.099|2.059|2026-04-01
42243|NA|1.7|NA|2.049|2026-04-01
42247|1.789|1.789|2.109|2.109|2026-04-01
42251|1.669|1.669|2.019|2.019|2026-04-01
42253|2.289|1.789|2.609|2.139|2026-04-01
42259|1.739|1.739|2.069|2.069|2026-04-01
42264|1.957|1.737|2.265|2.045|2026-04-01
42266|1.799|1.799|2.099|2.099|2026-04-01
42267|1.968|1.769|2.348|2.149|2026-04-01
42268|1.749|1.749|2.129|2.129|2026-04-01
42274|NA|1.728|NA|2.018|2026-04-01
42276|1.959|1.759|2.329|2.129|2026-04-01
42277|1.949|1.729|2.007|1.787|2026-04-01
42278|1.942|1.732|2.245|2.035|2026-04-01
42283|1.799|1.799|1.999|1.999|2026-04-01
42286|NA|1.779|NA|2.139|2026-04-01
42297|1.829|1.729|2.199|2.099|2026-04-01
42301|1.967|1.747|2.283|2.063|2026-04-01
42306|1.739|1.739|2.039|2.039|2026-04-01
42308|NA|1.779|NA|2.139|2026-04-01
42310|1.969|1.769|2.239|2.039|2026-04-01
42313|1.969|1.759|2.269|2.059|2026-04-01
42320|1.969|1.759|2.269|2.059|2026-04-01
42321|1.759|NA|2.099|NA|2026-04-01
42323|NA|1.768|NA|2.118|2026-04-01
42324|NA|1.727|NA|2.057|2026-04-01
42327|1.957|1.737|2.26|2.04|2026-04-01
42332|NA|1.717|NA|2.11|2026-04-01
42333|1.903|1.903|2.3|2.3|2026-04-01
42338|NA|1.779|NA|2.149|2026-04-01
42339|1.949|1.779|2.269|2.099|2026-04-01
42341|1.739|1.699|2.029|1.959|2026-04-01
42348|1.925|1.705|2.233|2.013|2026-04-01
42350|NA|1.735|NA|2.045|2026-04-01
42352|2.089|1.839|2.409|2.159|2026-04-01
42355|2.039|1.839|2.309|2.159|2026-04-01
42357|1.969|1.759|2.269|2.059|2026-04-01
42363|1.699|NA|2.099|NA|2026-04-01
42364|NA|1.73|NA|2.068|2026-04-01
42365|NA|1.799|NA|2.099|2026-04-01
42368|NA|1.759|NA|2.029|2026-04-01
42370|1.949|1.759|2.319|2.129|2026-04-01
42371|1.957|1.737|2.273|2.053|2026-04-01
42376|1.699|1.699|2.059|2.059|2026-04-01
42383|1.759|1.759|2.099|2.099|2026-04-01
42384|NA|1.717|NA|2.033|2026-04-01
42392|2.129|1.779|2.509|2.159|2026-04-01
42393|1.942|1.732|2.258|2.048|2026-04-01
42394|NA|1.729|NA|2.089|2026-04-01
42395|1.859|1.759|2.139|2.039|2026-04-01
42399|2.109|1.779|2.429|2.099|2026-04-01
42402|1.957|1.737|2.253|2.033|2026-04-01
42403|1.849|1.749|2.139|2.039|2026-04-01
42405|1.729|NA|2.049|NA|2026-04-01
42407|2.009|1.799|2.339|2.129|2026-04-01
42408|1.789|1.789|2.089|2.089|2026-04-01
42410|2.019|1.799|2.349|2.129|2026-04-01
42411|NA|1.749|NA|2.119|2026-04-01
42413|1.679|NA|2.039|NA|2026-04-01
42415|1.77|NA|1.795|NA|2026-04-01
42417|1.769|1.769|2.079|2.079|2026-04-01
42420|2.099|1.799|2.398|2.168|2026-04-01
42421|2.099|1.799|2.399|2.099|2026-04-01
42424|NA|1.799|NA|2.149|2026-04-01
42425|1.979|1.769|2.299|2.089|2026-04-01
42428|1.819|1.819|2.149|2.149|2026-04-01
42435|NA|1.799|NA|2.055|2026-04-01
42440|2.189|1.789|2.499|2.099|2026-04-01
42445|1.955|1.735|2.273|2.053|2026-04-01
42447|1.779|1.779|2.079|2.079|2026-04-01
42450|1.95|1.73|2.253|2.033|2026-04-01
42451|1.899|1.699|2.269|2.069|2026-04-01
42457|1.723|NA|1.993|NA|2026-04-01
42460|1.799|1.767|2.149|2.097|2026-04-01
42462|NA|1.693|NA|1.999|2026-04-01
42468|NA|1.759|NA|2.019|2026-04-01
42469|1.839|1.739|2.169|2.069|2026-04-01
42474|1.759|1.759|2.079|2.079|2026-04-01
42479|1.899|1.899|1.999|1.999|2026-04-01
42480|1.689|1.689|1.958|1.958|2026-04-01
42488|1.957|1.737|2.265|2.045|2026-04-01
42494|1.897|NA|2.097|NA|2026-04-01
42497|1.929|1.729|2.239|2.039|2026-04-01
42498|2.059|1.759|2.349|2.049|2026-04-01
42510|NA|1.749|NA|2.039|2026-04-01
42514|2.059|1.759|2.369|2.069|2026-04-01
42519|1.747|1.747|2.067|2.067|2026-04-01
42523|1.729|NA|2.129|NA|2026-04-01
42524|NA|1.729|NA|2.049|2026-04-01
42525|1.708|NA|2.088|NA|2026-04-01
42534|1.759|NA|2.099|NA|2026-04-01
42537|1.799|1.799|2.129|2.129|2026-04-01
42538|1.799|1.799|2.129|2.129|2026-04-01
42539|1.797|1.797|2.139|2.139|2026-04-01
42547|NA|1.679|NA|1.989|2026-04-01
42549|1.889|1.729|2.249|2.089|2026-04-01
42550|NA|1.749|NA|2.069|2026-04-01
42552|1.909|1.759|2.249|2.099|2026-04-01
42553|2.099|1.799|2.379|2.079|2026-04-01
42554|2.099|1.799|2.369|2.069|2026-04-01
42555|NA|1.799|NA|2.099|2026-04-01
42557|2.039|NA|2.059|NA|2026-04-01
42563|1.799|1.799|2.149|2.149|2026-04-01
42566|1.799|1.739|2.179|2.119|2026-04-01
42568|NA|1.729|NA|2.059|2026-04-01
42570|1.829|1.829|2.069|2.069|2026-04-01
42571|1.957|1.737|NA|NA|2026-04-01
42573|1.597|1.597|1.667|1.667|2026-04-01
42576|1.955|1.735|2.253|2.033|2026-04-01
42579|1.965|1.745|2.253|2.033|2026-04-01
42588|1.919|1.799|2.169|2.049|2026-04-01
42598|1.779|1.779|1.999|1.999|2026-04-01
42600|1.759|NA|2.099|NA|2026-04-01
42601|NA|1.719|NA|2.039|2026-04-01
42603|1.958|1.709|2.298|2.049|2026-04-01
42605|1.809|1.809|2.159|2.159|2026-04-01
42618|2.059|1.799|2.329|2.069|2026-04-01
42630|1.819|NA|2.109|NA|2026-04-01
42632|NA|1.729|NA|2.079|2026-04-01
42633|1.935|1.725|2.238|2.028|2026-04-01
42636|2.029|1.784|2.374|2.124|2026-04-01
42638|1.955|1.735|2.253|2.033|2026-04-01
42640|NA|1.739|NA|2.059|2026-04-01
42644|1.859|1.859|2.189|2.189|2026-04-01
42658|1.739|1.739|2.039|2.039|2026-04-01
42659|1.729|1.729|2.059|2.059|2026-04-01
42670|1.979|1.779|2.349|2.149|2026-04-01
42671|1.947|1.737|2.255|2.045|2026-04-01
42677|1.809|NA|2.149|NA|2026-04-01
42679|NA|1.775|NA|2.075|2026-04-01
42682|1.979|1.759|2.279|2.059|2026-04-01
42689|1.91|1.7|2.263|2.053|2026-04-01
42697|1.779|1.719|2.149|2.089|2026-04-01
42698|1.959|1.759|2.279|2.079|2026-04-01
42699|2.009|1.759|2.329|2.079|2026-04-01
42700|1.94|1.72|2.273|2.053|2026-04-01
42709|1.899|1.899|2.129|2.129|2026-04-01
42710|1.748|1.748|2.148|2.148|2026-04-01
42711|1.805|1.805|2.115|2.115|2026-04-01
42713|1.859|1.739|2.219|2.099|2026-04-01
42714|1.759|1.759|2.139|2.139|2026-04-01
42715|NA|1.679|NA|1.999|2026-04-01
42717|NA|1.737|NA|2.057|2026-04-01
42723|1.648|NA|1.998|NA|2026-04-01
42728|1.899|1.749|2.279|2.129|2026-04-01
42734|1.799|NA|2.099|NA|2026-04-01
42737|1.849|1.849|2.099|2.099|2026-04-01
42745|1.77|1.72|2.1|2.05|2026-04-01
42755|1.889|1.689|2.239|2.039|2026-04-01
42760|1.889|1.739|2.189|2.039|2026-04-01
42763|NA|1.739|NA|NA|2026-04-01
42770|1.739|1.739|2.069|2.069|2026-04-01
42771|NA|1.739|NA|2.069|2026-04-01
42772|NA|1.739|NA|2.069|2026-04-01
42776|1.869|1.719|2.169|2.019|2026-04-01
42778|1.819|1.729|2.179|2.089|2026-04-01
42780|NA|1.959|NA|2.259|2026-04-01
42785|1.957|1.737|2.265|2.045|2026-04-01
42793|1.679|1.679|2.019|2.019|2026-04-01
42799|NA|1.749|NA|2.079|2026-04-01
42800|1.739|1.739|NA|NA|2026-04-01
42803|1.7|NA|1.9|NA|2026-04-01
42806|NA|1.919|NA|2.189|2026-04-01
42808|1.899|1.799|2.219|2.119|2026-04-01
42809|2.019|1.819|2.329|2.129|2026-04-01
42811|1.78|1.78|2.12|2.12|2026-04-01
42818|1.725|1.725|1.995|1.995|2026-04-01
42822|NA|1.729|NA|2.059|2026-04-01
42823|NA|1.729|NA|2.059|2026-04-01
42829|1.749|1.749|2.049|2.049|2026-04-01
42830|1.699|1.699|1.689|1.689|2026-04-01
42831|2.135|1.945|2.449|2.239|2026-04-01
42833|1.819|1.819|2.049|2.049|2026-04-01
42834|1.959|1.759|2.299|2.099|2026-04-01
42836|NA|1.759|NA|2.139|2026-04-01
42839|NA|1.719|NA|2.099|2026-04-01
42843|1.689|1.689|2.039|2.039|2026-04-01
42847|1.959|1.729|2.289|2.059|2026-04-01
42848|NA|1.747|NA|2.077|2026-04-01
42854|1.967|1.767|2.269|2.069|2026-04-01
42857|NA|1.699|NA|1.999|2026-04-01
42859|2.069|1.869|2.299|2.099|2026-04-01
42865|1.74|1.74|2.02|2.02|2026-04-01
42866|1.695|1.695|2.075|2.075|2026-04-01
42867|1.84|1.82|2.2|2.18|2026-04-01
42875|1.779|NA|2.099|NA|2026-04-01
42877|1.989|1.779|2.309|2.099|2026-04-01
42880|NA|1.749|NA|2.139|2026-04-01
42882|1.989|1.779|2.289|2.079|2026-04-01
42883|1.935|1.735|2.279|2.079|2026-04-01
42888|2.059|1.759|2.399|2.099|2026-04-01
42892|NA|1.799|NA|2.179|2026-04-01
42893|NA|1.799|NA|2.159|2026-04-01
42896|1.957|1.737|2.273|2.053|2026-04-01
42897|NA|1.747|NA|2.077|2026-04-01
42899|NA|1.727|NA|2.057|2026-04-01
42902|1.929|1.729|2.299|2.099|2026-04-01
42903|1.998|1.798|2.299|2.099|2026-04-01
42909|NA|1.747|NA|2.077|2026-04-01
42914|1.95|1.73|2.26|2.04|2026-04-01
42916|NA|1.719|NA|2.089|2026-04-01
42919|NA|1.759|NA|2.089|2026-04-01
42921|1.759|1.759|2.159|2.159|2026-04-01
42923|NA|1.799|NA|2.099|2026-04-01
42927|1.719|1.719|2.029|2.029|2026-04-01
42932|1.819|1.819|2.139|2.139|2026-04-01
42939|1.957|1.737|2.253|2.033|2026-04-01
42942|1.957|1.737|2.291|2.053|2026-04-01
42947|1.817|1.817|2.197|2.197|2026-04-01
42949|1.949|1.699|2.319|2.049|2026-04-01
42950|NA|1.855|NA|2.125|2026-04-01
42952|1.759|1.759|2.139|2.139|2026-04-01
42956|1.945|1.735|2.258|2.048|2026-04-01
42961|1.945|1.735|2.245|2.035|2026-04-01
42963|1.957|1.737|2.253|2.033|2026-04-01
42965|1.955|1.735|2.253|2.033|2026-04-01
42977|1.819|NA|2.159|NA|2026-04-01
42978|2.099|1.799|2.399|2.099|2026-04-01
42984|2.039|1.829|2.379|2.169|2026-04-01
42986|NA|1.729|NA|2.099|2026-04-01
42987|1.794|NA|2.171|NA|2026-04-01
42994|1.729|1.729|2.069|2.069|2026-04-01
43003|1.889|1.739|2.249|2.099|2026-04-01
43008|NA|1.819|NA|2.149|2026-04-01
43011|1.749|NA|2.069|NA|2026-04-01
43012|1.785|NA|2.145|NA|2026-04-01
43015|1.977|1.767|2.335|2.125|2026-04-01
43017|NA|1.695|NA|2.075|2026-04-01
43019|1.957|1.737|2.26|2.04|2026-04-01
43020|1.957|1.737|2.26|2.04|2026-04-01
43023|1.739|1.739|2.119|2.119|2026-04-01
43030|1.759|1.759|2.049|2.049|2026-04-01
43032|1.759|1.759|2.045|2.045|2026-04-01
43034|1.989|1.789|2.289|2.089|2026-04-01
43036|2.009|1.899|2.359|2.169|2026-04-01
43038|1.959|1.759|2.309|2.109|2026-04-01
43046|1.93|1.71|2.233|2.013|2026-04-01
43049|1.699|NA|1.999|NA|2026-04-01
43054|1.799|1.799|2.079|2.079|2026-04-01
43056|NA|1.797|NA|2.057|2026-04-01
43059|1.799|1.799|2.099|2.099|2026-04-01
43061|1.775|1.775|2.119|2.119|2026-04-01
43064|NA|1.759|NA|2.069|2026-04-01
43072|1.955|1.715|2.175|1.935|2026-04-01
43073|1.734|1.73|2.054|2.05|2026-04-01
43077|NA|1.717|NA|2.035|2026-04-01
43078|1.819|1.819|2.119|2.119|2026-04-01
43079|2.069|1.769|2.399|2.099|2026-04-01
43080|NA|1.759|NA|2.059|2026-04-01
43081|1.899|1.799|2.169|2.069|2026-04-01
43082|1.709|1.709|1.999|1.999|2026-04-01
43084|1.957|1.737|2.273|2.053|2026-04-01
43088|1.789|1.789|2.099|2.099|2026-04-01
43090|1.949|1.759|NA|NA|2026-04-01
43091|1.799|1.799|2.139|2.139|2026-04-01
43092|NA|1.759|NA|2.139|2026-04-01
43098|NA|1.72|NA|2.05|2026-04-01
43099|1.957|1.737|2.255|2.035|2026-04-01
43106|1.719|1.719|2.079|2.079|2026-04-01
43107|1.937|1.717|2.253|2.033|2026-04-01
43109|1.919|1.719|2.279|2.079|2026-04-01
43111|1.929|1.719|2.289|2.079|2026-04-01
43113|NA|1.817|NA|2.157|2026-04-01
43121|NA|1.729|NA|2.099|2026-04-01
43122|NA|1.719|NA|2.079|2026-04-01
43124|NA|1.729|NA|2.039|2026-04-01
43128|1.749|1.749|2.059|2.059|2026-04-01
43130|1.967|1.747|2.273|2.053|2026-04-01
43143|NA|1.709|NA|2.089|2026-04-01
43144|1.942|1.732|2.258|2.048|2026-04-01
43147|1.942|1.732|2.258|2.048|2026-04-01
43155|NA|1.759|NA|2.119|2026-04-01
43159|1.749|1.749|1.949|1.949|2026-04-01
43162|NA|1.769|NA|2.159|2026-04-01
43165|1.719|1.719|2.069|2.069|2026-04-01
43166|NA|1.709|NA|2.049|2026-04-01
43168|NA|1.789|NA|2.089|2026-04-01
43169|1.927|1.747|2.257|2.077|2026-04-01
43173|2.027|1.759|2.357|2.089|2026-04-01
43177|1.809|1.809|2.139|2.139|2026-04-01
43179|1.929|1.759|2.289|2.119|2026-04-01
43180|1.829|1.689|2.089|2.069|2026-04-01
43194|1.979|1.779|2.229|2.029|2026-04-01
43195|1.799|1.729|2.069|1.999|2026-04-01
43198|1.749|1.749|2.099|2.099|2026-04-01
43200|1.759|1.759|2.059|2.059|2026-04-01
43201|1.769|NA|2.109|NA|2026-04-01
43207|1.919|1.799|2.219|2.099|2026-04-01
43209|1.973|1.749|2.313|2.089|2026-04-01
43214|1.809|1.809|2.059|2.059|2026-04-01
43215|1.949|1.739|2.319|2.109|2026-04-01
43220|NA|1.659|NA|1.989|2026-04-01
43221|1.849|1.849|1.989|1.989|2026-04-01
43224|1.789|1.789|2.129|2.129|2026-04-01
43229|1.729|1.729|2.029|2.029|2026-04-01
43230|2.299|1.799|2.389|2.089|2026-04-01
43234|1.759|1.759|2.069|2.069|2026-04-01
43236|1.947|1.729|2.307|2.089|2026-04-01
43239|1.739|1.739|NA|NA|2026-04-01
43241|1.965|1.715|2.339|2.089|2026-04-01
43243|NA|1.69|NA|2.025|2026-04-01
43246|2.093|1.839|2.353|2.099|2026-04-01
43252|NA|1.737|NA|2.045|2026-04-01
43259|NA|1.749|NA|2.169|2026-04-01
43262|1.919|1.729|2.289|2.099|2026-04-01
43266|1.958|1.739|2.258|2.039|2026-04-01
43271|NA|1.769|NA|2.069|2026-04-01
43278|NA|1.799|NA|2.159|2026-04-01
43279|NA|1.739|NA|2.079|2026-04-01
43280|NA|1.779|NA|2.099|2026-04-01
43281|NA|1.789|NA|2.159|2026-04-01
43292|1.929|1.789|1.939|1.939|2026-04-01
43294|1.925|1.715|2.238|2.028|2026-04-01
43299|NA|1.728|NA|2.098|2026-04-01
43300|1.679|1.679|2.069|2.069|2026-04-01
43304|NA|1.747|NA|2.047|2026-04-01
43305|NA|1.687|NA|1.989|2026-04-01
43306|1.965|1.745|2.265|2.045|2026-04-01
43307|1.879|1.879|NA|NA|2026-04-01
43316|1.885|1.695|2.235|2.045|2026-04-01
43318|1.942|1.732|2.258|2.048|2026-04-01
43320|1.729|1.729|2.089|2.089|2026-04-01
43322|NA|1.759|NA|2.149|2026-04-01
43325|1.768|1.698|2.119|2.049|2026-04-01
43331|2.135|1.835|2.448|2.148|2026-04-01
43332|2.019|1.769|2.349|2.099|2026-04-01
43334|NA|1.749|NA|1.999|2026-04-01
43336|1.749|1.749|2.129|2.129|2026-04-01
43340|1.942|1.732|2.258|2.048|2026-04-01
43343|2.059|1.759|2.359|2.059|2026-04-01
43347|1.957|1.737|2.253|2.033|2026-04-01
43348|1.749|1.749|2.029|2.029|2026-04-01
43352|1.913|1.748|2.202|2.037|2026-04-01
43355|NA|1.747|NA|2.077|2026-04-01
43356|1.969|1.759|2.269|2.059|2026-04-01
43358|NA|1.829|NA|2.084|2026-04-01
43361|2.029|1.779|2.369|2.119|2026-04-01
43363|1.855|1.855|2.085|2.085|2026-04-01
43364|1.855|1.855|2.085|2.085|2026-04-01
43367|1.759|1.759|2.009|2.009|2026-04-01
43369|NA|1.729|NA|1.949|2026-04-01
43371|1.819|1.819|2.039|2.039|2026-04-01
43373|2.019|1.772|2.369|2.122|2026-04-01
43380|1.899|1.799|2.199|2.099|2026-04-01
43382|1.738|1.738|2.078|2.078|2026-04-01
43384|1.739|1.739|2.059|2.059|2026-04-01
43386|NA|1.799|NA|2.149|2026-04-01
43387|1.832|1.832|2.165|2.165|2026-04-01
43388|1.942|1.732|2.25|2.04|2026-04-01
43393|1.957|1.737|2.255|2.035|2026-04-01
43394|NA|1.739|NA|2.129|2026-04-01
43397|NA|1.749|NA|2.169|2026-04-01
43398|1.799|1.799|2.089|2.089|2026-04-01
43405|NA|1.747|NA|2.053|2026-04-01
43409|1.833|1.833|2.166|2.166|2026-04-01
43411|NA|1.729|NA|2.159|2026-04-01
43415|NA|1.849|NA|2.179|2026-04-01
43416|1.735|NA|2.095|NA|2026-04-01
43419|NA|1.798|NA|2.069|2026-04-01
43420|1.749|1.749|2.049|2.049|2026-04-01
43421|1.879|1.729|2.239|2.089|2026-04-01
43427|NA|1.699|NA|2.059|2026-04-01
43429|NA|1.749|NA|2.099|2026-04-01
43430|2.039|1.889|2.249|2.099|2026-04-01
43432|NA|1.769|NA|2.169|2026-04-01
43439|1.929|1.732|2.099|2.035|2026-04-01
43441|1.998|1.798|2.378|2.178|2026-04-01
43446|1.999|1.799|2.359|2.159|2026-04-01
43449|1.955|1.735|2.255|2.035|2026-04-01
43454|1.999|1.799|2.379|2.179|2026-04-01
43457|NA|1.779|NA|2.099|2026-04-01
43458|2.049|1.749|2.349|2.049|2026-04-01
43460|1.739|1.739|2.099|2.099|2026-04-01
43462|1.959|1.779|2.329|2.149|2026-04-01
43465|1.752|1.752|2.114|2.114|2026-04-01
43468|NA|1.799|NA|2.099|2026-04-01
43470|NA|1.732|NA|2.048|2026-04-01
43476|1.725|NA|2.015|NA|2026-04-01
43478|1.725|NA|2.015|NA|2026-04-01
43479|NA|1.879|NA|2.139|2026-04-01
43484|1.699|NA|1.999|NA|2026-04-01
43485|2.18|1.78|2.518|2.118|2026-04-01
43487|NA|1.779|NA|2.149|2026-04-01
43489|1.949|1.749|2.299|2.099|2026-04-01
43490|2.079|1.799|2.419|2.139|2026-04-01
43495|1.889|1.889|2.199|2.199|2026-04-01
43497|NA|1.749|NA|2.079|2026-04-01
43499|1.967|1.747|2.27|2.05|2026-04-01
43500|NA|1.719|NA|2.029|2026-04-01
43501|NA|1.717|NA|2.027|2026-04-01
43502|1.929|1.789|2.159|2.159|2026-04-01
43509|NA|1.789|NA|2.169|2026-04-01
43513|1.669|1.699|1.999|1.999|2026-04-01
43516|1.959|1.749|2.259|2.049|2026-04-01
43517|1.729|1.729|2.039|2.039|2026-04-01
43518|1.959|1.749|2.319|2.109|2026-04-01
43526|1.799|1.799|2.159|2.159|2026-04-01
43531|1.825|1.735|2.179|2.089|2026-04-01
43532|1.769|1.769|1.999|1.999|2026-04-01
43535|NA|1.712|NA|2.035|2026-04-01
43536|1.937|1.712|2.26|2.035|2026-04-01
43537|NA|1.699|NA|2.099|2026-04-01
43555|NA|1.739|NA|2.129|2026-04-01
43556|NA|1.729|NA|2.119|2026-04-01
43558|1.935|1.725|2.223|2.013|2026-04-01
43559|NA|1.742|NA|2.058|2026-04-01
43560|1.937|1.717|2.253|2.033|2026-04-01
43563|NA|1.779|NA|2.139|2026-04-01
43566|1.697|1.697|1.993|1.993|2026-04-01
43568|NA|1.829|NA|2.149|2026-04-01
43569|NA|1.779|NA|2.099|2026-04-01
43570|NA|1.779|NA|2.099|2026-04-01
43571|2.017|1.806|2.377|2.166|2026-04-01
43581|NA|1.689|NA|2.029|2026-04-01
43582|1.839|1.689|2.179|2.029|2026-04-01
43583|NA|1.679|NA|2.019|2026-04-01
43590|NA|1.699|NA|2.079|2026-04-01
43592|NA|1.729|NA|2.059|2026-04-01
43596|1.769|1.769|2.139|2.139|2026-04-01
43598|2.023|1.776|2.309|2.062|2026-04-01
43600|1.799|1.799|2.129|2.129|2026-04-01
43608|NA|1.749|NA|2.059|2026-04-01
43611|1.689|1.689|1.979|1.979|2026-04-01
43615|1.939|1.737|2.059|2.053|2026-04-01
43617|1.719|1.719|2.069|2.069|2026-04-01
43619|1.749|1.749|2.099|2.099|2026-04-01
43620|1.779|1.779|2.099|2.099|2026-04-01
43622|1.979|1.779|NA|NA|2026-04-01
43623|NA|1.749|NA|2.069|2026-04-01
43624|2.049|2.049|2.299|2.299|2026-04-01
43625|1.829|NA|2.079|NA|2026-04-01
43626|NA|1.739|NA|2.049|2026-04-01
43628|NA|1.732|NA|2.035|2026-04-01
43629|NA|1.899|NA|2.139|2026-04-01
43630|1.999|1.769|2.289|2.099|2026-04-01
43631|1.969|1.759|2.239|2.029|2026-04-01
43634|NA|1.727|NA|2.147|2026-04-01
43637|NA|1.739|NA|2.109|2026-04-01
43638|NA|1.779|NA|2.099|2026-04-01
43640|1.957|1.737|2.255|2.035|2026-04-01
43643|1.799|1.699|2.128|2.028|2026-04-01
43644|1.949|1.739|2.309|2.099|2026-04-01
43647|1.859|1.749|2.159|2.049|2026-04-01
43651|NA|1.699|NA|2.099|2026-04-01
43652|NA|1.749|NA|2.059|2026-04-01
43655|NA|1.729|NA|2.099|2026-04-01
43656|NA|NA|2.255|2.035|2026-04-01
43657|2.049|1.749|2.389|2.089|2026-04-01
43658|NA|1.727|NA|2.067|2026-04-01
43660|1.999|1.774|2.324|2.099|2026-04-01
43663|1.769|1.769|1.999|1.999|2026-04-01
43665|1.779|1.779|2.189|2.189|2026-04-01
43669|NA|1.737|NA|2.02|2026-04-01
43670|1.955|1.735|2.255|2.035|2026-04-01
43672|1.967|1.747|2.273|2.053|2026-04-01
43675|1.967|1.747|2.273|2.053|2026-04-01
43678|2.029|1.729|2.379|2.079|2026-04-01
43679|NA|1.699|NA|2.089|2026-04-01
43680|1.945|1.725|2.255|2.035|2026-04-01
43683|1.899|NA|2.229|NA|2026-04-01
43686|1.899|1.699|2.189|1.989|2026-04-01
43690|2.029|1.784|2.374|2.124|2026-04-01
43697|1.947|1.737|2.245|2.035|2026-04-01
43710|1.962|1.742|2.278|2.058|2026-04-01
43711|1.959|1.759|2.259|2.059|2026-04-01
43713|1.999|1.799|2.369|2.169|2026-04-01
43718|1.932|1.762|2.23|2.12|2026-04-01
43719|1.71|1.71|1.94|1.94|2026-04-01
43724|NA|1.747|NA|2.067|2026-04-01
43726|1.699|1.699|2.159|2.159|2026-04-01
43727|NA|1.779|NA|2.139|2026-04-01
43735|1.799|1.799|1.999|1.999|2026-04-01
43747|2.152|1.822|2.452|2.122|2026-04-01
43751|NA|1.759|NA|2.069|2026-04-01
43758|1.799|1.799|2.098|2.098|2026-04-01
43760|1.759|1.759|2.089|2.089|2026-04-01
43763|1.84|1.63|2.279|2.069|2026-04-01
43764|1.905|1.725|2.215|2.035|2026-04-01
43769|1.834|1.834|2.167|2.167|2026-04-01
43770|1.699|1.699|2.049|2.049|2026-04-01
43771|1.699|1.699|2.049|2.049|2026-04-01
43773|2.109|1.799|2.409|2.099|2026-04-01
43778|1.748|1.748|2.148|2.148|2026-04-01
43781|NA|1.715|NA|2.055|2026-04-01
43783|2.019|1.739|2.208|1.928|2026-04-01
43784|1.959|1.759|2.329|2.129|2026-04-01
43790|2.018|1.799|2.368|2.149|2026-04-01
43793|1.739|NA|2.059|NA|2026-04-01
43801|1.759|NA|2.049|NA|2026-04-01
43804|1.739|NA|2.099|NA|2026-04-01
43805|2.029|1.839|2.349|2.159|2026-04-01
43810|1.695|1.695|2.082|2.082|2026-04-01
43811|2.038|1.788|2.398|2.148|2026-04-01
43816|1.729|NA|2.059|NA|2026-04-01
43818|NA|1.759|NA|2.029|2026-04-01
43819|1.759|1.759|2.099|2.099|2026-04-01
43820|NA|1.779|NA|2.099|2026-04-01
43821|1.957|1.737|2.265|2.045|2026-04-01
43823|NA|1.719|NA|2.079|2026-04-01
43824|1.689|NA|1.998|NA|2026-04-01
43826|1.799|1.699|2.109|1.989|2026-04-01
43833|2.019|1.719|2.349|2.049|2026-04-01
43835|NA|1.669|NA|2.099|2026-04-01
43838|1.957|1.737|2.273|2.053|2026-04-01
43839|1.938|1.768|2.228|2.058|2026-04-01
43847|2.069|1.719|2.399|2.049|2026-04-01
43849|2.022|1.961|2.099|2.038|2026-04-01
43858|NA|1.749|NA|2.119|2026-04-01
43859|1.949|1.749|2.269|2.119|2026-04-01
43860|NA|1.749|NA|2.069|2026-04-01
43861|1.919|1.729|2.249|2.059|2026-04-01
43866|1.799|1.799|2.059|2.059|2026-04-01
43867|2.049|1.749|2.399|2.099|2026-04-01
43871|1.746|1.746|2.116|2.116|2026-04-01
43874|1.719|NA|1.999|NA|2026-04-01
43875|1.839|1.739|2.199|2.099|2026-04-01
43881|1.799|NA|2.119|NA|2026-04-01
43889|1.957|1.737|2.275|2.055|2026-04-01
43892|1.957|1.732|2.235|2.01|2026-04-01
43894|1.952|1.737|2.278|2.053|2026-04-01
43895|1.848|1.749|2.178|2.079|2026-04-01
43897|1.979|1.779|2.349|2.149|2026-04-01
43898|1.819|1.719|2.169|2.069|2026-04-01
43899|NA|1.749|NA|2.079|2026-04-01
43901|NA|1.707|NA|2.007|2026-04-01
43902|1.946|1.746|2.346|2.146|2026-04-01
43903|1.779|1.779|1.999|1.999|2026-04-01
43907|1.957|1.737|2.273|2.053|2026-04-01
43908|1.779|1.779|2.159|2.159|2026-04-01
43910|NA|1.697|NA|1.757|2026-04-01
43911|NA|1.717|NA|2.027|2026-04-01
43912|NA|1.705|NA|2.025|2026-04-01
43913|NA|1.717|NA|2.027|2026-04-01
43914|NA|1.837|NA|2.157|2026-04-01
43915|NA|1.767|NA|2.087|2026-04-01
43916|NA|1.697|NA|2.017|2026-04-01
43922|NA|1.689|NA|2.029|2026-04-01
43924|1.89|1.695|2.244|2.049|2026-04-01
43927|NA|1.729|NA|2.089|2026-04-01
43929|NA|1.839|NA|2.099|2026-04-01
43930|1.889|1.679|2.199|1.989|2026-04-01
43931|2.079|1.799|2.379|2.099|2026-04-01
43932|1.787|1.787|2.026|2.026|2026-04-01
43933|1.787|NA|2.026|NA|2026-04-01
43936|1.799|1.719|2.109|2.029|2026-04-01
43937|1.919|1.719|2.249|2.049|2026-04-01
43940|NA|1.708|NA|2.018|2026-04-01
43948|1.999|1.799|2.299|2.099|2026-04-01
43949|1.999|1.819|2.249|2.099|2026-04-01
43950|1.739|1.739|2.129|2.129|2026-04-01
43970|1.957|1.737|2.26|2.04|2026-04-01
43976|1.769|1.769|2.139|2.139|2026-04-01
43981|2.099|1.799|2.389|2.089|2026-04-01
43983|NA|1.759|NA|2.079|2026-04-01
43984|1.919|1.719|2.339|2.139|2026-04-01
43986|2.099|1.799|2.399|2.099|2026-04-01
43992|2.018|1.718|2.388|2.088|2026-04-01
43993|1.955|1.735|2.253|2.033|2026-04-01
43996|NA|1.787|NA|2.099|2026-04-01
44001|NA|1.739|NA|NA|2026-04-01
44003|1.858|1.699|2.156|1.997|2026-04-01
44011|1.579|1.579|1.629|1.629|2026-04-01
44012|1.999|1.789|2.319|2.109|2026-04-01
44014|1.838|1.788|2.136|2.086|2026-04-01
44021|1.839|1.839|2.159|2.159|2026-04-01
44024|1.919|1.759|2.279|2.099|2026-04-01
44025|1.879|1.729|2.209|2.059|2026-04-01
44028|1.947|1.737|2.243|2.033|2026-04-01
44033|1.967|1.756|2.297|2.086|2026-04-01
44037|2.069|1.779|2.389|2.089|2026-04-01
44040|1.929|1.729|2.299|2.099|2026-04-01
44048|2.019|1.819|2.349|2.149|2026-04-01
44057|1.739|1.739|2.109|2.109|2026-04-01
44066|1.925|1.725|2.279|2.069|2026-04-01
44070|NA|1.739|NA|NA|2026-04-01
44072|NA|1.749|NA|NA|2026-04-01
44077|NA|1.737|NA|2.053|2026-04-01
44079|1.779|1.779|2.099|2.099|2026-04-01
44089|1.799|NA|1.959|NA|2026-04-01
44091|NA|1.769|NA|2.099|2026-04-01
44092|1.717|1.717|2.017|2.017|2026-04-01
44094|1.947|1.737|2.245|2.035|2026-04-01
44096|1.959|1.735|2.369|2.145|2026-04-01
44098|1.745|1.745|2.065|2.065|2026-04-01
44099|2.099|1.799|2.355|2.145|2026-04-01
44100|1.929|1.819|2.239|2.129|2026-04-01
44105|1.859|1.699|2.159|1.999|2026-04-01
44107|1.845|1.725|2.215|2.095|2026-04-01
44111|NA|1.819|NA|2.089|2026-04-01
44112|1.799|1.799|2.079|2.079|2026-04-01
44118|NA|1.727|NA|2.087|2026-04-01
44121|1.759|NA|2.099|NA|2026-04-01
44123|1.839|1.709|2.099|2.069|2026-04-01
44124|1.867|1.677|2.217|2.026|2026-04-01
44129|NA|1.769|NA|2.089|2026-04-01
44133|1.929|1.729|2.299|2.099|2026-04-01
44134|1.955|1.735|2.255|2.035|2026-04-01
44135|NA|1.839|NA|2.099|2026-04-01
44138|1.799|NA|2.099|NA|2026-04-01
44139|NA|NA|NA|2.075|2026-04-01
44144|1.979|1.839|2.239|2.099|2026-04-01
44145|NA|1.759|NA|2.099|2026-04-01
44146|1.729|1.729|2.094|2.094|2026-04-01
44147|1.957|1.737|2.273|2.053|2026-04-01
44148|1.729|1.729|2.069|2.069|2026-04-01
44149|1.729|1.729|2.129|2.129|2026-04-01
44152|1.939|1.749|2.259|2.069|2026-04-01
44156|1.719|1.719|2.079|2.079|2026-04-01
44159|1.849|NA|2.079|NA|2026-04-01
44160|2.049|1.799|2.349|2.099|2026-04-01
44163|1.94|1.72|2.255|2.035|2026-04-01
44165|2.025|1.815|2.319|2.109|2026-04-01
44166|1.779|NA|2.049|NA|2026-04-01
44167|1.669|1.669|2.019|2.019|2026-04-01
44172|NA|1.759|NA|2.07|2026-04-01
44173|1.889|1.789|2.239|2.139|2026-04-01
44179|1.879|1.739|2.229|2.089|2026-04-01
44186|1.957|1.737|2.253|2.033|2026-04-01
44188|1.997|1.797|2.297|2.097|2026-04-01
44189|1.799|1.799|1.999|1.999|2026-04-01
44197|1.689|1.689|2.039|2.039|2026-04-01
44198|2.119|1.769|2.419|2.069|2026-04-01
44200|1.779|1.779|2.149|2.149|2026-04-01
44201|1.952|1.737|2.265|2.05|2026-04-01
44204|1.969|1.739|2.279|2.049|2026-04-01
44205|NA|1.799|NA|2.069|2026-04-01
44213|1.689|1.669|2.009|1.989|2026-04-01
44215|1.922|1.712|2.24|2.03|2026-04-01
44216|1.957|1.732|2.26|2.035|2026-04-01
44217|1.957|1.732|2.26|2.035|2026-04-01
44225|NA|1.747|NA|2.053|2026-04-01
44230|2.087|1.797|2.387|2.097|2026-04-01
44231|1.759|NA|2.109|NA|2026-04-01
44232|NA|1.899|NA|2.149|2026-04-01
44235|1.919|1.699|1.939|1.719|2026-04-01
44239|NA|1.739|NA|2.099|2026-04-01
44240|NA|1.709|NA|2.069|2026-04-01
44242|1.889|1.699|2.239|2.049|2026-04-01
44244|1.942|1.732|2.245|2.035|2026-04-01
44245|2.029|1.779|2.399|2.149|2026-04-01
44246|1.957|1.737|2.255|2.035|2026-04-01
44264|NA|1.759|NA|2.069|2026-04-01
44266|1.957|1.737|2.273|2.053|2026-04-01
44267|NA|1.775|NA|2.123|2026-04-01
44271|2.019|1.779|2.309|2.069|2026-04-01
44275|2.029|1.779|2.399|2.149|2026-04-01
44280|2.039|1.839|2.369|2.169|2026-04-01
44289|2.069|1.839|2.379|2.149|2026-04-01
44291|NA|1.779|NA|2.099|2026-04-01
44292|NA|1.779|NA|2.099|2026-04-01
44300|1.842|1.842|2.165|2.165|2026-04-01
44302|1.689|1.689|1.998|1.998|2026-04-01
44305|2.097|1.839|1.998|2.145|2026-04-01
44306|1.839|1.839|2.129|2.129|2026-04-01
44315|1.968|1.968|1.82|1.82|2026-04-01
44321|1.749|NA|2.099|NA|2026-04-01
44323|2.024|1.779|2.369|2.119|2026-04-01
44324|2.009|1.749|2.309|2.049|2026-04-01
44328|1.952|1.732|2.268|2.048|2026-04-01
44336|1.99|NA|2.25|NA|2026-04-01
44339|1.747|1.747|2.045|2.045|2026-04-01
44342|1.922|1.712|2.238|2.028|2026-04-01
44348|1.939|1.769|2.249|2.139|2026-04-01
44354|1.925|1.745|2.285|2.105|2026-04-01
44357|1.769|1.769|2.049|2.049|2026-04-01
44358|1.779|1.779|2.119|2.119|2026-04-01
44359|1.942|1.732|2.304|2.114|2026-04-01
44362|2.139|1.789|2.509|2.159|2026-04-01
44365|1.71|1.71|2.05|2.05|2026-04-01
44368|1.779|NA|2.099|NA|2026-04-01
44371|1.749|1.749|2.039|2.039|2026-04-01
44372|1.769|1.769|2.079|2.079|2026-04-01
44374|1.729|1.729|1.999|1.999|2026-04-01
44380|1.719|1.719|2.099|2.099|2026-04-01
44382|1.942|1.737|2.258|2.053|2026-04-01
44384|1.799|1.799|2.199|2.199|2026-04-01
44385|2.256|1.896|2.457|2.097|2026-04-01
44386|2.247|1.897|2.447|2.097|2026-04-01
44395|1.799|1.789|2.089|2.089|2026-04-01
44400|1.756|1.756|2.035|2.035|2026-04-01
44402|1.957|1.737|2.273|2.053|2026-04-01
44415|NA|1.725|NA|2.025|2026-04-01
44418|1.969|1.769|2.299|2.099|2026-04-01
44419|1.994|1.739|2.284|2.029|2026-04-01
44420|NA|1.735|NA|2.13|2026-04-01
44421|1.745|1.745|2.065|2.065|2026-04-01
44423|2.167|1.806|2.517|2.156|2026-04-01
44424|1.789|NA|1.999|NA|2026-04-01
44426|NA|1.739|NA|2.099|2026-04-01
44428|1.779|1.779|2.05|2.05|2026-04-01
44432|NA|1.729|NA|2.099|2026-04-01
44433|1.952|1.732|2.268|2.048|2026-04-01
44437|1.937|1.687|1.947|1.697|2026-04-01
44438|NA|1.749|NA|2.149|2026-04-01
44440|1.687|1.687|2.037|2.037|2026-04-01
44442|2.154|1.739|2.169|2.089|2026-04-01
44444|NA|1.695|NA|2.055|2026-04-01
44452|NA|1.729|NA|2.119|2026-04-01
44453|1.988|1.778|2.368|2.158|2026-04-01
44454|1.94|1.72|2.26|2.04|2026-04-01
44456|1.779|1.779|2.149|2.149|2026-04-01
44459|1.899|1.649|2.299|2.049|2026-04-01
44461|NA|1.623|NA|1.853|2026-04-01
44462|1.869|1.729|2.219|2.079|2026-04-01
44464|1.869|1.869|2.169|2.169|2026-04-01
44466|1.769|1.769|2.069|2.069|2026-04-01
44467|1.829|1.729|2.129|2.029|2026-04-01
44469|NA|1.699|NA|2.019|2026-04-01
44475|1.895|1.895|2.067|2.067|2026-04-01
44480|1.789|1.789|2.089|2.089|2026-04-01
44481|1.779|1.779|2.139|2.139|2026-04-01
44487|1.999|1.749|2.289|2.039|2026-04-01
44496|1.929|1.719|2.209|1.999|2026-04-01
44499|1.809|1.809|2.139|2.139|2026-04-01
44505|NA|1.727|NA|2.037|2026-04-01
44509|1.839|1.739|2.199|2.099|2026-04-01
44510|1.779|1.779|2.169|2.169|2026-04-01
44511|1.902|1.692|2.245|2.035|2026-04-01
44512|2.259|1.759|2.359|2.059|2026-04-01
44513|1.899|1.699|2.197|1.997|2026-04-01
44517|NA|1.749|NA|2.089|2026-04-01
44519|1.769|1.769|2.179|2.179|2026-04-01
44523|1.952|1.732|2.268|2.048|2026-04-01
44525|NA|1.749|NA|2.099|2026-04-01
44528|1.879|NA|2.139|NA|2026-04-01
44530|1.745|1.745|2.085|2.085|2026-04-01
44531|1.955|1.735|2.255|2.035|2026-04-01
44532|NA|1.719|NA|2.055|2026-04-01
44537|1.989|1.779|2.309|2.099|2026-04-01
44538|1.819|1.819|2.159|2.159|2026-04-01
44541|1.902|1.692|2.218|2.008|2026-04-01
44544|1.858|1.759|2.248|2.149|2026-04-01
44545|2.119|1.769|2.449|2.099|2026-04-01
44546|1.969|1.699|2.289|1.999|2026-04-01
44551|1.739|1.739|2.135|2.135|2026-04-01
44557|NA|1.747|NA|2.087|2026-04-01
44560|1.922|1.712|2.245|2.035|2026-04-01
44570|1.759|1.759|2.149|2.149|2026-04-01
44577|1.789|1.789|2.159|2.159|2026-04-01
44578|1.779|1.779|2.159|2.159|2026-04-01
44581|1.927|1.777|2.169|1.999|2026-04-01
44583|1.949|1.749|2.189|2.039|2026-04-01
44584|1.939|1.739|2.239|2.039|2026-04-01
44586|1.988|1.759|2.328|2.099|2026-04-01
44590|1.779|1.779|2.149|2.149|2026-04-01
44591|NA|1.695|NA|2.045|2026-04-01
44592|1.979|1.779|2.349|2.149|2026-04-01
44597|2.049|1.849|2.299|2.099|2026-04-01
44598|NA|1.747|NA|2.077|2026-04-01
44609|NA|1.829|NA|2.149|2026-04-01
44613|NA|1.719|NA|2.099|2026-04-01
44614|1.847|1.757|2.207|2.117|2026-04-01
44615|1.669|1.669|2.029|2.029|2026-04-01
44616|NA|1.669|NA|1.999|2026-04-01
44618|2.129|1.799|2.469|2.139|2026-04-01
44619|1.759|NA|2.099|NA|2026-04-01
44621|1.834|1.834|2.165|2.165|2026-04-01
44622|1.699|1.699|2.019|2.019|2026-04-01
44625|1.979|1.779|2.349|2.149|2026-04-01
44626|1.749|1.749|2.049|2.049|2026-04-01
44633|1.957|1.737|2.265|2.045|2026-04-01
44635|1.979|1.759|2.299|2.079|2026-04-01
44643|NA|1.789|NA|2.089|2026-04-01
44644|1.939|1.729|2.259|2.049|2026-04-01
44646|NA|1.799|NA|2.079|2026-04-01
44647|NA|1.749|NA|2.129|2026-04-01
44651|2.149|1.799|2.509|2.149|2026-04-01
44652|1.969|1.739|2.319|2.089|2026-04-01
44654|1.799|1.799|2.199|2.199|2026-04-01
44656|1.969|1.769|2.299|2.099|2026-04-01
44657|1.989|1.759|2.319|2.089|2026-04-01
44658|NA|1.749|NA|2.099|2026-04-01
44659|1.935|1.725|2.238|2.028|2026-04-01
44660|1.659|1.659|2.019|2.019|2026-04-01
44665|1.769|1.729|2.069|2.029|2026-04-01
44668|NA|1.779|NA|2.099|2026-04-01
44669|1.739|NA|2.059|NA|2026-04-01
44670|1.759|1.709|2.059|2.009|2026-04-01
44682|NA|1.729|NA|2.219|2026-04-01
44687|1.989|1.789|2.339|2.139|2026-04-01
44692|2.057|1.796|2.417|2.156|2026-04-01
44693|1.979|1.779|2.339|2.139|2026-04-01
44695|1.992|1.779|2.232|2.019|2026-04-01
44697|1.759|NA|2.089|NA|2026-04-01
44698|NA|1.699|NA|2.099|2026-04-01
44702|1.969|1.769|2.369|2.169|2026-04-01
44708|1.979|1.769|2.249|2.039|2026-04-01
44710|1.969|1.759|2.299|2.089|2026-04-01
44711|1.729|1.729|2.049|2.049|2026-04-01
44713|1.735|1.735|1.955|1.955|2026-04-01
44714|NA|1.85|NA|2.09|2026-04-01
44716|1.919|1.719|2.279|2.079|2026-04-01
44717|2.029|1.829|2.359|2.159|2026-04-01
44719|2.014|1.714|2.384|2.084|2026-04-01
44722|1.749|1.749|2.049|2.049|2026-04-01
44723|1.959|1.749|2.269|2.059|2026-04-01
44724|1.699|1.699|2.059|2.059|2026-04-01
44729|1.749|1.749|2.099|2.099|2026-04-01
44731|2.009|1.799|2.299|2.089|2026-04-01
44732|2.149|1.779|2.479|2.109|2026-04-01
44735|1.845|1.635|2.065|1.855|2026-04-01
44738|1.969|1.769|2.359|2.159|2026-04-01
44740|1.899|NA|2.099|NA|2026-04-01
44741|1.878|1.684|2.248|2.014|2026-04-01
44743|1.779|NA|2.129|NA|2026-04-01
44744|1.949|1.799|2.309|2.159|2026-04-01
44749|1.889|1.739|2.209|2.059|2026-04-01
44754|1.725|1.725|2.049|2.049|2026-04-01
44758|NA|1.749|NA|2.139|2026-04-01
44759|NA|1.747|NA|2.077|2026-04-01
44760|NA|1.719|NA|2.089|2026-04-01
44762|1.899|1.899|2.149|2.149|2026-04-01
44767|1.944|1.749|2.254|2.059|2026-04-01
44768|1.729|1.729|2.099|2.099|2026-04-01
44769|1.949|1.759|2.319|2.129|2026-04-01
44778|NA|1.749|NA|2.139|2026-04-01
44780|1.909|1.759|2.209|2.059|2026-04-01
44783|NA|1.709|NA|2.039|2026-04-01
44784|NA|1.719|NA|2.039|2026-04-01
44785|1.945|1.745|2.335|2.135|2026-04-01
44786|1.94|1.72|2.26|2.04|2026-04-01
44787|1.759|1.759|2.089|2.089|2026-04-01
44791|NA|1.759|NA|2.099|2026-04-01
44798|NA|1.759|NA|2.059|2026-04-01
44802|2.123|2.019|2.297|2.179|2026-04-01
44806|1.697|1.697|2.049|2.049|2026-04-01
44808|NA|1.709|NA|2.129|2026-04-01
44809|NA|1.749|NA|2.129|2026-04-01
44814|1.869|1.699|2.189|2.019|2026-04-01
44816|NA|1.749|NA|2.059|2026-04-01
44820|NA|1.715|NA|2.035|2026-04-01
44824|NA|1.735|NA|2.035|2026-04-01
44834|NA|1.729|NA|2.099|2026-04-01
44838|2.179|1.879|2.469|2.189|2026-04-01
44843|1.797|1.697|2.147|2.047|2026-04-01
44848|NA|1.697|NA|2.097|2026-04-01
44852|NA|1.729|NA|2.039|2026-04-01
44853|1.945|1.725|2.25|2.03|2026-04-01
44854|NA|1.699|NA|2.099|2026-04-01
44859|2.209|1.809|2.489|2.089|2026-04-01
44860|2.209|1.809|2.489|2.089|2026-04-01
44862|1.899|1.799|2.239|2.139|2026-04-01
44863|NA|1.739|NA|2.109|2026-04-01
44864|1.779|1.729|2.129|2.079|2026-04-01
44867|1.929|1.719|2.329|2.119|2026-04-01
44869|1.969|1.769|2.309|2.109|2026-04-01
44872|1.92|1.695|2.26|2.035|2026-04-01
44882|NA|1.775|NA|2.059|2026-04-01
44885|1.95|1.73|2.255|2.035|2026-04-01
44895|1.949|1.739|2.299|2.089|2026-04-01
44905|1.959|1.759|2.289|2.089|2026-04-01
44906|1.877|1.797|2.147|2.067|2026-04-01
44907|1.945|1.725|2.26|2.04|2026-04-01
44909|1.739|1.739|2.079|2.079|2026-04-01
44911|1.739|1.739|2.109|2.109|2026-04-01
44912|1.942|1.732|2.255|2.045|2026-04-01
44916|1.957|1.732|2.273|2.048|2026-04-01
44919|2.019|1.819|2.349|2.149|2026-04-01
44921|1.789|1.789|2.099|2.099|2026-04-01
44925|1.957|1.737|2.265|2.045|2026-04-01
44929|1.759|1.759|2.139|2.139|2026-04-01
44934|NA|1.709|NA|2.069|2026-04-01
44935|1.699|1.699|2.039|2.039|2026-04-01
44940|2.039|1.737|2.252|2.071|2026-04-01
44941|1.819|1.819|2.169|2.169|2026-04-01
44949|1.937|1.717|2.253|2.033|2026-04-01
44951|2.009|1.809|2.359|2.159|2026-04-01
44952|NA|1.76|NA|2.09|2026-04-01
44953|1.957|1.742|2.26|2.045|2026-04-01
44954|1.735|NA|2.115|NA|2026-04-01
44955|1.942|1.732|2.258|2.048|2026-04-01
44956|1.957|1.737|2.273|2.053|2026-04-01
44957|1.965|1.74|2.273|2.048|2026-04-01
44961|1.799|1.799|2.099|2.099|2026-04-01
44963|2.159|1.859|2.369|2.069|2026-04-01
44964|NA|1.697|NA|2.089|2026-04-01
44965|1.749|1.749|2.099|2.099|2026-04-01
44966|NA|1.749|NA|2.159|2026-04-01
44970|2.079|1.779|2.419|2.119|2026-04-01
44971|1.939|1.729|2.289|2.079|2026-04-01
44979|NA|1.759|NA|2.119|2026-04-01
44980|1.939|1.719|2.309|2.099|2026-04-01
44981|1.749|1.749|2.099|2.099|2026-04-01
44984|2.048|1.748|2.338|2.038|2026-04-01
44989|1.719|1.719|2.069|2.069|2026-04-01
44990|1.879|1.729|2.279|2.129|2026-04-01
44993|1.999|1.799|2.319|2.119|2026-04-01
44998|1.739|1.739|2.039|2.039|2026-04-01
45008|NA|1.749|NA|2.029|2026-04-01
45010|NA|1.739|NA|2.049|2026-04-01
45018|1.699|1.699|2.029|2.029|2026-04-01
45024|1.957|1.737|2.273|2.053|2026-04-01
45026|NA|1.729|NA|2.139|2026-04-01
45027|1.799|1.799|2.159|2.159|2026-04-01
45029|1.779|1.709|2.189|2.119|2026-04-01
45030|1.768|NA|2.068|NA|2026-04-01
45031|1.858|1.768|2.158|2.068|2026-04-01
45036|1.729|1.729|2.079|2.079|2026-04-01
45037|1.745|1.745|2.065|2.065|2026-04-01
45042|1.819|1.819|2.099|2.099|2026-04-01
45044|NA|1.759|NA|2.099|2026-04-01
45045|NA|1.759|NA|2.099|2026-04-01
45046|NA|1.729|NA|2.099|2026-04-01
45047|NA|1.769|NA|2.139|2026-04-01
45049|NA|1.767|NA|2.107|2026-04-01
45053|1.999|1.799|2.349|2.149|2026-04-01
45058|NA|1.759|NA|2.099|2026-04-01
45060|1.739|1.739|NA|NA|2026-04-01
45061|NA|1.747|NA|2.077|2026-04-01
45063|NA|1.749|NA|2.139|2026-04-01
45066|2.023|1.769|2.313|2.059|2026-04-01
45067|2.199|1.699|2.499|2.079|2026-04-01
45068|1.939|1.739|2.299|2.099|2026-04-01
45069|1.927|1.717|2.249|2.039|2026-04-01
45071|1.889|1.769|2.099|2.079|2026-04-01
45072|2.007|1.797|2.337|2.137|2026-04-01
45073|2.079|1.799|2.409|2.129|2026-04-01
45074|1.947|1.737|2.263|2.053|2026-04-01
45078|NA|1.699|NA|2.049|2026-04-01
45087|1.765|1.765|2.089|2.089|2026-04-01
45088|1.849|1.725|NA|2.015|2026-04-01
45092|1.919|1.729|2.279|2.089|2026-04-01
45096|1.999|1.799|2.299|2.099|2026-04-01
45101|1.979|1.769|2.269|2.059|2026-04-01
45103|NA|1.745|NA|2.095|2026-04-01
45104|1.776|1.776|2.076|2.076|2026-04-01
45105|2.039|1.759|2.369|2.089|2026-04-01
45113|1.889|1.739|2.209|2.059|2026-04-01
45114|1.957|1.737|2.255|2.035|2026-04-01
45122|NA|1.769|NA|2.099|2026-04-01
45123|1.942|1.732|2.258|2.048|2026-04-01
45128|2.029|1.769|2.359|2.099|2026-04-01
45129|NA|1.749|NA|2.049|2026-04-01
45145|1.767|1.767|2.087|2.087|2026-04-01
45148|1.687|1.687|1.997|1.997|2026-04-01
45151|1.739|NA|2.129|NA|2026-04-01
45166|1.929|1.759|2.289|2.119|2026-04-01
45171|1.779|1.779|2.169|2.169|2026-04-01
45175|2.029|1.739|2.319|2.039|2026-04-01
45176|1.869|1.719|2.239|2.089|2026-04-01
45179|2.199|1.749|2.499|2.039|2026-04-01
45180|1.969|1.759|2.309|2.099|2026-04-01
45181|1.778|1.778|2.118|2.118|2026-04-01
45198|NA|1.749|NA|2.119|2026-04-01
45199|1.719|1.719|2.069|2.069|2026-04-01
45204|1.705|1.705|2.034|2.034|2026-04-01
45205|1.899|1.899|1.999|1.999|2026-04-01
45207|1.959|1.749|2.269|2.059|2026-04-01
45211|2.039|1.785|2.353|2.099|2026-04-01
45215|2.019|1.769|2.319|2.069|2026-04-01
45219|NA|1.732|NA|2.045|2026-04-01
45220|NA|1.749|NA|2.109|2026-04-01
45223|1.952|1.747|2.26|2.055|2026-04-01
45227|2.048|1.799|2.408|2.159|2026-04-01
45234|NA|1.729|NA|2.059|2026-04-01
45239|1.729|1.729|2.089|2.089|2026-04-01
45241|1.909|1.709|2.209|2.009|2026-04-01
45243|1.939|1.719|2.259|2.039|2026-04-01
45244|1.989|1.779|2.309|2.099|2026-04-01
45246|NA|1.789|NA|2.109|2026-04-01
45247|NA|1.729|NA|2.069|2026-04-01
45248|NA|1.759|NA|2.059|2026-04-01
45249|NA|1.739|NA|2.089|2026-04-01
45255|1.699|NA|2.02|NA|2026-04-01
45258|NA|1.779|NA|2.139|2026-04-01
45259|NA|1.799|NA|2.099|2026-04-01
45260|1.799|1.799|2.089|2.089|2026-04-01
45261|NA|1.779|NA|2.149|2026-04-01
45262|NA|1.719|NA|2.049|2026-04-01
45263|NA|1.759|NA|2.059|2026-04-01
45264|2.049|1.799|2.409|2.159|2026-04-01
45265|1.699|1.699|2.049|2.049|2026-04-01
45266|1.769|1.769|2.099|2.099|2026-04-01
45267|NA|1.739|NA|2.039|2026-04-01
45268|NA|1.729|NA|1.999|2026-04-01
45271|1.879|1.729|2.189|2.039|2026-04-01
45273|NA|1.769|NA|2.159|2026-04-01
45274|1.763|1.763|2.093|2.093|2026-04-01
45289|1.919|1.799|2.219|2.099|2026-04-01
45290|1.909|1.709|2.289|2.089|2026-04-01
45291|1.919|1.799|2.219|2.099|2026-04-01
45292|1.989|1.729|2.319|2.059|2026-04-01
45300|NA|1.946|NA|2.186|2026-04-01
45303|2.058|1.759|2.398|2.099|2026-04-01
45304|1.959|1.749|2.279|2.069|2026-04-01
45308|1.942|1.732|2.258|2.048|2026-04-01
45310|1.739|1.739|2.089|2.089|2026-04-01
45323|1.869|NA|2.059|NA|2026-04-01
45340|1.957|1.737|2.273|2.053|2026-04-01
45345|1.904|1.715|2.074|2.048|2026-04-01
45346|NA|1.749|NA|2.099|2026-04-01
45349|1.799|1.799|2.049|2.049|2026-04-01
45351|1.942|1.732|2.258|2.048|2026-04-01
45355|NA|1.739|NA|2.109|2026-04-01
45358|1.819|1.819|2.069|2.069|2026-04-01
45361|1.942|1.732|2.255|2.045|2026-04-01
45363|2.037|1.824|2.367|2.154|2026-04-01
45365|NA|1.729|NA|2.069|2026-04-01
45367|1.958|1.958|2.139|2.139|2026-04-01
45369|NA|1.699|NA|2.069|2026-04-01
45370|NA|1.759|NA|2.099|2026-04-01
45371|NA|1.759|NA|2.099|2026-04-01
45373|NA|1.759|NA|2.099|2026-04-01
45374|NA|1.729|NA|2.049|2026-04-01
45375|NA|1.739|NA|2.099|2026-04-01
45376|NA|1.749|NA|2.099|2026-04-01
45377|1.749|1.749|2.099|2.099|2026-04-01
45378|1.799|1.799|2.079|2.079|2026-04-01
45382|NA|1.759|NA|2.099|2026-04-01
45383|1.979|1.779|2.369|2.169|2026-04-01
45386|1.697|1.697|2.057|2.057|2026-04-01
45389|1.93|1.72|2.245|2.035|2026-04-01
45395|1.99|1.99|2.16|2.16|2026-04-01
45398|1.729|NA|2.019|NA|2026-04-01
45401|NA|1.749|NA|2.069|2026-04-01
45403|NA|1.699|NA|2.059|2026-04-01
45406|1.869|1.869|2.099|2.099|2026-04-01
45407|1.869|1.869|2.099|2.099|2026-04-01
45416|1.769|1.709|2.109|2.049|2026-04-01
45418|NA|1.749|NA|2.119|2026-04-01
45420|NA|1.749|NA|2.099|2026-04-01
45422|1.935|1.725|2.235|2.025|2026-04-01
45424|2.049|1.819|2.379|2.149|2026-04-01
45430|1.828|1.729|2.158|2.059|2026-04-01
45434|1.855|1.755|2.149|2.049|2026-04-01
45437|NA|1.669|NA|2.049|2026-04-01
45438|1.759|NA|2.119|NA|2026-04-01
45439|2.029|1.797|2.359|2.097|2026-04-01
45440|1.859|1.759|2.189|2.089|2026-04-01
45442|1.869|1.769|2.189|2.089|2026-04-01
45443|1.849|1.749|2.179|2.079|2026-04-01
45447|1.799|1.799|2.129|2.129|2026-04-01
45454|NA|1.775|NA|2.155|2026-04-01
45455|1.769|1.769|2.069|2.069|2026-04-01
45456|1.919|1.799|2.219|2.099|2026-04-01
45457|NA|1.729|NA|2.099|2026-04-01
45459|1.957|1.737|2.291|2.071|2026-04-01
45460|1.856|1.856|1.989|1.989|2026-04-01
45464|NA|1.749|NA|2.159|2026-04-01
45465|NA|1.719|NA|2.059|2026-04-01
45467|NA|1.799|NA|2.199|2026-04-01
45470|1.799|1.799|2.059|2.059|2026-04-01
45473|NA|1.739|NA|2.089|2026-04-01
45474|1.919|1.769|2.249|2.099|2026-04-01
45478|1.922|1.712|2.245|2.035|2026-04-01
45479|1.899|1.729|2.249|2.079|2026-04-01
45480|1.749|NA|2.109|NA|2026-04-01
45481|1.819|1.819|2.019|2.019|2026-04-01
45483|1.799|NA|2.159|NA|2026-04-01
45487|NA|1.717|NA|2.057|2026-04-01
45488|1.942|1.732|2.265|2.055|2026-04-01
45490|1.779|1.779|2.119|2.119|2026-04-01
45496|1.799|1.799|2.089|2.089|2026-04-01
45497|2.099|1.799|2.399|2.099|2026-04-01
45499|NA|1.749|NA|2.099|2026-04-01
45501|2.099|1.799|2.399|2.099|2026-04-01
45502|2.099|1.799|2.399|2.099|2026-04-01
45503|2.059|1.759|2.399|2.099|2026-04-01
45504|NA|1.789|NA|2.149|2026-04-01
45505|1.989|1.739|2.289|2.039|2026-04-01
45508|1.777|1.777|2.078|2.078|2026-04-01
45512|1.909|1.759|2.249|2.099|2026-04-01
45513|NA|1.695|NA|2.039|2026-04-01
45515|1.699|1.699|2.059|2.059|2026-04-01
45516|1.757|1.629|1.697|1.589|2026-04-01
45517|1.699|1.699|2.039|2.039|2026-04-01
45519|NA|1.749|NA|2.019|2026-04-01
45520|1.749|1.749|2.019|2.019|2026-04-01
45521|1.729|1.729|NA|NA|2026-04-01
45522|1.899|1.749|2.249|2.099|2026-04-01
45523|1.899|1.719|2.209|2.029|2026-04-01
45526|1.759|1.759|2.039|2.039|2026-04-01
45529|NA|1.759|NA|2.039|2026-04-01
45530|1.709|1.709|2.049|2.049|2026-04-01
45531|1.729|1.729|2.059|2.059|2026-04-01
45533|NA|1.749|NA|2.029|2026-04-01
45534|1.998|1.798|2.299|2.099|2026-04-01
45535|1.998|1.798|2.299|2.099|2026-04-01
45536|1.979|1.769|2.269|2.059|2026-04-01
45540|1.799|1.799|2.129|2.129|2026-04-01
45541|1.735|1.735|1.998|1.998|2026-04-01
45545|NA|1.809|NA|2.169|2026-04-01
45562|1.899|1.899|2.059|2.059|2026-04-01
45565|1.919|1.729|2.249|2.059|2026-04-01
45567|NA|1.747|NA|2.069|2026-04-01
45572|NA|1.739|NA|2.039|2026-04-01
45575|1.739|1.739|2.039|2.039|2026-04-01
45577|1.899|1.739|2.309|2.149|2026-04-01
45579|NA|1.759|NA|2.129|2026-04-01
45582|NA|1.759|NA|2.099|2026-04-01
45586|1.749|1.679|2.119|2.049|2026-04-01
45589|NA|1.749|NA|2.129|2026-04-01
45597|1.957|1.737|2.253|2.033|2026-04-01
45598|NA|1.729|NA|NA|2026-04-01
45599|NA|1.729|NA|2.069|2026-04-01
45603|1.749|1.749|2.079|2.079|2026-04-01
45604|1.699|NA|2.059|NA|2026-04-01
45605|NA|1.737|NA|2.04|2026-04-01
45607|1.967|1.747|2.273|2.053|2026-04-01
45608|1.952|1.737|2.268|2.053|2026-04-01
45612|NA|1.739|NA|2.069|2026-04-01
45613|NA|1.759|NA|2.069|2026-04-01
45620|1.945|1.735|2.243|2.033|2026-04-01
45624|2.009|1.759|2.409|2.159|2026-04-01
45627|1.942|1.722|2.223|2.003|2026-04-01
45632|1.819|1.814|2.119|2.114|2026-04-01
45634|NA|1.839|NA|2.149|2026-04-01
45636|NA|1.759|NA|2.139|2026-04-01
45637|NA|1.699|NA|2.049|2026-04-01
45640|NA|1.739|NA|2.049|2026-04-01
45648|1.883|1.883|2.203|2.203|2026-04-01
45653|1.759|1.759|2.149|2.149|2026-04-01
45655|1.735|1.735|2.089|2.089|2026-04-01
45657|1.778|1.778|1.999|1.999|2026-04-01
45659|NA|1.769|NA|2.099|2026-04-01
45662|1.989|1.739|2.339|2.089|2026-04-01
45663|NA|1.767|NA|2.097|2026-04-01
45664|1.986|1.786|2.346|2.146|2026-04-01
45666|1.709|1.709|2.039|2.039|2026-04-01
45668|1.895|1.685|2.245|2.035|2026-04-01
45670|1.719|1.719|2.099|2.099|2026-04-01
45672|NA|1.819|NA|2.139|2026-04-01
45673|2.069|1.779|2.439|2.149|2026-04-01
45679|NA|1.799|NA|2.189|2026-04-01
45682|1.869|1.719|2.179|2.029|2026-04-01
45683|1.909|1.759|2.239|2.089|2026-04-01
45684|NA|1.717|NA|2.037|2026-04-01
45686|1.747|1.747|2.077|2.077|2026-04-01
45687|1.959|1.759|2.299|2.099|2026-04-01
45690|1.919|1.799|2.219|2.099|2026-04-01
45691|1.739|1.739|2.049|2.049|2026-04-01
45694|1.717|1.717|2.069|2.069|2026-04-01
45701|1.719|1.719|2.099|2.099|2026-04-01
45702|1.779|1.779|2.099|2.099|2026-04-01
45703|1.699|NA|2.059|NA|2026-04-01
45707|1.939|1.939|2.129|2.129|2026-04-01
45708|1.799|1.799|2.119|2.119|2026-04-01
45710|NA|1.759|NA|2.129|2026-04-01
45712|NA|1.779|NA|2.059|2026-04-01
45717|NA|1.789|NA|2.149|2026-04-01
45721|2.087|1.819|2.417|2.149|2026-04-01
45724|1.949|1.749|2.289|2.139|2026-04-01
45725|1.899|1.759|2.159|2.099|2026-04-01
45727|NA|1.759|NA|2.099|2026-04-01
45728|1.999|1.779|2.359|2.139|2026-04-01
45730|NA|1.769|NA|2.129|2026-04-01
45731|1.957|1.737|2.265|2.045|2026-04-01
45734|1.769|1.769|2.129|2.129|2026-04-01
45742|NA|1.749|NA|2.169|2026-04-01
45743|1.728|1.728|2.048|2.048|2026-04-01
45751|1.92|1.72|2.289|2.089|2026-04-01
45755|1.997|1.797|2.317|2.097|2026-04-01
45756|NA|1.639|NA|1.959|2026-04-01
45757|NA|1.729|NA|2.099|2026-04-01
45758|1.955|1.735|2.265|2.045|2026-04-01
45761|NA|1.749|NA|2.129|2026-04-01
45765|NA|1.729|NA|2.079|2026-04-01
45766|1.965|1.755|2.279|2.069|2026-04-01
45767|1.749|1.749|2.119|2.119|2026-04-01
45770|1.769|1.769|2.129|2.129|2026-04-01
45771|1.799|1.799|2.139|2.139|2026-04-01
45772|1.967|1.742|2.273|2.048|2026-04-01
45774|NA|1.729|NA|2.097|2026-04-01
45776|NA|1.769|NA|2.169|2026-04-01
45777|NA|1.749|NA|2.149|2026-04-01
45779|1.885|1.715|2.25|2.04|2026-04-01
45783|1.735|1.735|2.055|2.055|2026-04-01
45785|1.969|1.759|2.309|2.099|2026-04-01
45786|1.749|1.749|2.099|2.099|2026-04-01
45788|2.019|1.759|2.329|2.069|2026-04-01
45789|1.779|1.779|2.099|2.099|2026-04-01
45793|1.939|1.789|2.209|2.059|2026-04-01
45802|1.952|1.742|2.258|2.048|2026-04-01
45804|2.039|1.789|2.359|2.109|2026-04-01
45805|1.819|1.819|2.149|2.149|2026-04-01
45806|NA|1.737|NA|2.037|2026-04-01
45808|1.979|1.769|2.309|2.099|2026-04-01
45813|1.779|1.779|2.149|2.149|2026-04-01
45814|NA|1.837|NA|2.157|2026-04-01
45826|NA|1.799|NA|2.079|2026-04-01
45827|1.729|1.729|2.069|2.069|2026-04-01
45830|2.059|1.739|2.389|2.069|2026-04-01
45832|NA|1.739|NA|2.015|2026-04-01
45835|1.759|1.759|1.859|1.859|2026-04-01
45841|1.759|1.759|2.139|2.139|2026-04-01
45844|NA|1.719|NA|2.129|2026-04-01
45848|1.759|NA|1.999|NA|2026-04-01
45850|NA|1.789|NA|2.099|2026-04-01
45851|NA|1.739|NA|2.049|2026-04-01
45856|1.977|1.777|2.319|2.119|2026-04-01
45861|2.001|1.781|2.286|2.066|2026-04-01
45868|NA|1.729|NA|2.139|2026-04-01
45870|1.937|1.717|2.265|2.045|2026-04-01
45879|1.949|1.689|2.259|1.999|2026-04-01
45880|1.847|1.717|2.087|2.037|2026-04-01
45881|1.965|1.755|2.259|2.049|2026-04-01
45882|1.967|1.747|2.265|2.045|2026-04-01
45886|1.935|1.715|2.255|2.035|2026-04-01
45892|NA|1.719|NA|2.059|2026-04-01
45896|NA|1.729|NA|2.059|2026-04-01
45898|2.098|1.898|2.398|2.198|2026-04-01
45900|1.727|1.727|2.094|2.094|2026-04-01
45903|2.198|1.898|2.399|2.199|2026-04-01
45906|2.049|1.749|2.389|2.089|2026-04-01
45907|1.798|1.798|1.998|1.998|2026-04-01
45909|1.889|1.739|2.189|2.039|2026-04-01
45910|NA|1.729|NA|2.059|2026-04-01
45911|NA|1.719|NA|2.069|2026-04-01
45916|NA|1.779|NA|2.099|2026-04-01
45917|NA|1.749|NA|2.129|2026-04-01
45918|2.959|1.759|2.329|2.199|2026-04-01
45920|1.779|1.779|2.079|2.079|2026-04-01
45925|NA|1.749|NA|2.069|2026-04-01
45926|1.719|1.719|2.069|2.069|2026-04-01
45927|1.889|1.769|2.179|2.069|2026-04-01
45929|NA|1.729|NA|2.059|2026-04-01
45930|1.773|1.773|2.105|2.105|2026-04-01
45931|1.72|1.72|2.102|2.102|2026-04-01
45932|1.869|1.769|2.149|2.049|2026-04-01
45939|1.957|1.737|2.265|2.045|2026-04-01
45940|NA|1.876|NA|NA|2026-04-01
45941|1.769|1.769|2.129|2.129|2026-04-01
45944|1.988|1.838|2.239|2.089|2026-04-01
45946|NA|1.699|NA|2.079|2026-04-01
45947|NA|1.729|NA|2.079|2026-04-01
45948|NA|1.699|NA|2.099|2026-04-01
45949|NA|1.728|NA|2.088|2026-04-01
45950|NA|1.698|NA|2.038|2026-04-01
45951|NA|1.738|NA|1.998|2026-04-01
45952|NA|1.717|NA|2.099|2026-04-01
45956|NA|1.799|NA|2.089|2026-04-01
45959|1.789|1.789|2.119|2.119|2026-04-01
45965|1.759|1.759|2.049|2.049|2026-04-01
45966|NA|1.759|NA|2.139|2026-04-01
45977|1.949|1.759|2.189|1.999|2026-04-01
45978|1.768|1.768|2.058|2.058|2026-04-01
45979|1.939|1.729|2.259|2.049|2026-04-01
45980|2.049|1.749|2.399|2.099|2026-04-01
45981|1.957|1.737|2.273|2.053|2026-04-01
45984|1.798|1.798|2.048|2.048|2026-04-01
45993|1.798|NA|2.119|NA|2026-04-01
45996|1.789|1.789|2.149|2.149|2026-04-01
45998|1.957|1.737|2.265|2.045|2026-04-01
46000|1.929|1.719|2.259|2.049|2026-04-01
46006|1.798|1.798|2.098|2.098|2026-04-01
46008|NA|1.759|NA|2.089|2026-04-01
46010|NA|1.799|NA|2.129|2026-04-01
46011|1.949|1.769|2.309|2.129|2026-04-01
46012|1.733|1.733|2.115|2.115|2026-04-01
46013|1.743|1.743|2.115|2.115|2026-04-01
46016|1.889|1.769|2.219|2.099|2026-04-01
46021|1.969|1.769|2.335|2.135|2026-04-01
46023|NA|1.679|NA|2.079|2026-04-01
46026|NA|1.765|NA|2.049|2026-04-01
46027|NA|1.747|NA|2.063|2026-04-01
46031|NA|1.689|NA|1.998|2026-04-01
46032|2.109|1.809|2.439|2.139|2026-04-01
46034|2.049|1.839|2.409|2.199|2026-04-01
46037|1.949|1.769|2.249|2.069|2026-04-01
46044|1.957|1.737|2.273|2.053|2026-04-01
46045|1.957|1.737|2.26|2.04|2026-04-01
46046|1.943|1.733|2.305|2.115|2026-04-01
46048|1.899|1.699|2.279|2.079|2026-04-01
46049|NA|1.739|NA|2.059|2026-04-01
46051|1.937|1.717|2.253|2.033|2026-04-01
46054|NA|1.738|NA|2.058|2026-04-01
46059|1.967|1.747|2.255|2.035|2026-04-01
46061|NA|1.724|NA|2.149|2026-04-01
46062|2.099|1.699|2.297|2.047|2026-04-01
46063|NA|1.727|NA|2.069|2026-04-01
46064|1.919|1.769|2.249|2.099|2026-04-01
46065|1.935|1.755|2.255|2.075|2026-04-01
46066|NA|1.829|NA|2.169|2026-04-01
46067|1.743|1.743|2.115|2.115|2026-04-01
46068|1.939|1.739|2.259|2.059|2026-04-01
46072|1.989|1.779|2.339|2.129|2026-04-01
46074|2.085|1.755|2.365|2.035|2026-04-01
46077|1.957|1.737|2.265|2.045|2026-04-01
46081|2.003|1.776|2.313|2.086|2026-04-01
46087|NA|1.737|NA|2.053|2026-04-01
46091|1.809|1.749|2.169|2.109|2026-04-01
46096|NA|1.737|NA|2.067|2026-04-01
46101|2.009|1.759|2.369|2.119|2026-04-01
46102|1.999|1.799|2.349|2.149|2026-04-01
46104|1.849|1.849|2.169|2.169|2026-04-01
46105|1.735|1.735|2.089|2.089|2026-04-01
46110|NA|1.769|NA|2.129|2026-04-01
46111|1.819|1.819|2.099|2.099|2026-04-01
46112|1.959|1.749|2.329|2.119|2026-04-01
46114|1.715|1.715|2.089|2.089|2026-04-01
46115|1.687|1.687|2.059|2.059|2026-04-01
46120|NA|1.78|NA|2.089|2026-04-01
46122|1.759|NA|2.089|NA|2026-04-01
46131|1.959|1.759|2.299|2.099|2026-04-01
46134|1.967|1.747|2.273|2.053|2026-04-01
46137|NA|1.729|NA|2.029|2026-04-01
46138|1.769|NA|2.129|NA|2026-04-01
46139|NA|1.759|NA|2.099|2026-04-01
46140|NA|1.719|NA|2.039|2026-04-01
46141|1.969|1.769|2.319|2.119|2026-04-01
46142|1.947|1.737|2.26|2.05|2026-04-01
46149|NA|1.727|NA|2.117|2026-04-01
46151|NA|1.799|NA|2.169|2026-04-01
46153|1.999|1.749|2.339|2.089|2026-04-01
46155|NA|1.699|NA|2.069|2026-04-01
46158|1.719|1.719|2.019|2.019|2026-04-01
46164|1.829|1.769|2.189|2.129|2026-04-01
46166|1.729|1.729|2.069|2.069|2026-04-01
46167|NA|1.799|NA|2.099|2026-04-01
46170|NA|1.899|NA|2.099|2026-04-01
46172|NA|1.699|NA|1.999|2026-04-01
46175|NA|1.725|NA|2.035|2026-04-01
46179|NA|1.719|NA|2.099|2026-04-01
46180|1.849|1.749|2.179|2.079|2026-04-01
46181|1.759|NA|2.079|NA|2026-04-01
46182|NA|1.779|NA|2.159|2026-04-01
46185|2.019|1.719|2.419|2.119|2026-04-01
46189|NA|1.749|NA|2.089|2026-04-01
46193|2.009|1.759|2.349|2.099|2026-04-01
46194|1.937|1.717|2.26|2.04|2026-04-01
46195|1.942|1.722|2.228|2.008|2026-04-01
46198|2.099|1.799|2.399|2.099|2026-04-01
46199|2.099|1.799|2.399|2.099|2026-04-01
46200|1.967|1.747|2.275|2.055|2026-04-01
46204|1.865|NA|2.119|NA|2026-04-01
46205|1.952|1.737|2.25|2.035|2026-04-01
46207|1.973|1.763|2.325|2.135|2026-04-01
46208|1.743|1.743|2.145|2.145|2026-04-01
46210|2.149|1.849|2.359|2.059|2026-04-01
46211|2.149|1.849|2.359|2.059|2026-04-01
46212|1.799|1.799|2.079|2.079|2026-04-01
46214|1.899|NA|2.099|NA|2026-04-01
46215|NA|1.737|NA|2.035|2026-04-01
46218|1.76|NA|2.06|NA|2026-04-01
46221|2.069|1.819|2.399|2.149|2026-04-01
46224|2.087|1.826|2.417|2.156|2026-04-01
46227|1.929|1.729|2.219|2.019|2026-04-01
46233|NA|1.739|NA|2.099|2026-04-01
46241|1.949|1.749|2.289|2.089|2026-04-01
46247|1.937|1.717|2.255|2.035|2026-04-01
46250|NA|1.737|NA|2.057|2026-04-01
46253|1.789|1.789|2.089|2.089|2026-04-01
46254|1.752|1.752|2.114|2.114|2026-04-01
46257|1.759|1.759|2.099|2.099|2026-04-01
46258|1.739|1.739|2.089|2.089|2026-04-01
46259|1.996|1.796|2.358|2.158|2026-04-01
46260|NA|1.653|NA|1.987|2026-04-01
46261|NA|1.699|NA|2.079|2026-04-01
46262|1.739|NA|2.119|NA|2026-04-01
46263|1.957|1.732|2.273|2.048|2026-04-01
46264|1.769|1.769|2.099|2.099|2026-04-01
46265|1.957|1.732|2.273|2.048|2026-04-01
46269|1.811|1.759|2.121|2.069|2026-04-01
46270|NA|1.799|NA|2.139|2026-04-01
46271|1.759|1.759|2.129|2.129|2026-04-01
46274|2.099|1.799|2.399|2.099|2026-04-01
46275|NA|1.799|NA|2.089|2026-04-01
46276|1.799|1.799|2.099|2.099|2026-04-01
46277|NA|1.737|NA|2.045|2026-04-01
46279|NA|1.737|NA|2.053|2026-04-01
46280|NA|1.737|NA|2.045|2026-04-01
46281|NA|1.859|NA|2.139|2026-04-01
46282|1.759|1.759|2.089|2.089|2026-04-01
46293|1.957|1.737|2.255|2.035|2026-04-01
46297|1.719|1.719|2.109|2.109|2026-04-01
46303|NA|1.799|NA|2.099|2026-04-01
46308|1.869|1.689|2.229|2.049|2026-04-01
46312|1.722|1.722|2.114|2.114|2026-04-01
46313|1.932|1.722|2.304|2.114|2026-04-01
46317|1.999|1.799|2.398|2.198|2026-04-01
46318|1.992|1.739|2.329|2.139|2026-04-01
46321|NA|1.729|NA|2.089|2026-04-01
46322|NA|1.739|NA|2.099|2026-04-01
46323|1.799|1.799|2.139|2.139|2026-04-01
46325|2.028|1.779|2.348|2.099|2026-04-01
46331|1.678|1.678|2.038|2.038|2026-04-01
46333|NA|1.735|NA|2.035|2026-04-01
46334|2.189|1.839|2.509|2.159|2026-04-01
46335|1.979|1.729|2.269|2.019|2026-04-01
46336|1.797|1.797|2.087|2.087|2026-04-01
46337|2.068|1.833|2.335|2.129|2026-04-01
46339|1.739|1.739|2.129|2.129|2026-04-01
46340|NA|1.707|NA|2.077|2026-04-01
46341|1.739|1.739|2.069|2.069|2026-04-01
46342|2.079|1.729|2.459|2.109|2026-04-01
46348|1.89|1.89|2.119|2.119|2026-04-01
46355|NA|1.774|NA|2.114|2026-04-01
46356|NA|1.717|NA|2.035|2026-04-01
46357|NA|1.759|NA|1.999|2026-04-01
46361|1.799|1.799|2.099|2.099|2026-04-01
46368|NA|1.799|NA|2.159|2026-04-01
46369|1.945|1.725|2.265|2.045|2026-04-01
46370|1.942|1.732|2.238|2.028|2026-04-01
46371|1.962|1.742|2.268|2.048|2026-04-01
46372|1.879|1.779|2.199|2.099|2026-04-01
46376|NA|1.849|NA|2.199|2026-04-01
46378|1.739|1.739|2.049|2.049|2026-04-01
46379|1.998|1.798|2.399|2.179|2026-04-01
46385|1.749|1.749|2.049|2.049|2026-04-01
46387|1.919|1.709|2.209|1.999|2026-04-01
46388|2.099|1.799|2.399|2.099|2026-04-01
46389|1.947|1.737|2.263|2.053|2026-04-01
46390|1.682|1.682|2.114|2.114|2026-04-01
46393|1.759|1.759|2.119|2.119|2026-04-01
46394|1.959|1.749|2.249|2.039|2026-04-01
46396|1.939|1.779|2.299|2.139|2026-04-01
46398|NA|1.767|NA|2.067|2026-04-01
46406|1.7|NA|2.03|NA|2026-04-01
46408|1.749|1.749|2.049|2.049|2026-04-01
46414|1.935|1.725|2.225|2.028|2026-04-01
46417|1.989|1.739|2.289|2.039|2026-04-01
46419|1.989|1.739|2.289|2.039|2026-04-01
46420|1.819|1.819|2.099|2.099|2026-04-01
46423|1.869|1.769|2.229|2.129|2026-04-01
46425|2.159|1.909|2.399|2.149|2026-04-01
46426|1.849|1.749|2.179|2.079|2026-04-01
46427|NA|1.799|NA|2.129|2026-04-01
46429|1.729|1.729|2.019|2.019|2026-04-01
46430|1.739|1.739|2.029|2.029|2026-04-01
46431|1.73|1.73|2.05|2.05|2026-04-01
46434|1.947|1.747|2.265|2.045|2026-04-01
46435|NA|1.779|NA|2.099|2026-04-01
46440|NA|1.809|NA|2.169|2026-04-01
46441|1.803|1.803|2.165|2.165|2026-04-01
46443|NA|1.749|NA|NA|2026-04-01
46444|2.129|1.779|2.509|2.159|2026-04-01
46445|1.957|1.747|2.259|2.049|2026-04-01
46446|NA|1.759|NA|2.069|2026-04-01
46452|2.004|1.754|2.354|2.104|2026-04-01
46455|1.925|1.745|2.275|2.095|2026-04-01
46459|2.073|2.073|2.229|2.229|2026-04-01
46466|NA|1.739|NA|2.139|2026-04-01
46470|1.73|1.73|2.05|2.05|2026-04-01
46472|1.869|1.779|2.249|2.159|2026-04-01
46473|1.759|NA|2.099|NA|2026-04-01
46476|NA|1.799|NA|2.119|2026-04-01
46477|NA|1.789|NA|2.119|2026-04-01
46478|2.019|1.819|2.339|2.139|2026-04-01
46479|NA|1.759|NA|2.089|2026-04-01
46480|1.799|NA|2.079|NA|2026-04-01
46481|NA|1.699|NA|2.109|2026-04-01
46486|1.759|1.759|2.099|2.099|2026-04-01
46487|NA|1.742|NA|2.055|2026-04-01
46488|1.879|1.879|2.099|2.099|2026-04-01
46489|1.952|1.742|2.255|2.045|2026-04-01
46490|1.92|1.699|2.26|2.04|2026-04-01
46491|2.099|1.799|2.399|2.099|2026-04-01
46492|2.099|1.799|2.399|2.099|2026-04-01
46494|1.957|1.737|2.255|2.035|2026-04-01
46495|1.849|1.729|2.219|2.099|2026-04-01
46499|NA|1.729|NA|2.099|2026-04-01
46500|1.942|1.732|2.258|2.048|2026-04-01
46502|1.899|1.899|2.099|2.099|2026-04-01
46503|NA|1.799|NA|2.089|2026-04-01
46504|2.149|1.799|2.439|2.089|2026-04-01
46505|2.149|1.799|2.439|2.089|2026-04-01
46506|2.019|1.799|2.309|2.089|2026-04-01
46508|NA|NA|NA|2.099|2026-04-01
46509|1.899|1.789|NA|NA|2026-04-01
46511|2.029|1.779|2.409|2.139|2026-04-01
46512|NA|1.739|NA|2.109|2026-04-01
46513|NA|1.749|NA|2.129|2026-04-01
46519|NA|1.735|NA|2.049|2026-04-01
46526|NA|1.735|NA|2.049|2026-04-01
46530|NA|1.759|NA|2.119|2026-04-01
46531|1.759|1.759|2.099|2.099|2026-04-01
46532|1.899|1.699|2.159|1.999|2026-04-01
46534|1.909|1.699|2.309|2.099|2026-04-01
46535|2.047|1.797|2.387|2.137|2026-04-01
46544|1.957|1.737|2.273|2.053|2026-04-01
46547|NA|1.769|NA|2.159|2026-04-01
46551|NA|1.749|NA|2.149|2026-04-01
46552|1.945|1.735|2.243|2.033|2026-04-01
46553|1.935|1.725|2.255|2.045|2026-04-01
46554|1.729|1.729|2.099|2.099|2026-04-01
46555|1.769|1.769|2.099|2.099|2026-04-01
46559|1.719|1.719|2.099|2.099|2026-04-01
46560|2.139|1.789|2.499|2.149|2026-04-01
46564|1.949|1.949|2.099|2.099|2026-04-01
46566|NA|1.799|NA|2.169|2026-04-01
46569|1.95|1.73|2.233|2.013|2026-04-01
46570|1.939|1.729|2.271|2.081|2026-04-01
46573|1.972|1.762|2.33|2.12|2026-04-01
46574|1.879|1.729|2.199|2.049|2026-04-01
46577|2.019|1.769|2.329|2.079|2026-04-01
46578|1.759|NA|2.129|NA|2026-04-01
46579|1.719|1.719|2.059|2.059|2026-04-01
46580|1.789|1.789|2.099|2.099|2026-04-01
46581|1.959|1.759|2.269|2.069|2026-04-01
46582|1.819|NA|2.189|NA|2026-04-01
46584|1.829|1.679|2.109|1.959|2026-04-01
46592|1.92|1.695|2.233|2.008|2026-04-01
46593|2.024|1.784|2.444|2.204|2026-04-01
46594|2.059|NA|2.259|NA|2026-04-01
46595|1.729|1.729|2.079|2.079|2026-04-01
46597|1.74|1.74|2.089|2.089|2026-04-01
46599|1.95|1.73|2.253|2.033|2026-04-01
46602|1.909|1.699|2.209|1.999|2026-04-01
46603|1.749|1.749|2.049|2.049|2026-04-01
46605|1.955|1.735|2.255|2.035|2026-04-01
46606|1.989|1.789|2.359|2.159|2026-04-01
46608|1.939|1.729|2.269|2.059|2026-04-01
46609|1.929|1.729|2.269|2.069|2026-04-01
46611|1.884|1.674|2.138|1.928|2026-04-01
46612|2.019|1.819|2.359|2.159|2026-04-01
46616|2.009|1.799|2.279|2.069|2026-04-01
46621|NA|1.759|NA|2.099|2026-04-01
46622|2.079|1.779|2.449|2.149|2026-04-01
46623|1.768|NA|2.068|NA|2026-04-01
46624|2.125|1.827|2.49|2.189|2026-04-01
46628|1.957|1.737|2.255|2.035|2026-04-01
46629|NA|1.699|NA|2.099|2026-04-01
46631|NA|1.739|NA|2.089|2026-04-01
46632|NA|1.731|NA|2.039|2026-04-01
46634|1.952|1.737|2.248|2.033|2026-04-01
46635|1.937|1.717|2.253|2.033|2026-04-01
46639|1.939|1.739|2.199|1.999|2026-04-01
46640|1.749|NA|2.149|NA|2026-04-01
46645|NA|1.829|NA|2.139|2026-04-01
46649|2.028|1.728|2.338|2.038|2026-04-01
46650|2.017|1.797|2.357|2.137|2026-04-01
46654|NA|1.737|NA|2.045|2026-04-01
46656|1.962|1.742|2.265|2.045|2026-04-01
46658|1.967|1.747|2.273|2.053|2026-04-01
46660|2.219|1.819|2.519|2.119|2026-04-01
46662|2.249|1.849|2.599|2.199|2026-04-01
46664|2.049|1.749|2.399|2.099|2026-04-01
46665|1.932|1.712|2.255|2.035|2026-04-01
46673|1.799|1.799|2.129|2.129|2026-04-01
46675|1.942|1.732|2.24|2.03|2026-04-01
46676|1.719|1.719|2.019|2.019|2026-04-01
46677|1.739|1.739|2.029|2.029|2026-04-01
46678|1.875|1.695|2.255|2.075|2026-04-01
46680|NA|1.719|NA|NA|2026-04-01
46681|NA|1.749|NA|NA|2026-04-01
46683|NA|1.739|NA|2.029|2026-04-01
46684|1.759|1.759|2.099|2.099|2026-04-01
46690|2.009|1.789|2.329|2.109|2026-04-01
46693|1.937|1.717|2.255|2.035|2026-04-01
46694|1.759|NA|2.149|NA|2026-04-01
46695|1.957|1.737|2.26|2.04|2026-04-01
46696|NA|1.789|NA|2.159|2026-04-01
46698|1.929|1.769|2.139|2.139|2026-04-01
46699|1.839|1.739|2.199|2.099|2026-04-01
46700|NA|1.749|NA|2.139|2026-04-01
46701|1.929|1.769|2.239|2.079|2026-04-01
46706|1.95|1.729|2.253|2.033|2026-04-01
46709|1.959|1.759|2.299|2.099|2026-04-01
46713|NA|1.749|NA|2.069|2026-04-01
46714|NA|1.789|NA|2.069|2026-04-01
46715|1.945|1.725|NA|NA|2026-04-01
46716|1.719|1.719|2.059|2.059|2026-04-01
46717|1.769|1.769|2.119|2.119|2026-04-01
46723|1.927|1.707|2.231|2.011|2026-04-01
46724|1.748|1.748|2.148|2.148|2026-04-01
46725|1.689|1.689|2.069|2.069|2026-04-01
46728|NA|1.729|NA|NA|2026-04-01
46729|1.759|1.759|2.079|2.079|2026-04-01
46730|1.655|1.655|2.049|2.049|2026-04-01
46731|1.655|1.655|2.049|2.049|2026-04-01
46735|2.069|1.819|2.409|2.159|2026-04-01
46736|1.957|1.737|2.255|2.035|2026-04-01
46739|1.769|1.769|2.088|2.088|2026-04-01
46740|NA|1.699|NA|2.059|2026-04-01
46742|1.819|NA|2.179|NA|2026-04-01
46743|NA|1.95|NA|1.95|2026-04-01
46747|NA|1.759|NA|2.099|2026-04-01
46748|2.199|1.798|2.399|2.128|2026-04-01
46749|1.929|1.929|2.189|2.189|2026-04-01
46751|1.969|1.909|2.169|2.099|2026-04-01
46752|NA|1.789|NA|2.149|2026-04-01
46757|1.769|1.769|2.109|2.109|2026-04-01
46759|1.909|1.709|2.198|1.998|2026-04-01
46770|1.719|1.719|2.049|2.049|2026-04-01
46773|1.799|1.799|2.079|2.079|2026-04-01
46774|1.795|1.795|2.099|2.099|2026-04-01
46777|1.739|1.739|2.079|2.079|2026-04-01
46779|1.859|1.859|2.099|2.099|2026-04-01
46781|1.859|1.769|2.229|2.139|2026-04-01
46783|1.989|1.789|2.369|2.169|2026-04-01
46784|1.999|1.799|2.399|2.179|2026-04-01
46786|1.689|1.689|2.039|2.039|2026-04-01
46787|1.957|1.737|2.26|2.04|2026-04-01
46788|NA|1.799|NA|2.169|2026-04-01
46789|1.939|1.739|2.259|2.059|2026-04-01
46791|2.199|1.798|2.399|2.128|2026-04-01
46795|1.905|1.695|2.245|2.035|2026-04-01
46798|1.919|1.719|2.299|2.099|2026-04-01
46799|NA|1.779|NA|2.099|2026-04-01
46800|1.779|1.779|2.129|2.129|2026-04-01
46801|1.958|1.699|2.308|2.049|2026-04-01
46802|1.859|1.759|2.179|2.079|2026-04-01
46803|NA|1.739|NA|2.059|2026-04-01
46807|1.995|1.795|2.295|2.095|2026-04-01
46808|NA|1.739|NA|2.089|2026-04-01
46810|1.909|1.749|2.309|2.149|2026-04-01
46811|1.789|1.789|2.059|2.059|2026-04-01
46812|NA|1.759|NA|2.099|2026-04-01
46816|1.885|1.705|2.235|2.055|2026-04-01
46818|1.949|1.729|2.289|2.069|2026-04-01
46819|1.949|1.729|2.259|2.039|2026-04-01
46820|NA|1.749|NA|2.029|2026-04-01
46821|1.749|1.749|2.169|2.169|2026-04-01
46823|NA|1.799|NA|2.049|2026-04-01
46826|1.986|1.746|2.319|2.079|2026-04-01
46828|NA|1.699|NA|2.039|2026-04-01
46832|2.091|1.767|2.389|2.125|2026-04-01
46833|NA|1.799|NA|2.059|2026-04-01
46834|NA|1.799|NA|2.079|2026-04-01
46835|1.799|1.799|2.059|2.059|2026-04-01
46836|NA|1.999|NA|2.199|2026-04-01
46839|NA|1.799|NA|2.139|2026-04-01
46841|1.925|1.745|2.275|2.095|2026-04-01
46842|NA|1.697|NA|2.047|2026-04-01
46844|1.722|1.722|2.114|2.114|2026-04-01
46845|2.069|1.799|2.419|2.129|2026-04-01
46846|2.009|1.769|2.399|2.139|2026-04-01
46848|NA|1.709|NA|2.069|2026-04-01
46851|1.957|1.737|2.255|2.035|2026-04-01
46852|NA|1.749|NA|2.099|2026-04-01
46853|NA|1.769|NA|2.149|2026-04-01
46857|NA|1.697|NA|2.017|2026-04-01
46859|1.879|1.699|2.179|1.999|2026-04-01
46860|NA|1.749|NA|2.119|2026-04-01
46861|NA|1.779|NA|2.159|2026-04-01
46868|1.914|1.749|2.224|2.059|2026-04-01
46869|NA|1.689|NA|1.999|2026-04-01
46870|NA|1.689|NA|1.999|2026-04-01
46871|NA|1.735|NA|2.029|2026-04-01
46872|NA|1.697|NA|2.017|2026-04-01
46873|NA|1.739|NA|2.079|2026-04-01
46877|NA|1.729|NA|2.099|2026-04-01
46880|1.799|1.799|2.099|2.099|2026-04-01
46881|1.864|1.864|1.996|1.996|2026-04-01
46882|1.839|1.839|2.129|2.129|2026-04-01
46883|NA|1.699|NA|2.059|2026-04-01
46884|1.833|1.833|2.167|2.167|2026-04-01
46889|1.937|1.717|2.255|2.035|2026-04-01
46894|1.949|1.739|2.289|2.079|2026-04-01
46898|1.819|NA|2.099|NA|2026-04-01
46899|NA|1.829|NA|1.699|2026-04-01
46901|1.699|1.699|1.999|1.999|2026-04-01
46903|1.699|1.699|1.999|1.999|2026-04-01
46906|1.899|1.689|1.949|1.739|2026-04-01
46909|2.069|1.769|2.389|2.089|2026-04-01
46911|1.779|1.779|2.099|2.099|2026-04-01
46913|1.929|1.729|2.289|2.089|2026-04-01
46914|NA|1.739|NA|2.039|2026-04-01
46916|1.922|1.717|2.258|2.053|2026-04-01
46917|2.019|1.749|2.339|2.069|2026-04-01
46923|NA|1.779|NA|2.129|2026-04-01
46927|1.942|1.732|2.258|2.048|2026-04-01
46929|2.077|1.797|2.377|2.097|2026-04-01
46930|1.942|1.732|2.238|2.028|2026-04-01
46932|1.759|NA|1.989|NA|2026-04-01
46933|1.729|NA|2.099|NA|2026-04-01
46934|NA|1.729|NA|2.079|2026-04-01
46935|1.772|1.772|2.134|2.134|2026-04-01
46936|1.869|1.719|2.179|2.029|2026-04-01
46938|NA|1.759|NA|2.098|2026-04-01
46939|1.759|1.759|2.098|2.098|2026-04-01
46940|NA|1.755|NA|2.089|2026-04-01
46942|1.957|1.737|2.273|2.053|2026-04-01
46943|1.957|1.737|2.255|2.035|2026-04-01
46945|NA|1.779|NA|2.159|2026-04-01
46946|NA|1.729|NA|2.059|2026-04-01
46948|2.094|1.839|2.384|2.129|2026-04-01
46950|1.769|NA|2.119|NA|2026-04-01
46951|1.937|1.715|2.255|2.035|2026-04-01
46952|1.919|1.719|2.289|2.089|2026-04-01
46953|NA|1.799|NA|2.039|2026-04-01
46954|1.709|1.709|1.999|1.999|2026-04-01
46955|1.947|1.737|2.245|2.035|2026-04-01
46958|1.749|1.749|2.049|2.049|2026-04-01
46962|1.935|1.725|2.263|2.053|2026-04-01
46966|1.829|NA|1.739|NA|2026-04-01
46967|1.739|1.739|2.019|2.019|2026-04-01
46969|1.748|1.748|1.998|1.998|2026-04-01
46974|1.942|1.732|2.263|2.053|2026-04-01
46979|NA|1.799|NA|2.099|2026-04-01
46980|2.069|1.779|2.449|2.159|2026-04-01
46981|1.889|1.719|2.229|2.059|2026-04-01
46985|1.689|1.689|2.039|2.039|2026-04-01
46986|1.799|1.799|2.099|2.099|2026-04-01
46988|2.009|1.779|2.289|2.059|2026-04-01
46989|1.957|1.737|2.273|2.053|2026-04-01
46992|1.739|1.739|2.079|2.079|2026-04-01
47001|1.919|1.699|2.279|2.059|2026-04-01
47002|1.949|1.749|2.299|2.099|2026-04-01
47004|NA|1.767|NA|2.067|2026-04-01
47005|NA|1.747|NA|2.097|2026-04-01
47006|1.919|1.769|2.259|2.109|2026-04-01
47007|NA|1.719|NA|2.049|2026-04-01
47008|1.828|1.729|2.158|2.059|2026-04-01
47010|1.979|1.779|2.349|2.149|2026-04-01
47011|NA|1.709|NA|2.019|2026-04-01
47012|NA|1.739|NA|2.099|2026-04-01
47013|NA|1.729|NA|2.089|2026-04-01
47014|NA|1.749|NA|2.149|2026-04-01
47016|1.919|1.729|2.249|2.059|2026-04-01
47017|1.759|1.759|2.089|2.089|2026-04-01
47022|1.977|1.766|2.367|2.156|2026-04-01
47024|1.949|1.729|2.279|2.059|2026-04-01
47026|1.919|1.719|2.269|2.069|2026-04-01
47029|1.747|1.747|2.047|2.047|2026-04-01
47030|1.909|1.699|2.309|2.099|2026-04-01
47037|NA|1.809|NA|2.179|2026-04-01
47039|2.019|1.779|2.359|2.119|2026-04-01
47040|1.959|1.759|2.349|2.149|2026-04-01
47041|1.739|1.739|2.069|2.069|2026-04-01
47042|NA|1.899|NA|2.099|2026-04-01
47045|1.759|1.759|2.129|2.129|2026-04-01
47046|1.919|1.769|2.289|2.139|2026-04-01
47047|2.029|1.779|2.399|2.149|2026-04-01
47048|2.047|1.727|2.407|2.057|2026-04-01
47049|NA|1.799|NA|2.149|2026-04-01
47052|1.983|1.773|2.305|2.115|2026-04-01
47053|1.952|1.732|2.249|2.029|2026-04-01
47055|1.985|1.735|2.205|1.955|2026-04-01
47057|NA|1.739|NA|2.079|2026-04-01
47059|NA|1.719|NA|2.089|2026-04-01
47065|1.945|1.735|2.243|2.033|2026-04-01
47071|2.039|1.799|2.379|2.139|2026-04-01
47073|1.949|1.739|2.269|2.059|2026-04-01
47074|2.099|1.799|2.359|2.059|2026-04-01
47076|1.999|1.789|2.299|2.089|2026-04-01
47077|1.749|1.749|2.049|2.049|2026-04-01
47079|1.749|1.749|NA|NA|2026-04-01
47080|1.919|1.739|2.229|2.049|2026-04-01
47081|1.949|1.749|2.359|2.159|2026-04-01
47083|1.967|1.747|2.283|2.063|2026-04-01
47086|2.039|1.769|1.999|1.729|2026-04-01
47088|2.009|1.759|2.349|2.099|2026-04-01
47089|1.739|1.739|2.159|2.159|2026-04-01
47090|1.899|1.899|2.099|2.099|2026-04-01
47091|1.779|NA|2.147|NA|2026-04-01
47096|NA|1.72|NA|2.02|2026-04-01
47098|1.919|1.759|2.279|2.119|2026-04-01
47099|1.989|1.779|2.309|2.099|2026-04-01
47101|1.769|1.769|2.099|2.099|2026-04-01
47105|1.839|1.739|2.189|2.089|2026-04-01
47107|1.779|1.779|2.089|2.089|2026-04-01
47111|1.799|1.799|2.069|2.069|2026-04-01
47114|1.899|1.799|2.139|2.039|2026-04-01
47117|2.139|1.839|2.419|2.119|2026-04-01
47118|NA|1.799|NA|2.149|2026-04-01
47119|2.129|1.789|2.399|2.059|2026-04-01
47120|1.919|1.719|2.249|2.049|2026-04-01
47122|1.909|1.709|2.279|2.079|2026-04-01
47123|1.729|1.729|2.099|2.099|2026-04-01
47125|1.819|1.699|2.199|2.079|2026-04-01
47129|NA|1.749|NA|2.099|2026-04-01
47130|1.749|1.749|2.119|2.119|2026-04-01
47135|NA|1.759|NA|2.089|2026-04-01
47137|1.929|1.779|2.269|2.119|2026-04-01
47138|NA|1.749|NA|2.099|2026-04-01
47139|1.799|1.799|2.099|2.099|2026-04-01
47142|1.942|1.732|2.255|2.045|2026-04-01
47144|1.942|1.732|2.304|2.114|2026-04-01
47145|NA|1.749|NA|2.139|2026-04-01
47146|1.929|1.729|2.199|1.999|2026-04-01
47148|1.718|1.718|2.078|2.078|2026-04-01
47153|NA|1.758|NA|2.097|2026-04-01
47154|1.899|NA|2.159|NA|2026-04-01
47158|1.876|1.876|1.945|1.945|2026-04-01
47159|1.919|1.719|2.239|2.039|2026-04-01
47160|1.909|1.699|2.309|2.099|2026-04-01
47162|NA|1.739|NA|2.049|2026-04-01
47163|NA|1.769|NA|2.079|2026-04-01
47165|NA|1.777|NA|1.999|2026-04-01
47167|1.799|1.799|2.089|2.089|2026-04-01
47169|NA|1.749|NA|2.119|2026-04-01
47174|1.937|1.737|2.227|2.027|2026-04-01
47175|1.937|1.737|2.227|2.027|2026-04-01
47177|2.039|1.789|2.409|2.159|2026-04-01
47180|1.895|1.685|2.215|2.005|2026-04-01
47181|1.889|1.789|2.249|2.149|2026-04-01
47183|1.899|1.899|2.169|2.169|2026-04-01
47184|1.929|1.719|2.329|2.119|2026-04-01
47186|2.048|1.898|2.279|2.129|2026-04-01
47188|1.899|1.699|2.049|2.089|2026-04-01
47194|2.029|1.799|2.299|2.069|2026-04-01
47196|NA|1.747|NA|2.017|2026-04-01
47198|2.044|1.745|2.344|2.045|2026-04-01
47200|1.999|1.799|2.399|2.199|2026-04-01
47203|NA|1.687|NA|2.017|2026-04-01
47204|1.952|1.732|2.268|2.048|2026-04-01
47206|1.719|1.719|1.999|1.999|2026-04-01
47207|2.079|1.779|2.449|2.149|2026-04-01
47211|NA|1.695|NA|2.025|2026-04-01
47212|1.759|1.759|NA|NA|2026-04-01
47216|1.847|1.747|2.167|2.067|2026-04-01
47218|1.969|1.769|2.319|2.119|2026-04-01
47219|1.935|1.715|2.248|2.028|2026-04-01
47224|1.957|1.737|2.253|2.033|2026-04-01
47231|1.899|1.799|2.199|2.099|2026-04-01
47232|2.032|1.772|2.402|2.142|2026-04-01
47235|1.799|1.799|2.099|2.099|2026-04-01
47237|1.759|1.759|2.089|2.089|2026-04-01
47238|1.999|1.799|2.399|2.179|2026-04-01
47245|1.969|1.749|2.279|2.059|2026-04-01
47246|NA|1.732|NA|2.035|2026-04-01
47251|NA|1.819|NA|2.099|2026-04-01
47255|1.699|1.699|1.999|1.999|2026-04-01
47257|NA|1.799|NA|2.099|2026-04-01
47259|NA|1.749|NA|2.089|2026-04-01
47268|1.749|1.699|2.079|2.029|2026-04-01
47273|1.889|1.749|2.209|2.069|2026-04-01
47275|NA|1.799|NA|2.169|2026-04-01
47276|1.739|1.739|2.079|2.079|2026-04-01
47281|1.917|1.706|2.307|2.096|2026-04-01
47282|1.952|1.732|2.258|2.038|2026-04-01
47286|1.932|1.712|2.255|2.035|2026-04-01
47287|1.949|1.749|2.229|2.029|2026-04-01
47291|2.139|1.889|2.379|2.129|2026-04-01
47293|1.789|1.689|2.159|2.059|2026-04-01
47295|1.935|1.735|2.289|2.089|2026-04-01
47301|1.969|1.759|2.278|2.068|2026-04-01
47302|NA|1.749|NA|2.119|2026-04-01
47308|NA|1.779|NA|2.099|2026-04-01
47313|1.857|1.697|2.165|2.005|2026-04-01
47314|1.943|1.733|2.285|2.095|2026-04-01
47315|1.773|1.773|2.165|2.165|2026-04-01
47317|1.998|1.698|2.348|2.048|2026-04-01
47318|1.929|1.719|2.229|2.019|2026-04-01
47320|1.999|1.799|2.299|2.099|2026-04-01
47321|NA|1.787|NA|2.077|2026-04-01
47322|NA|1.639|NA|1.609|2026-04-01
47323|NA|1.729|NA|2.039|2026-04-01
47325|1.779|NA|2.05|NA|2026-04-01
47327|1.893|1.893|2.169|2.169|2026-04-01
47330|1.909|1.729|2.249|2.069|2026-04-01
47335|NA|1.749|NA|2.099|2026-04-01
47340|1.806|NA|2.156|NA|2026-04-01
47341|NA|1.755|NA|1.995|2026-04-01
47349|1.749|1.749|2.099|2.099|2026-04-01
47350|1.799|1.719|2.129|2.049|2026-04-01
47351|1.699|NA|1.995|NA|2026-04-01
47353|1.829|1.729|2.159|2.059|2026-04-01
47360|1.959|1.759|2.289|2.089|2026-04-01
47362|NA|1.689|NA|1.999|2026-04-01
47365|1.937|1.717|2.255|2.035|2026-04-01
47366|1.859|1.639|2.219|1.999|2026-04-01
47370|NA|1.709|NA|2.099|2026-04-01
47371|2.028|1.799|2.328|2.099|2026-04-01
47372|1.769|1.769|2.139|2.139|2026-04-01
47376|1.899|1.699|2.199|1.999|2026-04-01
47377|1.899|NA|2.099|NA|2026-04-01
47379|NA|1.769|NA|2.079|2026-04-01
47393|NA|1.739|NA|2.059|2026-04-01
47395|NA|1.739|NA|2.069|2026-04-01
47402|1.94|1.73|NA|NA|2026-04-01
47404|1.967|1.742|2.273|2.048|2026-04-01
47406|1.769|1.769|1.997|1.997|2026-04-01
47407|1.775|1.775|1.997|1.997|2026-04-01
47409|2.039|1.799|2.419|2.179|2026-04-01
47410|1.969|1.759|2.309|2.099|2026-04-01
47412|NA|1.719|NA|2.009|2026-04-01
47414|1.909|1.699|2.289|2.089|2026-04-01
47419|NA|1.759|NA|2.139|2026-04-01
47421|1.947|1.737|2.263|2.053|2026-04-01
47422|NA|1.749|NA|2.119|2026-04-01
47424|2.024|1.799|2.324|2.099|2026-04-01
47427|NA|1.769|NA|2.089|2026-04-01
47428|2.099|1.719|2.429|2.049|2026-04-01
47429|NA|1.739|NA|2.089|2026-04-01
47432|1.939|1.739|2.289|2.089|2026-04-01
47436|NA|1.819|NA|2.149|2026-04-01
47441|NA|1.794|NA|2.064|2026-04-01
47442|NA|1.771|NA|2.049|2026-04-01
47443|NA|1.768|NA|2.034|2026-04-01
47444|1.799|1.799|2.109|2.109|2026-04-01
47446|NA|1.719|NA|2.039|2026-04-01
47451|2.009|1.779|2.379|2.149|2026-04-01
47453|1.889|1.889|1.989|1.989|2026-04-01
47454|1.946|1.736|2.239|2.029|2026-04-01
47456|1.937|1.717|2.273|2.053|2026-04-01
47457|NA|1.699|NA|2.069|2026-04-01
47458|1.749|1.749|2.059|2.059|2026-04-01
47462|1.689|1.689|1.998|1.998|2026-04-01
47463|1.725|1.725|2.05|2.05|2026-04-01
47465|NA|1.749|NA|2.129|2026-04-01
47466|NA|1.799|NA|2.199|2026-04-01
47467|1.957|1.737|2.255|2.035|2026-04-01
47468|1.949|1.699|2.249|1.999|2026-04-01
47472|NA|1.789|NA|2.149|2026-04-01
47474|1.865|1.865|2.065|2.065|2026-04-01
47477|1.789|1.789|2.059|2.059|2026-04-01
47478|NA|1.749|NA|2.139|2026-04-01
47480|NA|1.747|NA|2.069|2026-04-01
47482|1.749|1.749|2.139|2.139|2026-04-01
47483|1.999|1.799|2.379|2.159|2026-04-01
47487|NA|1.747|NA|2.077|2026-04-01
47498|1.889|1.739|2.219|2.069|2026-04-01
47499|NA|1.799|NA|2.109|2026-04-01
47500|1.939|1.739|2.229|2.029|2026-04-01
47502|NA|1.737|NA|2.027|2026-04-01
47505|1.959|1.749|2.309|2.099|2026-04-01
47506|NA|1.737|NA|2.087|2026-04-01
47507|2.029|1.819|2.309|2.099|2026-04-01
47508|1.945|1.725|2.255|2.035|2026-04-01
47509|1.749|1.749|2.099|2.099|2026-04-01
47510|2.009|1.759|2.289|2.039|2026-04-01
47511|2.029|1.899|2.377|2.147|2026-04-01
47512|1.942|1.732|2.245|2.035|2026-04-01
47513|NA|1.669|NA|1.729|2026-04-01
47515|1.779|1.779|2.159|2.159|2026-04-01
47517|2.129|1.829|2.339|2.039|2026-04-01
47518|1.979|1.729|2.319|2.069|2026-04-01
47519|1.679|1.679|2.019|2.019|2026-04-01
47520|NA|1.789|NA|2.089|2026-04-01
47521|1.942|1.732|2.258|2.048|2026-04-01
47522|1.957|1.737|2.273|2.053|2026-04-01
47523|1.739|1.739|2.089|2.089|2026-04-01
47524|1.949|1.749|2.289|2.089|2026-04-01
47527|1.799|NA|2.099|NA|2026-04-01
47532|1.899|1.899|2.099|2.099|2026-04-01
47538|1.769|1.769|2.069|2.069|2026-04-01
47539|2.019|1.799|2.169|1.949|2026-04-01
47541|1.939|1.739|2.349|2.149|2026-04-01
47543|1.739|1.739|2.059|2.059|2026-04-01
47544|1.737|1.737|2.077|2.077|2026-04-01
47546|2.109|1.779|2.419|2.099|2026-04-01
47550|1.899|1.699|2.279|2.079|2026-04-01
47551|1.739|1.739|2.099|2.099|2026-04-01
47552|1.799|NA|2.099|NA|2026-04-01
47553|1.739|1.739|2.069|2.069|2026-04-01
47555|1.988|1.759|2.288|2.059|2026-04-01
47556|NA|1.799|NA|2.099|2026-04-01
47558|2.049|1.799|2.399|2.149|2026-04-01
47561|NA|1.759|NA|2.079|2026-04-01
47562|1.828|1.729|2.238|2.139|2026-04-01
47565|1.759|1.759|2.079|2.079|2026-04-01
47566|1.769|1.769|2.069|2.069|2026-04-01
47569|NA|1.758|NA|2.078|2026-04-01
47570|2.019|1.799|2.339|2.119|2026-04-01
47580|1.799|1.739|2.179|2.119|2026-04-01
47582|NA|1.895|NA|2.14|2026-04-01
47587|NA|1.739|NA|2.059|2026-04-01
47589|1.965|1.715|2.285|2.035|2026-04-01
47591|1.739|1.739|2.079|2.079|2026-04-01
47595|NA|1.809|NA|2.159|2026-04-01
47602|NA|1.799|NA|2.069|2026-04-01
47603|1.859|1.759|2.199|2.099|2026-04-01
47605|1.799|1.799|2.089|2.089|2026-04-01
47606|1.997|1.779|2.317|2.099|2026-04-01
47612|1.729|1.729|2.099|2.099|2026-04-01
47613|1.896|1.896|2.156|2.156|2026-04-01
47618|1.949|1.739|2.249|2.039|2026-04-01
47619|NA|1.749|NA|2.149|2026-04-01
47621|NA|1.749|NA|2.119|2026-04-01
47623|1.759|1.759|2.089|2.089|2026-04-01
47624|1.899|1.899|1.999|1.999|2026-04-01
47626|NA|1.799|NA|2.149|2026-04-01
47630|1.929|1.729|2.219|2.019|2026-04-01
47633|1.939|1.739|2.219|2.019|2026-04-01
47634|1.999|1.749|2.299|2.079|2026-04-01
47636|NA|1.729|NA|2.099|2026-04-01
47638|2.059|1.759|2.349|2.049|2026-04-01
47639|1.959|1.729|2.279|2.049|2026-04-01
47640|1.998|1.798|2.369|2.169|2026-04-01
47643|2.099|1.799|2.399|2.099|2026-04-01
47644|NA|1.729|NA|2.099|2026-04-01
47645|NA|1.737|NA|2.045|2026-04-01
47646|1.799|1.799|2.149|2.149|2026-04-01
47651|1.769|1.769|2.099|2.099|2026-04-01
47652|NA|1.729|NA|2.169|2026-04-01
47654|NA|1.755|NA|2.129|2026-04-01
47661|1.999|1.799|2.399|2.199|2026-04-01
47662|2.005|1.799|2.369|2.159|2026-04-01
47663|1.769|1.769|2.099|2.099|2026-04-01
47665|1.945|1.725|2.253|2.033|2026-04-01
47666|1.819|1.719|2.219|2.119|2026-04-01
47669|1.699|1.699|1.999|1.999|2026-04-01
47671|2.089|1.839|2.399|2.149|2026-04-01
47679|1.758|1.758|2.048|2.048|2026-04-01
47681|NA|1.731|NA|2.056|2026-04-01
47683|1.839|1.759|2.229|2.149|2026-04-01
47684|2.099|1.799|2.359|2.059|2026-04-01
47685|2.098|1.798|2.398|2.098|2026-04-01
47687|NA|1.799|NA|2.099|2026-04-01
47688|1.779|1.779|2.109|2.109|2026-04-01
47689|1.779|1.779|2.109|2.109|2026-04-01
47691|2.023|1.799|2.393|2.169|2026-04-01
47692|2.047|1.797|2.337|2.087|2026-04-01
47693|1.998|1.798|2.299|2.099|2026-04-01
47697|1.699|1.699|2.039|2.039|2026-04-01
47702|1.998|1.798|2.399|2.079|2026-04-01
47703|1.729|1.729|2.129|2.129|2026-04-01
47705|2.119|1.769|2.405|2.055|2026-04-01
47706|1.789|1.789|2.159|2.159|2026-04-01
47710|1.95|1.73|2.273|2.053|2026-04-01
47711|1.819|1.719|2.169|2.069|2026-04-01
47714|1.757|1.757|2.107|2.107|2026-04-01
47715|1.753|NA|2.043|NA|2026-04-01
47716|NA|1.729|NA|2.029|2026-04-01
47717|NA|1.889|NA|2.199|2026-04-01
47718|NA|1.749|NA|2.119|2026-04-01
47720|NA|1.799|NA|1.889|2026-04-01
47723|1.739|1.739|2.059|2.059|2026-04-01
47724|NA|1.799|NA|2.059|2026-04-01
47725|1.799|1.799|2.079|2.079|2026-04-01
47726|1.779|1.779|2.039|2.039|2026-04-01
47727|2.079|1.779|2.379|2.079|2026-04-01
47728|2.099|1.799|2.399|2.099|2026-04-01
47730|1.837|1.717|2.157|2.037|2026-04-01
47731|1.919|1.729|2.259|2.069|2026-04-01
47735|1.779|1.779|2.019|2.019|2026-04-01
47739|1.799|1.799|2.079|2.079|2026-04-01
47750|1.745|1.745|2.065|2.025|2026-04-01
47751|1.989|1.779|2.269|2.059|2026-04-01
47761|NA|1.719|NA|2.079|2026-04-01
47763|1.95|1.73|2.253|2.033|2026-04-01
47765|NA|1.848|NA|2.108|2026-04-01
47766|1.779|1.779|2.069|2.069|2026-04-01
47767|NA|1.749|NA|2.099|2026-04-01
47768|2.246|1.896|2.447|2.097|2026-04-01
47770|2.039|1.784|2.379|2.119|2026-04-01
47777|NA|1.769|NA|2.179|2026-04-01
47778|1.999|1.779|2.329|2.109|2026-04-01
47784|1.719|1.719|2.049|2.049|2026-04-01
47786|NA|1.789|NA|2.169|2026-04-01
47792|NA|1.729|NA|2.099|2026-04-01
47796|NA|1.689|NA|2.099|2026-04-01
47801|1.957|1.737|2.273|2.053|2026-04-01
47802|1.929|1.759|2.269|2.099|2026-04-01
47809|NA|1.759|NA|2.089|2026-04-01
47810|NA|1.789|NA|2.129|2026-04-01
47811|NA|1.719|NA|2.029|2026-04-01
47821|1.905|1.695|2.258|2.048|2026-04-01
47822|1.799|1.799|2.119|2.119|2026-04-01
47824|1.939|1.789|2.309|2.159|2026-04-01
47826|NA|1.719|NA|2.099|2026-04-01
47827|NA|2.185|NA|2.295|2026-04-01
47829|NA|1.799|NA|2.099|2026-04-01
47831|2.009|1.759|2.349|2.099|2026-04-01
47832|1.987|1.719|2.347|2.079|2026-04-01
47833|2.099|1.799|2.399|2.099|2026-04-01
47834|NA|1.779|NA|2.169|2026-04-01
47835|NA|1.759|NA|2.089|2026-04-01
47837|NA|1.729|NA|2.099|2026-04-01
47839|1.76|1.7|2.059|1.999|2026-04-01
47844|1.827|1.827|2.139|2.139|2026-04-01
47847|1.999|1.799|2.299|2.099|2026-04-01
47849|NA|1.719|NA|2.119|2026-04-01
47852|1.959|1.749|2.289|2.079|2026-04-01
47855|NA|1.789|NA|2.029|2026-04-01
47858|1.799|1.799|2.059|2.059|2026-04-01
47860|NA|1.759|NA|2.129|2026-04-01
47864|NA|1.759|NA|2.099|2026-04-01
47866|1.755|1.755|2.059|2.059|2026-04-01
47871|NA|1.759|NA|2.129|2026-04-01
47873|1.929|1.739|2.329|2.139|2026-04-01
47877|1.725|1.725|2.085|2.085|2026-04-01
47878|1.729|1.699|2.099|2.069|2026-04-01
47879|NA|1.768|NA|2.088|2026-04-01
47885|1.729|1.729|2.119|2.119|2026-04-01
47886|2.092|1.852|2.41|2.17|2026-04-01
47890|1.769|NA|2.159|NA|2026-04-01
47891|1.94|1.72|2.273|2.053|2026-04-01
47892|1.94|1.72|2.273|2.053|2026-04-01
47893|NA|1.749|NA|2.099|2026-04-01
47894|1.755|1.755|2.075|2.075|2026-04-01
47896|1.957|1.737|2.273|2.053|2026-04-01
47897|1.917|1.797|2.217|2.097|2026-04-01
47898|NA|1.799|NA|2.129|2026-04-01
47899|NA|1.749|NA|2.099|2026-04-01
47901|NA|1.719|NA|1.999|2026-04-01
47902|1.729|1.729|2.049|2.049|2026-04-01
47903|2.039|1.739|2.389|2.089|2026-04-01
47906|1.989|1.989|2.089|2.089|2026-04-01
47907|NA|1.798|NA|2.098|2026-04-01
47908|1.799|1.799|2.089|2.089|2026-04-01
47909|NA|1.759|NA|2.099|2026-04-01
47910|1.917|1.717|2.247|2.047|2026-04-01
47912|1.737|1.737|2.047|2.047|2026-04-01
47913|2.099|1.799|2.399|2.099|2026-04-01
47916|2.049|1.799|2.399|2.149|2026-04-01
47917|NA|1.709|NA|2.079|2026-04-01
47919|1.969|1.779|2.289|2.099|2026-04-01
47921|1.937|1.717|2.255|2.035|2026-04-01
47922|1.799|1.699|2.099|1.999|2026-04-01
47924|NA|1.719|NA|2.019|2026-04-01
47930|1.699|1.699|2.089|2.089|2026-04-01
47931|1.699|1.699|2.069|2.069|2026-04-01
47937|2.059|1.759|2.389|2.089|2026-04-01
47938|NA|1.687|NA|2.037|2026-04-01
47939|1.784|1.684|2.095|1.995|2026-04-01
47940|1.729|1.729|2.029|2.029|2026-04-01
47947|1.927|1.717|2.243|2.033|2026-04-01
47949|NA|1.779|NA|2.169|2026-04-01
47950|1.799|NA|2.099|NA|2026-04-01
47962|1.883|1.749|2.263|2.139|2026-04-01
47965|NA|1.759|NA|2.139|2026-04-01
47966|1.929|1.719|2.329|2.119|2026-04-01
47967|1.929|1.739|2.329|2.139|2026-04-01
47971|1.939|1.739|2.259|2.059|2026-04-01
47973|NA|1.778|NA|2.108|2026-04-01
47977|NA|1.689|NA|2.029|2026-04-01
47978|1.769|1.769|2.129|2.129|2026-04-01
47979|NA|1.687|NA|1.997|2026-04-01
47982|1.979|1.759|2.299|2.079|2026-04-01
47983|1.837|1.837|2.199|2.199|2026-04-01
47985|NA|1.779|NA|2.149|2026-04-01
47986|NA|1.779|NA|2.129|2026-04-01
47994|1.919|1.709|2.279|2.069|2026-04-01
47995|NA|1.719|NA|2.069|2026-04-01
47996|NA|1.759|NA|2.089|2026-04-01
47997|1.949|1.739|2.329|2.119|2026-04-01
47998|1.949|1.739|2.329|2.119|2026-04-01
47999|1.909|1.699|2.179|1.969|2026-04-01
48001|1.899|1.689|2.279|2.069|2026-04-01
48002|1.979|1.769|2.309|2.099|2026-04-01
48003|NA|1.684|NA|2.049|2026-04-01
48004|NA|1.755|NA|2.089|2026-04-01
48005|NA|1.715|NA|2.039|2026-04-01
48006|NA|1.715|NA|1.999|2026-04-01
48007|NA|1.759|NA|2.059|2026-04-01
48008|NA|1.689|NA|2.049|2026-04-01
48009|NA|1.775|NA|2.095|2026-04-01
48010|NA|1.775|NA|2.099|2026-04-01
48015|1.745|1.745|2.065|2.065|2026-04-01
48018|NA|1.729|NA|2.099|2026-04-01
48020|1.738|1.738|2.068|2.068|2026-04-01
48021|1.759|1.759|2.059|2.059|2026-04-01
48023|NA|1.737|NA|2.033|2026-04-01
48028|1.899|1.749|2.219|2.069|2026-04-01
48031|NA|1.759|NA|2.079|2026-04-01
48032|1.749|NA|2.099|NA|2026-04-01
48033|1.719|1.719|2.099|2.099|2026-04-01
48039|NA|1.719|NA|1.999|2026-04-01
48040|NA|1.759|NA|2.099|2026-04-01
48042|NA|1.759|NA|2.139|2026-04-01
48043|1.829|1.769|2.179|2.119|2026-04-01
48046|NA|1.786|NA|1.785|2026-04-01
48053|2.099|1.799|2.399|2.099|2026-04-01
48054|1.899|1.749|2.209|2.059|2026-04-01
48055|1.929|1.729|2.229|2.029|2026-04-01
48056|1.869|1.689|2.219|2.039|2026-04-01
48061|1.939|1.729|1.939|1.729|2026-04-01
48063|1.739|1.739|2.039|2.039|2026-04-01
48064|NA|1.799|NA|2.099|2026-04-01
48065|1.769|1.769|1.999|1.999|2026-04-01
48070|1.969|1.719|2.339|2.089|2026-04-01
48073|2.099|1.849|2.349|2.099|2026-04-01
48074|NA|1.737|NA|2.045|2026-04-01
48075|1.799|NA|2.119|NA|2026-04-01
48076|2.139|1.839|2.439|2.139|2026-04-01
48077|2.299|1.999|2.599|2.299|2026-04-01
48078|1.899|1.749|2.279|2.129|2026-04-01
48080|2.027|1.766|2.357|2.096|2026-04-01
48081|1.899|1.679|1.949|1.729|2026-04-01
48083|1.769|1.769|2.139|2.139|2026-04-01
48084|1.759|1.759|2.049|2.049|2026-04-01
48085|1.939|1.739|2.299|2.099|2026-04-01
48086|1.769|1.769|2.109|2.109|2026-04-01
48087|1.895|1.695|2.199|1.999|2026-04-01
48090|NA|1.759|NA|2.069|2026-04-01
48091|NA|1.737|NA|2.053|2026-04-01
48092|NA|1.799|NA|2.129|2026-04-01
48096|NA|1.799|NA|2.129|2026-04-01
48097|NA|1.799|NA|2.129|2026-04-01
48098|NA|1.799|NA|2.129|2026-04-01
48099|1.977|1.759|2.327|2.109|2026-04-01
48100|NA|1.799|NA|2.129|2026-04-01
48101|NA|1.799|NA|2.129|2026-04-01
48102|NA|1.799|NA|2.099|2026-04-01
48103|NA|1.799|NA|2.129|2026-04-01
48104|NA|1.799|NA|2.129|2026-04-01
48106|2.099|1.899|2.299|2.059|2026-04-01
48108|NA|1.73|NA|2.05|2026-04-01
48109|1.939|1.719|2.239|2.019|2026-04-01
48110|NA|1.729|NA|2.059|2026-04-01
48115|1.949|1.749|2.259|2.059|2026-04-01
48118|1.838|1.728|2.128|2.018|2026-04-01
48119|1.698|1.698|2.018|2.018|2026-04-01
48120|1.719|1.719|2.119|2.119|2026-04-01
48129|1.745|1.745|2.083|2.083|2026-04-01
48130|NA|1.724|NA|2.029|2026-04-01
48132|NA|1.709|NA|1.959|2026-04-01
48133|NA|1.695|NA|2.015|2026-04-01
48139|NA|1.665|NA|2.015|2026-04-01
48141|NA|1.719|NA|2.119|2026-04-01
48145|NA|1.695|NA|1.935|2026-04-01
48146|1.899|1.699|2.289|2.089|2026-04-01
48147|NA|1.719|NA|2.039|2026-04-01
48151|1.909|1.699|2.229|2.019|2026-04-01
48154|1.959|1.749|2.309|2.099|2026-04-01
48155|1.725|NA|2.049|NA|2026-04-01
48156|1.725|NA|2.049|NA|2026-04-01
48158|NA|1.737|NA|2.053|2026-04-01
48160|NA|1.739|NA|2.059|2026-04-01
48164|1.979|1.769|2.329|2.119|2026-04-01
48166|1.699|1.699|1.999|1.999|2026-04-01
48169|1.947|1.737|2.245|2.035|2026-04-01
48173|1.987|1.767|2.345|2.125|2026-04-01
48174|NA|1.86|NA|2.19|2026-04-01
48178|NA|1.737|NA|2.053|2026-04-01
48179|NA|1.717|NA|2.035|2026-04-01
48180|NA|1.717|NA|2.035|2026-04-01
48184|1.759|1.759|2.029|2.029|2026-04-01
48191|2.049|1.789|2.394|2.114|2026-04-01
48193|1.799|1.799|2.099|2.099|2026-04-01
48194|1.95|1.73|2.253|2.033|2026-04-01
48195|NA|1.749|NA|2.029|2026-04-01
48196|2.164|1.804|2.411|2.074|2026-04-01
48197|1.94|1.72|2.253|2.033|2026-04-01
48200|1.947|1.737|2.255|2.045|2026-04-01
48202|1.799|1.799|2.119|2.029|2026-04-01
48203|NA|1.749|NA|2.119|2026-04-01
48206|NA|1.747|NA|2.077|2026-04-01
48207|1.739|1.739|2.049|2.049|2026-04-01
48209|1.979|1.779|2.319|2.119|2026-04-01
48210|1.942|1.732|2.255|2.045|2026-04-01
48215|NA|1.719|NA|2.079|2026-04-01
48217|1.889|1.739|2.269|2.119|2026-04-01
48225|1.957|1.737|2.273|2.053|2026-04-01
48226|NA|1.699|NA|2.059|2026-04-01
48227|1.935|1.725|2.245|2.035|2026-04-01
48229|1.839|1.789|2.159|2.109|2026-04-01
48231|1.835|1.735|1.979|1.879|2026-04-01
48233|2.049|1.789|2.394|2.114|2026-04-01
48237|2.299|1.898|2.509|2.178|2026-04-01
48239|1.759|NA|2.079|NA|2026-04-01
48240|1.779|1.729|2.169|2.119|2026-04-01
48241|NA|1.819|NA|2.159|2026-04-01
48242|NA|1.879|NA|2.149|2026-04-01
48243|1.905|1.7|2.258|2.053|2026-04-01
48244|1.957|1.737|2.273|2.053|2026-04-01
48245|NA|1.729|NA|2.049|2026-04-01
48246|1.952|1.732|2.268|2.048|2026-04-01
48248|1.884|1.72|2.025|1.949|2026-04-01
48251|1.839|1.739|2.199|2.099|2026-04-01
48252|NA|1.749|NA|2.099|2026-04-01
48256|NA|1.899|NA|2.229|2026-04-01
48260|NA|1.799|NA|2.099|2026-04-01
48261|NA|1.759|NA|2.079|2026-04-01
48262|1.979|1.779|2.299|2.099|2026-04-01
48263|NA|1.789|NA|2.069|2026-04-01
48266|1.787|1.787|2.099|2.099|2026-04-01
48267|1.889|1.739|2.219|2.069|2026-04-01
48268|1.719|1.719|2.079|2.079|2026-04-01
48269|NA|1.769|NA|2.149|2026-04-01
48270|NA|1.769|NA|2.139|2026-04-01
48271|NA|1.699|NA|2.019|2026-04-01
48274|NA|1.735|NA|2.115|2026-04-01
48276|1.745|1.745|2.065|2.065|2026-04-01
48277|1.745|1.745|2.065|2.065|2026-04-01
48280|1.999|1.799|2.299|2.099|2026-04-01
48281|1.839|1.749|2.189|2.099|2026-04-01
48285|2.008|1.758|2.398|2.148|2026-04-01
48292|1.769|1.769|2.189|2.189|2026-04-01
48295|1.929|1.749|2.269|2.089|2026-04-01
48297|1.998|1.798|2.269|2.069|2026-04-01
48299|1.759|1.759|2.099|2.099|2026-04-01
48301|1.739|1.739|2.059|2.059|2026-04-01
48306|1.989|1.789|2.259|2.059|2026-04-01
48307|1.909|1.809|2.249|2.149|2026-04-01
48308|2.079|1.809|2.414|2.109|2026-04-01
48310|NA|1.717|NA|2.035|2026-04-01
48311|NA|1.737|NA|2.053|2026-04-01
48318|1.919|1.719|2.239|2.039|2026-04-01
48319|NA|1.749|NA|2.099|2026-04-01
48323|NA|1.729|NA|2.059|2026-04-01
48332|1.957|1.737|2.273|2.053|2026-04-01
48333|1.925|1.745|2.255|2.075|2026-04-01
48334|NA|1.707|NA|2.097|2026-04-01
48335|NA|1.737|NA|2.037|2026-04-01
48341|1.799|1.699|2.159|2.059|2026-04-01
48343|NA|1.729|NA|2.049|2026-04-01
48345|1.799|1.739|2.149|2.089|2026-04-01
48348|1.729|1.729|2.089|2.089|2026-04-01
48349|2.057|1.787|2.337|2.097|2026-04-01
48350|NA|1.739|NA|2.049|2026-04-01
48351|NA|1.789|NA|2.099|2026-04-01
48352|NA|1.829|NA|2.159|2026-04-01
48353|NA|1.799|NA|2.139|2026-04-01
48358|1.969|1.749|2.289|2.069|2026-04-01
48359|NA|1.699|NA|2.079|2026-04-01
48360|NA|1.699|NA|2.099|2026-04-01
48361|NA|1.689|NA|2.069|2026-04-01
48362|1.789|1.689|2.159|2.059|2026-04-01
48363|1.789|1.689|2.159|2.059|2026-04-01
48364|NA|1.739|NA|2.099|2026-04-01
48365|NA|1.709|NA|2.099|2026-04-01
48366|1.745|1.745|2.139|2.139|2026-04-01
48369|1.93|1.72|2.238|2.028|2026-04-01
48370|NA|1.699|NA|2.099|2026-04-01
48371|NA|1.698|NA|2.038|2026-04-01
48372|NA|1.799|NA|2.099|2026-04-01
48373|NA|1.699|NA|2.099|2026-04-01
48376|NA|1.709|NA|2.049|2026-04-01
48377|NA|1.729|NA|2.099|2026-04-01
48378|NA|1.749|NA|2.099|2026-04-01
48379|NA|1.73|NA|2.05|2026-04-01
48383|1.987|1.769|2.347|2.129|2026-04-01
48384|1.73|1.73|2.05|2.05|2026-04-01
48385|1.75|1.75|2.079|2.079|2026-04-01
48386|1.969|1.769|2.299|2.099|2026-04-01
48391|NA|1.737|NA|2.057|2026-04-01
48392|1.925|1.705|2.279|2.059|2026-04-01
48394|NA|1.737|NA|2.053|2026-04-01
48395|1.937|1.717|2.265|2.045|2026-04-01
48396|1.889|1.759|2.229|2.099|2026-04-01
48398|1.759|1.759|2.099|2.099|2026-04-01
48399|NA|1.719|NA|2.099|2026-04-01
48400|NA|1.719|NA|2.099|2026-04-01
48401|NA|1.719|NA|2.099|2026-04-01
48404|1.799|NA|2.099|NA|2026-04-01
48408|2.179|1.879|2.449|2.149|2026-04-01
48414|2.099|1.889|2.369|2.159|2026-04-01
48417|1.999|1.799|2.349|2.149|2026-04-01
48419|NA|1.769|NA|2.089|2026-04-01
48421|1.799|1.799|2.099|2.099|2026-04-01
48422|1.949|1.749|2.279|2.079|2026-04-01
48423|NA|1.749|NA|2.099|2026-04-01
48426|1.779|1.779|1.999|1.999|2026-04-01
48428|1.799|NA|2.099|NA|2026-04-01
48429|1.929|1.729|2.279|2.079|2026-04-01
48430|1.939|1.749|2.319|2.129|2026-04-01
48434|1.749|NA|2.049|NA|2026-04-01
48444|1.859|1.759|2.249|2.149|2026-04-01
48446|2.158|1.908|2.527|2.277|2026-04-01
48447|1.869|1.719|2.239|2.089|2026-04-01
48449|NA|1.735|NA|2.045|2026-04-01
48450|NA|1.717|NA|2.033|2026-04-01
48451|1.972|1.762|2.33|2.12|2026-04-01
48452|1.779|1.779|2.069|2.069|2026-04-01
48454|2.111|1.849|2.461|2.189|2026-04-01
48457|1.655|1.655|2.049|2.049|2026-04-01
48459|1.859|1.859|2.059|2.059|2026-04-01
48463|NA|1.737|NA|2.033|2026-04-01
48466|1.739|1.739|2.059|2.059|2026-04-01
48468|1.739|1.739|2.099|2.099|2026-04-01
48469|NA|1.699|NA|2.049|2026-04-01
48470|1.745|1.745|2.035|2.035|2026-04-01
48473|1.847|1.747|2.177|2.077|2026-04-01
48475|NA|1.699|NA|2.079|2026-04-01
48482|1.797|1.797|2.119|2.119|2026-04-01
48483|1.729|1.729|2.058|2.058|2026-04-01
48485|NA|1.719|NA|2.018|2026-04-01
48490|1.839|1.699|2.199|2.059|2026-04-01
48491|NA|1.699|NA|2.039|2026-04-01
48492|1.957|1.732|2.26|2.035|2026-04-01
48495|2.029|1.799|2.319|2.089|2026-04-01
48498|1.9|1.9|2.15|2.15|2026-04-01
48499|NA|1.769|NA|2.099|2026-04-01
48503|NA|1.739|NA|2.099|2026-04-01
48504|1.809|1.739|2.169|2.099|2026-04-01
48505|NA|1.699|NA|2.079|2026-04-01
48506|NA|1.709|NA|2.099|2026-04-01
48507|NA|1.709|NA|2.099|2026-04-01
48509|1.719|1.719|2.049|2.049|2026-04-01
48510|2.019|1.919|2.259|2.159|2026-04-01
48511|1.967|1.747|2.255|2.035|2026-04-01
48515|1.729|NA|2.029|NA|2026-04-01
48516|1.899|1.899|2.189|2.189|2026-04-01
48517|NA|1.733|NA|2.023|2026-04-01
48518|1.999|1.799|2.359|2.159|2026-04-01
48521|NA|1.799|NA|2.099|2026-04-01
48523|1.942|1.732|2.255|2.045|2026-04-01
48524|1.769|1.699|2.149|2.079|2026-04-01
48526|1.899|NA|2.099|NA|2026-04-01
48527|NA|1.715|NA|2.045|2026-04-01
48529|NA|1.749|NA|2.099|2026-04-01
48531|1.799|1.739|2.149|2.089|2026-04-01
48536|1.859|1.859|2.159|2.159|2026-04-01
48538|1.769|1.769|2.129|2.129|2026-04-01
48539|NA|1.749|NA|2.119|2026-04-01
48540|1.987|1.767|2.345|2.125|2026-04-01
48541|NA|1.707|NA|2.047|2026-04-01
48543|1.955|1.735|2.205|1.985|2026-04-01
48544|NA|1.749|NA|2.119|2026-04-01
48546|2.059|1.809|2.399|2.149|2026-04-01
48547|NA|1.709|NA|2.02|2026-04-01
48549|NA|1.809|NA|2.129|2026-04-01
48551|1.779|1.759|2.079|2.059|2026-04-01
48553|1.778|1.778|2.095|2.095|2026-04-01
48559|NA|1.779|NA|2.139|2026-04-01
48562|1.849|1.699|2.219|2.069|2026-04-01
48563|NA|1.759|NA|2.099|2026-04-01
48564|NA|1.899|NA|2.319|2026-04-01
48566|1.779|1.679|2.149|2.049|2026-04-01
48567|1.799|1.699|2.169|2.069|2026-04-01
48568|1.799|1.699|2.169|2.069|2026-04-01
48569|1.809|1.709|2.159|2.059|2026-04-01
48570|NA|1.739|NA|2.089|2026-04-01
48571|NA|1.669|NA|2.049|2026-04-01
48572|1.927|1.727|2.269|2.069|2026-04-01
48573|NA|1.819|NA|2.019|2026-04-01
48574|1.925|1.775|2.235|2.085|2026-04-01
48576|NA|1.737|NA|2.035|2026-04-01
48582|1.919|1.799|2.219|2.099|2026-04-01
48585|1.799|NA|2.099|NA|2026-04-01
48586|1.719|1.719|2.059|2.059|2026-04-01
48587|NA|1.749|NA|2.119|2026-04-01
48591|NA|1.929|NA|2.289|2026-04-01
48593|1.839|1.739|2.159|2.059|2026-04-01
48595|1.95|1.73|2.24|2.02|2026-04-01
48596|1.699|NA|1.999|NA|2026-04-01
48597|1.819|1.719|2.159|2.059|2026-04-01
48602|1.717|1.707|2.017|2.007|2026-04-01
48603|1.979|1.729|2.339|2.089|2026-04-01
48605|1.979|1.729|2.339|2.089|2026-04-01
48606|NA|1.839|NA|2.159|2026-04-01
48607|2.007|1.797|2.307|2.097|2026-04-01
48609|1.949|1.749|2.279|2.079|2026-04-01
48610|1.949|1.749|2.279|2.079|2026-04-01
48611|1.769|1.669|2.129|2.029|2026-04-01
48612|NA|1.719|NA|2.099|2026-04-01
48613|1.829|1.729|2.179|2.079|2026-04-01
48614|1.779|1.679|2.159|2.059|2026-04-01
48620|1.945|1.725|2.27|2.049|2026-04-01
48623|2.029|1.779|2.359|2.109|2026-04-01
48629|NA|1.729|NA|2.059|2026-04-01
48630|2.018|1.718|2.348|2.048|2026-04-01
48632|NA|1.747|NA|2.077|2026-04-01
48633|1.859|1.759|2.179|2.079|2026-04-01
48634|1.847|1.747|2.177|2.077|2026-04-01
48636|1.999|1.789|2.269|2.059|2026-04-01
48637|NA|1.737|NA|2.053|2026-04-01
48647|NA|1.659|NA|1.989|2026-04-01
48649|1.727|1.727|2.098|2.098|2026-04-01
48651|1.959|1.759|2.349|2.149|2026-04-01
48653|NA|1.759|NA|2.079|2026-04-01
48655|1.967|1.842|2.27|2.145|2026-04-01
48656|1.769|1.769|2.169|2.169|2026-04-01
48659|1.729|1.729|2.059|2.059|2026-04-01
48660|1.689|1.689|1.979|1.979|2026-04-01
48668|1.929|1.729|2.309|2.109|2026-04-01
48669|NA|1.789|NA|2.099|2026-04-01
48670|1.939|1.739|2.259|2.059|2026-04-01
48675|1.777|1.777|2.119|2.119|2026-04-01
48677|NA|1.759|NA|2.069|2026-04-01
48678|1.996|1.796|2.358|2.158|2026-04-01
48679|2.027|1.766|2.357|2.096|2026-04-01
48680|1.737|1.737|2.037|2.037|2026-04-01
48685|1.799|1.769|2.099|2.069|2026-04-01
48686|1.799|1.799|2.119|2.119|2026-04-01
48687|1.955|1.745|2.22|2.01|2026-04-01
48688|1.754|1.754|2.099|2.099|2026-04-01
48690|NA|1.737|NA|2.045|2026-04-01
48695|NA|1.799|NA|2.129|2026-04-01
48697|2.029|1.799|2.329|2.099|2026-04-01
48698|1.947|1.737|2.281|2.071|2026-04-01
48709|1.787|1.787|2.129|2.129|2026-04-01
48710|1.957|1.737|2.273|2.053|2026-04-01
48711|1.829|1.829|2.159|2.159|2026-04-01
48712|NA|1.699|NA|2.029|2026-04-01
48713|NA|1.679|NA|2.059|2026-04-01
48714|NA|1.875|NA|2.205|2026-04-01
48715|1.955|1.705|2.289|2.039|2026-04-01
48716|1.945|1.735|2.255|2.045|2026-04-01
48717|1.96|1.72|2.299|2.059|2026-04-01
48718|1.909|1.699|2.279|2.069|2026-04-01
48719|NA|1.729|NA|2.039|2026-04-01
48720|NA|1.729|NA|1.998|2026-04-01
48724|NA|1.699|NA|1.999|2026-04-01
48726|NA|1.769|NA|2.099|2026-04-01
48730|NA|1.729|NA|2.029|2026-04-01
48731|NA|1.729|NA|2.059|2026-04-01
48732|NA|1.739|NA|2.079|2026-04-01
48733|NA|1.729|NA|2.049|2026-04-01
48734|NA|1.732|NA|2.039|2026-04-01
48735|NA|1.719|NA|2.069|2026-04-01
48736|1.952|1.732|2.268|2.048|2026-04-01
48737|NA|1.699|NA|2.069|2026-04-01
48738|NA|1.729|NA|2.019|2026-04-01
48739|NA|1.719|NA|2.089|2026-04-01
48741|NA|1.709|NA|2.039|2026-04-01
48742|NA|1.699|NA|2.059|2026-04-01
48743|1.769|NA|2.149|NA|2026-04-01
48748|1.957|1.737|2.273|2.053|2026-04-01
48749|1.975|1.765|2.309|2.099|2026-04-01
48751|1.719|NA|2.099|NA|2026-04-01
48753|1.949|1.739|2.279|2.069|2026-04-01
48755|2.185|1.795|2.485|2.095|2026-04-01
48756|1.919|1.699|2.245|2.025|2026-04-01
48758|2.159|1.749|2.419|2.099|2026-04-01
48761|1.727|1.727|2.077|2.077|2026-04-01
48764|NA|1.729|NA|2.099|2026-04-01
48766|NA|1.779|NA|2.109|2026-04-01
48767|2.049|1.899|2.319|2.129|2026-04-01
48768|1.989|1.789|2.289|2.089|2026-04-01
48769|NA|1.769|NA|2.099|2026-04-01
48775|1.779|1.719|2.149|2.089|2026-04-01
48776|1.839|1.739|2.199|2.099|2026-04-01
48784|1.942|1.732|2.255|2.045|2026-04-01
48785|1.942|1.732|2.255|2.045|2026-04-01
48788|2.149|1.799|2.419|2.069|2026-04-01
48789|NA|1.675|NA|2.015|2026-04-01
48790|NA|1.719|NA|2.099|2026-04-01
48792|NA|1.639|NA|1.579|2026-04-01
48793|1.935|1.715|2.155|1.935|2026-04-01
48794|NA|1.719|NA|2.029|2026-04-01
48797|1.809|1.659|2.169|2.019|2026-04-01
48798|NA|1.769|NA|2.039|2026-04-01
48799|NA|1.759|NA|2.099|2026-04-01
48800|NA|1.799|NA|2.139|2026-04-01
48801|NA|1.709|NA|2.039|2026-04-01
48804|NA|1.719|NA|2.039|2026-04-01
48808|2.059|1.759|2.379|2.079|2026-04-01
48809|NA|1.749|NA|2.099|2026-04-01
48812|1.738|1.738|2.048|2.048|2026-04-01
48814|1.809|NA|2.139|NA|2026-04-01
48815|NA|1.819|NA|2.199|2026-04-01
48816|NA|1.799|NA|2.099|2026-04-01
48818|1.899|1.699|2.259|2.059|2026-04-01
48820|NA|1.714|NA|2.048|2026-04-01
48821|1.949|1.749|2.279|2.079|2026-04-01
48822|NA|1.729|NA|2.139|2026-04-01
48826|1.989|1.789|2.299|2.099|2026-04-01
48835|NA|1.729|NA|2.099|2026-04-01
48837|NA|1.759|NA|2.099|2026-04-01
48840|1.969|1.719|2.319|2.069|2026-04-01
48842|1.939|1.729|2.309|2.099|2026-04-01
48843|NA|1.739|NA|2.089|2026-04-01
48844|NA|1.749|NA|2.089|2026-04-01
48847|2.169|1.889|2.539|2.259|2026-04-01
48857|NA|1.779|NA|2.169|2026-04-01
48863|1.948|1.748|2.239|2.039|2026-04-01
48865|1.939|1.739|2.269|2.069|2026-04-01
48868|1.749|1.749|2.049|2.049|2026-04-01
48869|1.949|1.749|2.289|2.089|2026-04-01
48872|NA|1.779|NA|2.129|2026-04-01
48873|1.779|1.729|2.099|2.049|2026-04-01
48874|1.779|1.779|2.069|2.069|2026-04-01
48876|2.007|1.797|2.307|2.097|2026-04-01
48878|2.029|1.729|2.379|2.079|2026-04-01
48879|1.939|1.749|2.319|2.129|2026-04-01
48884|1.967|1.742|2.27|2.045|2026-04-01
48885|1.779|1.779|1.999|1.999|2026-04-01
48886|1.989|1.779|2.309|2.099|2026-04-01
48889|NA|1.677|NA|2.034|2026-04-01
48891|1.915|1.695|2.255|2.035|2026-04-01
48895|NA|1.759|NA|2.119|2026-04-01
48896|1.959|1.959|2.229|2.229|2026-04-01
48900|1.969|1.759|2.339|2.129|2026-04-01
48904|1.769|1.769|2.099|2.099|2026-04-01
48906|1.979|1.779|2.349|2.149|2026-04-01
48907|NA|1.688|NA|2.038|2026-04-01
48911|1.889|1.699|2.189|1.999|2026-04-01
48914|1.929|1.729|2.289|2.089|2026-04-01
48918|1.959|1.769|2.269|2.079|2026-04-01
48924|1.765|NA|2.135|NA|2026-04-01
48925|NA|1.759|NA|2.079|2026-04-01
48927|2.039|1.789|2.359|2.109|2026-04-01
48929|NA|1.709|NA|2.059|2026-04-01
48930|NA|1.749|NA|2.119|2026-04-01
48931|NA|1.705|NA|2.075|2026-04-01
48932|NA|1.719|NA|2.049|2026-04-01
48936|2.019|1.819|2.359|2.159|2026-04-01
48937|1.997|1.797|2.297|2.097|2026-04-01
48941|1.745|1.745|2.065|2.065|2026-04-01
48943|NA|1.729|NA|2.099|2026-04-01
48947|1.942|1.732|2.258|2.048|2026-04-01
48949|1.849|1.699|2.219|2.069|2026-04-01
48950|1.799|1.799|2.099|2.099|2026-04-01
48951|1.969|1.779|2.319|2.129|2026-04-01
48952|1.829|1.799|2.189|2.159|2026-04-01
48953|2.049|1.839|2.409|2.199|2026-04-01
48954|1.952|1.742|2.255|2.045|2026-04-01
48955|2.067|1.797|2.367|2.097|2026-04-01
48957|1.979|1.779|2.349|2.149|2026-04-01
48958|1.947|1.737|2.245|2.035|2026-04-01
48960|1.809|1.599|1.849|1.639|2026-04-01
48962|1.947|1.737|2.263|2.053|2026-04-01
48963|NA|1.839|NA|2.179|2026-04-01
48964|1.699|1.699|2.029|2.029|2026-04-01
48965|1.979|1.769|2.329|2.119|2026-04-01
48966|NA|1.724|NA|2.054|2026-04-01
48970|1.779|1.699|2.079|1.999|2026-04-01
48971|NA|1.899|NA|2.159|2026-04-01
48972|1.759|1.759|2.089|2.089|2026-04-01
48976|1.839|1.739|2.199|2.099|2026-04-01
48977|1.759|1.759|2.059|2.059|2026-04-01
48978|NA|1.749|NA|2.129|2026-04-01
48980|1.739|1.739|1.959|1.959|2026-04-01
48981|1.969|1.809|2.359|2.199|2026-04-01
48982|1.729|1.729|2.069|2.069|2026-04-01
48990|NA|1.759|NA|2.099|2026-04-01
48991|2.049|1.749|2.339|2.039|2026-04-01
48993|1.697|1.697|2.027|2.027|2026-04-01
48995|1.957|1.737|2.273|2.053|2026-04-01
48996|2.049|1.839|2.299|2.089|2026-04-01
48998|1.929|1.729|2.239|2.039|2026-04-01
48999|1.919|1.719|2.199|1.999|2026-04-01
49002|1.947|1.737|2.223|2.013|2026-04-01
49003|1.979|1.729|2.339|2.089|2026-04-01
49004|1.818|1.718|2.148|2.048|2026-04-01
49005|NA|1.738|NA|2.118|2026-04-01
49008|1.749|NA|2.149|NA|2026-04-01
49011|1.739|1.739|2.079|2.079|2026-04-01
49013|NA|1.748|NA|2.039|2026-04-01
49016|1.699|NA|2.059|NA|2026-04-01
49017|NA|1.747|NA|2.027|2026-04-01
49018|1.699|NA|2.059|NA|2026-04-01
49019|1.938|1.739|2.268|2.069|2026-04-01
49020|1.739|1.739|2.049|2.049|2026-04-01
49023|2.089|1.789|2.405|2.105|2026-04-01
49024|1.965|1.745|2.273|2.053|2026-04-01
49025|1.999|1.799|2.269|2.069|2026-04-01
49030|1.919|1.719|2.239|2.039|2026-04-01
49031|NA|1.737|NA|2.04|2026-04-01
49032|1.799|1.699|2.129|2.029|2026-04-01
49039|1.799|1.799|2.099|2.099|2026-04-01
49043|NA|1.779|NA|2.089|2026-04-01
49046|1.989|1.769|2.319|2.099|2026-04-01
49048|1.945|1.725|2.253|2.033|2026-04-01
49049|1.963|1.746|2.283|2.046|2026-04-01
49050|1.957|1.737|2.273|2.053|2026-04-01
49053|1.799|1.799|2.049|2.049|2026-04-01
49055|1.957|1.732|2.26|2.035|2026-04-01
49056|1.957|1.747|2.255|2.045|2026-04-01
49061|NA|1.697|NA|2.017|2026-04-01
49062|1.699|1.699|2.029|2.029|2026-04-01
49064|1.698|1.698|2.058|2.058|2026-04-01
49065|NA|1.797|NA|2.099|2026-04-01
49066|NA|1.797|NA|2.099|2026-04-01
49071|1.919|1.739|2.279|2.099|2026-04-01
49073|1.957|1.737|2.273|2.053|2026-04-01
49074|1.745|1.745|2.065|2.065|2026-04-01
49077|NA|1.759|NA|2.099|2026-04-01
49078|NA|1.919|NA|2.179|2026-04-01
49083|NA|1.759|NA|2.089|2026-04-01
49084|1.983|1.729|2.253|1.999|2026-04-01
49085|NA|1.724|NA|2.099|2026-04-01
49086|NA|1.769|NA|2.159|2026-04-01
49087|1.957|1.737|2.27|2.05|2026-04-01
49089|1.979|1.779|2.279|2.079|2026-04-01
49091|2.179|1.879|2.469|2.189|2026-04-01
49094|1.879|1.879|2.089|2.089|2026-04-01
49095|1.917|1.699|2.239|2.034|2026-04-01
49100|1.829|1.759|2.129|2.059|2026-04-01
49105|NA|1.829|NA|2.139|2026-04-01
49108|2.009|1.792|2.353|2.136|2026-04-01
49111|1.957|1.737|1.927|1.707|2026-04-01
49114|NA|1.699|NA|NA|2026-04-01
49115|1.969|1.719|2.319|2.069|2026-04-01
49118|1.935|1.725|2.235|2.025|2026-04-01
49119|1.959|1.749|2.309|2.099|2026-04-01
49120|NA|1.629|NA|1.689|2026-04-01
49121|1.789|1.789|2.069|2.069|2026-04-01
49124|NA|1.799|NA|1.954|2026-04-01
49125|NA|1.829|NA|2.099|2026-04-01
49133|NA|1.75|NA|2.058|2026-04-01
49134|1.789|1.789|2.109|2.109|2026-04-01
49136|2.032|1.832|2.399|2.179|2026-04-01
49138|NA|1.935|NA|2.196|2026-04-01
49139|1.939|1.789|2.229|2.079|2026-04-01
49141|1.799|1.799|1.659|1.659|2026-04-01
49144|1.778|1.778|2.037|2.037|2026-04-01
49145|1.969|1.759|2.279|2.069|2026-04-01
49146|1.828|1.828|2.099|2.099|2026-04-01
49147|1.915|1.712|2.235|2.028|2026-04-01
49149|1.849|1.699|2.189|2.039|2026-04-01
49150|1.957|1.737|2.265|2.045|2026-04-01
49154|1.967|1.742|2.282|2.057|2026-04-01
49155|1.779|1.779|2.059|2.059|2026-04-01
49156|1.929|1.769|2.179|2.129|2026-04-01
49157|1.879|1.732|2.069|2.045|2026-04-01
49159|1.929|1.719|2.259|2.049|2026-04-01
49160|1.629|1.629|1.969|1.969|2026-04-01
49162|1.869|1.719|2.189|2.039|2026-04-01
49168|1.745|NA|2.065|NA|2026-04-01
49169|1.799|1.799|2.169|2.169|2026-04-01
49170|NA|1.739|NA|2.098|2026-04-01
49171|1.759|1.759|2.089|2.089|2026-04-01
49172|1.729|1.669|2.059|1.999|2026-04-01
49173|1.746|1.746|2.066|2.066|2026-04-01
49174|NA|1.759|NA|2.119|2026-04-01
49175|1.819|1.729|2.189|2.099|2026-04-01
49177|NA|1.819|NA|2.079|2026-04-01
49179|1.735|1.685|2.095|2.045|2026-04-01
49184|1.899|1.699|2.259|2.059|2026-04-01
49188|1.729|1.729|2.099|2.099|2026-04-01
49190|1.874|1.799|2.174|2.099|2026-04-01
49192|1.955|1.735|2.273|2.053|2026-04-01
49193|NA|1.735|NA|2.053|2026-04-01
49194|1.939|1.739|2.269|2.069|2026-04-01
49195|2.089|1.789|2.399|2.099|2026-04-01
49196|2.089|1.789|2.399|2.099|2026-04-01
49198|1.789|1.789|2.099|2.099|2026-04-01
49199|2.089|1.789|2.399|2.099|2026-04-01
49201|1.979|1.819|2.309|2.149|2026-04-01
49204|1.789|1.789|2.169|2.169|2026-04-01
49208|1.747|1.747|2.067|2.067|2026-04-01
49209|NA|1.719|NA|2.089|2026-04-01
49210|1.819|1.819|2.149|2.149|2026-04-01
49212|NA|1.789|NA|2.139|2026-04-01
49213|NA|1.699|NA|1.669|2026-04-01
49215|1.789|1.789|2.099|2.099|2026-04-01
49216|1.749|1.749|2.089|2.089|2026-04-01
49220|1.829|1.759|2.209|2.149|2026-04-01
49226|1.729|1.729|2.089|2.089|2026-04-01
49230|2.088|1.789|2.388|2.089|2026-04-01
49233|NA|1.759|NA|2.149|2026-04-01
49234|NA|1.759|NA|2.149|2026-04-01
49235|NA|1.759|NA|2.149|2026-04-01
49236|NA|1.759|NA|2.149|2026-04-01
49242|1.799|1.799|2.119|2.119|2026-04-01
49244|1.939|1.739|2.259|2.059|2026-04-01
49247|1.869|1.869|2.099|2.099|2026-04-01
49248|1.876|1.732|2.119|2.048|2026-04-01
49249|1.839|1.839|2.149|2.149|2026-04-01
49251|1.839|1.739|2.199|2.099|2026-04-01
49260|1.978|1.749|2.298|2.069|2026-04-01
49261|1.855|1.725|2.205|2.075|2026-04-01
49267|1.939|1.759|2.259|2.079|2026-04-01
49270|1.942|1.732|2.238|2.028|2026-04-01
49271|2.059|1.779|2.379|2.099|2026-04-01
49272|1.979|1.769|2.299|2.089|2026-04-01
49273|NA|1.627|NA|1.657|2026-04-01
49278|1.954|1.732|2.271|2.048|2026-04-01
49280|1.945|1.725|2.235|2.033|2026-04-01
49281|2.024|1.769|2.354|2.104|2026-04-01
49283|1.799|NA|2.099|NA|2026-04-01
49284|NA|1.779|NA|2.079|2026-04-01
49285|NA|1.699|NA|2.019|2026-04-01
49289|1.939|1.759|2.299|2.119|2026-04-01
49290|1.695|1.695|2.065|2.065|2026-04-01
49291|1.967|1.747|2.265|2.045|2026-04-01
49292|1.779|1.779|2.149|2.149|2026-04-01
49296|1.989|1.739|2.319|2.069|2026-04-01
49297|1.945|1.725|2.235|2.015|2026-04-01
49298|1.94|1.73|2.255|2.045|2026-04-01
49299|NA|1.705|NA|2.035|2026-04-01
49300|1.799|1.699|2.129|2.029|2026-04-01
49301|1.942|1.732|2.258|2.048|2026-04-01
49304|1.957|1.737|2.253|2.033|2026-04-01
49311|1.729|1.729|1.729|1.729|2026-04-01
49312|1.725|1.725|2.049|2.049|2026-04-01
49315|1.915|1.705|2.289|2.079|2026-04-01
49317|1.839|1.739|2.199|2.099|2026-04-01
49318|1.839|1.739|2.199|2.099|2026-04-01
49321|2.007|1.727|2.357|2.077|2026-04-01
49323|NA|1.729|NA|2.099|2026-04-01
49324|NA|1.729|NA|2.099|2026-04-01
49326|NA|1.709|NA|2.039|2026-04-01
49328|1.839|1.739|2.189|2.089|2026-04-01
49329|NA|1.747|NA|2.063|2026-04-01
49330|1.979|1.759|1.849|1.629|2026-04-01
49332|1.899|1.669|2.299|2.069|2026-04-01
49334|1.949|1.719|2.289|2.059|2026-04-01
49337|1.929|1.739|2.269|2.079|2026-04-01
49338|2.046|1.786|2.416|2.156|2026-04-01
49344|1.819|1.719|2.119|2.019|2026-04-01
49345|1.739|1.739|2.099|2.099|2026-04-01
49347|1.999|1.789|2.309|2.099|2026-04-01
49348|1.849|1.699|2.219|2.069|2026-04-01
49354|1.737|1.737|2.047|2.047|2026-04-01
49355|1.838|1.729|2.248|2.139|2026-04-01
49356|NA|1.719|NA|2.129|2026-04-01
49357|1.949|1.799|2.239|2.089|2026-04-01
49358|1.717|1.717|2.047|2.047|2026-04-01
49362|1.799|1.799|2.099|2.099|2026-04-01
49367|2.246|1.896|2.447|2.097|2026-04-01
49374|1.889|1.789|2.209|2.109|2026-04-01
49375|1.917|1.712|2.25|2.028|2026-04-01
49379|1.937|1.717|2.253|2.033|2026-04-01
49380|1.957|1.737|2.265|2.045|2026-04-01
49381|1.959|1.749|2.299|2.089|2026-04-01
49384|1.889|1.789|2.229|2.129|2026-04-01
49385|1.829|1.829|2.079|2.079|2026-04-01
49386|2.069|1.819|2.319|2.069|2026-04-01
49387|1.987|1.767|2.345|2.125|2026-04-01
49389|1.769|1.769|2.059|2.059|2026-04-01
49390|1.959|1.739|2.268|2.048|2026-04-01
49393|1.929|1.729|2.259|2.059|2026-04-01
49397|NA|1.729|NA|2.089|2026-04-01
49398|1.829|1.729|2.119|2.019|2026-04-01
49399|1.939|1.739|2.259|2.059|2026-04-01
49401|1.929|1.739|2.289|2.099|2026-04-01
49402|1.929|1.739|2.389|2.099|2026-04-01
49403|2.007|1.797|2.307|2.097|2026-04-01
49404|NA|1.739|NA|1.999|2026-04-01
49414|1.965|1.745|2.265|2.045|2026-04-01
49415|1.965|1.745|2.255|2.035|2026-04-01
49417|1.967|1.742|2.273|2.048|2026-04-01
49418|NA|1.714|NA|2.069|2026-04-01
49420|1.989|1.739|2.339|2.089|2026-04-01
49421|1.799|1.799|1.999|1.999|2026-04-01
49423|1.942|1.732|2.258|2.048|2026-04-01
49424|NA|1.759|NA|2.099|2026-04-01
49425|1.92|1.71|2.289|2.079|2026-04-01
49427|1.957|1.737|2.26|2.04|2026-04-01
49432|1.899|1.899|2.099|2.099|2026-04-01
49434|2.099|1.799|2.389|2.089|2026-04-01
49436|1.909|1.709|2.199|1.999|2026-04-01
49438|1.799|NA|2.099|NA|2026-04-01
49439|1.749|1.749|2.099|2.099|2026-04-01
49440|1.799|1.799|2.099|2.099|2026-04-01
49444|1.759|1.759|2.079|2.079|2026-04-01
49447|1.899|1.749|2.249|2.099|2026-04-01
49450|1.929|1.759|2.259|2.089|2026-04-01
49451|1.749|1.749|2.099|2.099|2026-04-01
49452|1.749|1.749|2.099|2.099|2026-04-01
49454|1.779|1.779|2.085|2.085|2026-04-01
49456|1.819|1.719|2.149|2.049|2026-04-01
49459|2.089|1.789|2.399|2.099|2026-04-01
49460|2.089|1.789|2.399|2.099|2026-04-01
49464|NA|1.799|NA|2.199|2026-04-01
49466|NA|1.769|NA|2.159|2026-04-01
49469|NA|1.769|NA|2.129|2026-04-01
49470|NA|1.769|NA|2.129|2026-04-01
49471|1.949|1.699|2.299|2.049|2026-04-01
49472|2.036|1.786|2.406|2.156|2026-04-01
49474|NA|1.719|NA|2.049|2026-04-01
49478|1.939|1.739|2.279|2.079|2026-04-01
49479|1.979|1.769|2.269|2.059|2026-04-01
49481|1.979|1.779|2.299|2.099|2026-04-01
49488|1.97|1.75|2.279|2.059|2026-04-01
49493|1.739|1.739|2.069|2.069|2026-04-01
49494|1.905|1.785|2.215|2.085|2026-04-01
49498|2.099|1.799|2.449|2.149|2026-04-01
49499|1.973|1.756|2.416|2.199|2026-04-01
49501|1.759|1.759|2.099|2.099|2026-04-01
49502|1.936|1.736|2.299|2.099|2026-04-01
49503|2.057|1.796|2.327|2.066|2026-04-01
49505|1.789|1.789|2.089|2.089|2026-04-01
49506|1.989|1.769|2.299|2.079|2026-04-01
49507|NA|1.749|NA|2.099|2026-04-01
49508|1.769|1.769|2.059|2.059|2026-04-01
49509|NA|1.719|NA|2.079|2026-04-01
49511|NA|1.799|NA|2.129|2026-04-01
49517|1.919|1.769|2.239|2.089|2026-04-01
49521|1.739|NA|2.059|NA|2026-04-01
49540|1.569|NA|2.059|NA|2026-04-01
49542|1.909|1.699|2.249|2.039|2026-04-01
49543|1.937|1.717|2.253|2.033|2026-04-01
49544|1.965|1.965|2.249|2.249|2026-04-01
49546|1.957|1.737|2.273|2.053|2026-04-01
49549|1.925|1.717|2.235|2.033|2026-04-01
49552|1.945|1.725|2.253|2.033|2026-04-01
49558|1.909|1.759|2.249|2.099|2026-04-01
49559|1.949|1.739|2.279|2.069|2026-04-01
49562|2.217|1.806|2.347|2.136|2026-04-01
49563|1.879|1.679|2.199|1.999|2026-04-01
49564|1.957|1.732|2.25|2.025|2026-04-01
49565|1.949|1.749|2.239|2.039|2026-04-01
49568|1.979|1.779|2.349|2.149|2026-04-01
49570|1.957|1.737|2.255|2.035|2026-04-01
49571|NA|1.697|NA|2.013|2026-04-01
49572|1.957|1.737|2.265|2.045|2026-04-01
49573|1.827|1.717|2.143|2.033|2026-04-01
49574|1.769|1.769|1.689|1.689|2026-04-01
49577|1.957|1.737|2.273|2.053|2026-04-01
49587|NA|1.759|NA|2.079|2026-04-01
49588|1.848|1.748|2.188|2.088|2026-04-01
49589|1.957|1.737|2.273|2.053|2026-04-01
49590|1.769|1.769|2.059|2.059|2026-04-01
49591|1.969|1.759|2.279|2.069|2026-04-01
49592|1.695|1.695|2.065|2.065|2026-04-01
49595|1.839|1.739|2.179|2.079|2026-04-01
49596|1.769|1.769|2.109|2.109|2026-04-01
49602|1.967|1.742|2.273|2.048|2026-04-01
49607|1.889|1.889|2.139|2.139|2026-04-01
49613|1.899|1.899|1.999|1.999|2026-04-01
49616|1.989|1.839|NA|NA|2026-04-01
49623|NA|1.809|NA|2.069|2026-04-01
49628|NA|1.737|NA|2.053|2026-04-01
49630|1.759|NA|2.079|NA|2026-04-01
49632|1.899|1.769|2.229|2.099|2026-04-01
49634|1.979|1.779|2.319|2.119|2026-04-01
49635|1.95|1.73|2.253|2.033|2026-04-01
49640|1.739|1.739|2.089|2.089|2026-04-01
49641|1.739|1.689|2.039|1.989|2026-04-01
49642|1.969|1.759|2.289|2.079|2026-04-01
49643|1.979|1.779|2.319|2.119|2026-04-01
49644|1.799|1.799|2.059|2.059|2026-04-01
49645|1.957|1.737|2.26|2.04|2026-04-01
49646|NA|1.759|NA|2.079|2026-04-01
49650|1.789|1.789|2.079|2.079|2026-04-01
49652|1.899|NA|2.239|NA|2026-04-01
49653|2.109|1.779|2.429|2.099|2026-04-01
49654|2.109|1.779|2.429|2.099|2026-04-01
49656|1.749|NA|2.069|NA|2026-04-01
49663|1.999|1.999|1.999|1.999|2026-04-01
49665|1.759|1.759|2.159|2.159|2026-04-01
49666|NA|1.739|NA|2.039|2026-04-01
49672|1.929|1.719|2.319|2.109|2026-04-01
49674|1.894|1.749|2.244|2.099|2026-04-01
49675|NA|1.719|NA|2.059|2026-04-01
49677|1.739|1.729|2.119|2.099|2026-04-01
49679|1.848|1.749|2.168|2.069|2026-04-01
49681|1.979|1.779|2.339|2.139|2026-04-01
49682|1.969|1.759|2.309|2.099|2026-04-01
49686|1.962|1.742|2.278|2.058|2026-04-01
49687|NA|1.879|NA|2.179|2026-04-01
49689|1.819|1.699|2.119|1.999|2026-04-01
49692|1.939|1.729|2.309|2.099|2026-04-01
49693|1.969|1.729|2.339|2.099|2026-04-01
49694|1.759|NA|1.999|NA|2026-04-01
49696|1.949|1.739|2.329|2.119|2026-04-01
49697|1.819|1.749|2.169|2.099|2026-04-01
49699|NA|1.819|NA|2.149|2026-04-01
49700|2.019|1.769|2.349|2.099|2026-04-01
49704|1.799|1.799|1.999|1.999|2026-04-01
49705|NA|1.699|NA|2.099|2026-04-01
49706|1.834|1.749|2.134|2.049|2026-04-01
49708|1.937|1.717|2.26|2.039|2026-04-01
49713|1.799|1.799|2.069|2.069|2026-04-01
49715|2.119|1.819|2.479|2.179|2026-04-01
49719|1.759|1.759|2.059|2.059|2026-04-01
49721|NA|1.749|NA|2.139|2026-04-01
49722|2.049|1.749|2.349|2.049|2026-04-01
49723|NA|1.707|NA|2.017|2026-04-01
49724|NA|1.729|NA|2.089|2026-04-01
49726|2.029|1.779|2.339|2.089|2026-04-01
49729|1.799|1.799|2.099|2.099|2026-04-01
49731|1.979|1.769|2.269|2.059|2026-04-01
49737|1.779|1.779|2.149|2.149|2026-04-01
49739|NA|1.749|NA|2.119|2026-04-01
49740|2.009|1.819|2.279|2.099|2026-04-01
49741|1.945|1.725|2.245|2.025|2026-04-01
49742|NA|1.739|NA|2.039|2026-04-01
49743|2.117|1.799|2.447|2.129|2026-04-01
49746|1.797|NA|2.099|NA|2026-04-01
49747|NA|1.759|NA|2.139|2026-04-01
49749|1.919|1.769|2.309|2.159|2026-04-01
49750|NA|1.717|NA|2.097|2026-04-01
49751|NA|1.759|NA|2.099|2026-04-01
49752|1.877|1.777|2.199|2.099|2026-04-01
49754|NA|1.859|NA|1.979|2026-04-01
49761|1.809|1.809|2.159|2.159|2026-04-01
49765|1.699|1.699|2.039|2.039|2026-04-01
49767|2.219|1.784|2.519|2.084|2026-04-01
49772|1.957|1.737|2.255|2.035|2026-04-01
49775|NA|1.899|NA|2.099|2026-04-01
49777|1.799|1.799|2.159|2.159|2026-04-01
49779|1.988|1.798|2.138|1.948|2026-04-01
49781|1.937|1.717|2.253|2.033|2026-04-01
49783|1.789|NA|2.079|NA|2026-04-01
49784|2.009|1.799|2.309|2.099|2026-04-01
49787|1.749|1.749|2.069|2.069|2026-04-01
49789|1.95|1.73|2.273|2.053|2026-04-01
49790|1.955|1.735|2.255|2.035|2026-04-01
49791|1.957|1.737|2.255|2.035|2026-04-01
49792|NA|1.737|NA|2.045|2026-04-01
49793|1.95|1.73|2.253|2.033|2026-04-01
49794|1.803|1.803|2.165|2.165|2026-04-01
49796|1.803|1.803|2.165|2.165|2026-04-01
49798|NA|1.729|NA|2.089|2026-04-01
49801|NA|1.729|NA|2.099|2026-04-01
49802|1.829|1.729|2.189|2.089|2026-04-01
49803|1.829|1.729|2.189|2.089|2026-04-01
49804|1.799|1.729|2.169|2.099|2026-04-01
49805|1.779|1.709|2.169|2.099|2026-04-01
49806|1.779|1.709|2.169|2.099|2026-04-01
49810|1.829|1.729|2.139|2.039|2026-04-01
49811|1.932|1.712|2.248|2.028|2026-04-01
49812|NA|1.709|NA|2.099|2026-04-01
49813|NA|1.729|NA|2.099|2026-04-01
49814|1.799|1.799|2.099|2.099|2026-04-01
49815|1.935|1.715|2.255|2.035|2026-04-01
49818|1.789|1.789|2.069|2.069|2026-04-01
49819|2.029|NA|2.309|NA|2026-04-01
49825|1.875|1.695|2.245|2.065|2026-04-01
49828|1.779|NA|2.059|NA|2026-04-01
49831|NA|1.819|NA|2.219|2026-04-01
49833|NA|1.719|NA|2.069|2026-04-01
49834|1.955|1.735|2.255|2.035|2026-04-01
49838|1.799|1.799|2.099|2.099|2026-04-01
49839|1.749|1.749|2.029|2.029|2026-04-01
49840|NA|1.755|NA|2.085|2026-04-01
49841|NA|1.732|NA|2.048|2026-04-01
49849|1.939|1.739|2.259|2.059|2026-04-01
49853|1.698|1.698|1.969|1.969|2026-04-01
49857|NA|1.689|NA|1.989|2026-04-01
49860|1.957|1.737|2.273|2.053|2026-04-01
49861|1.949|1.749|2.299|2.099|2026-04-01
49873|NA|1.727|NA|2.059|2026-04-01
49878|NA|1.729|NA|2.089|2026-04-01
49879|1.973|1.719|2.323|2.069|2026-04-01
49880|1.889|1.739|2.219|2.069|2026-04-01
49884|NA|1.779|NA|2.149|2026-04-01
49885|1.749|NA|2.099|NA|2026-04-01
49891|1.955|1.735|2.255|2.035|2026-04-01
49892|1.939|1.739|2.299|2.099|2026-04-01
49894|2.019|1.769|2.389|2.139|2026-04-01
49895|NA|1.749|NA|2.099|2026-04-01
49897|2.009|1.759|2.369|2.119|2026-04-01
49898|1.939|1.939|2.099|2.099|2026-04-01
49900|1.925|1.715|2.25|2.04|2026-04-01
49903|NA|1.729|NA|2.149|2026-04-01
49907|1.739|NA|1.989|NA|2026-04-01
49915|1.839|NA|2.099|NA|2026-04-01
49916|1.849|1.849|2.099|2.099|2026-04-01
49917|1.95|1.73|2.24|2.02|2026-04-01
49920|1.999|1.799|2.329|2.129|2026-04-01
49921|1.899|1.889|2.185|2.169|2026-04-01
49922|1.929|1.719|2.249|2.039|2026-04-01
49923|NA|1.707|NA|2.027|2026-04-01
49925|NA|1.739|NA|2.069|2026-04-01
49930|1.899|1.899|1.999|1.999|2026-04-01
49935|1.929|1.759|2.239|2.069|2026-04-01
49936|1.759|1.759|2.099|2.099|2026-04-01
49937|2.101|1.837|2.471|2.195|2026-04-01
49938|1.997|1.997|2.285|2.285|2026-04-01
49943|NA|1.769|NA|2.079|2026-04-01
49944|1.819|1.719|2.199|2.099|2026-04-01
49945|NA|1.718|NA|2.098|2026-04-01
49947|1.739|1.739|2.099|2.099|2026-04-01
49950|1.915|1.715|2.239|2.039|2026-04-01
49951|2.019|1.799|2.319|2.099|2026-04-01
49952|1.999|1.959|2.269|2.229|2026-04-01
49955|1.945|1.725|2.253|2.033|2026-04-01
49957|1.957|1.737|2.253|2.033|2026-04-01
49962|2.017|1.777|2.347|2.097|2026-04-01
49967|NA|1.695|NA|2.015|2026-04-01
49968|1.958|1.759|2.298|2.099|2026-04-01
49970|1.789|1.719|2.169|2.099|2026-04-01
49971|NA|1.719|NA|2.099|2026-04-01
49972|1.725|1.725|2.065|2.065|2026-04-01
49977|NA|1.739|NA|2.149|2026-04-01
49982|1.937|1.717|2.253|2.033|2026-04-01
49986|1.799|1.799|2.119|2.119|2026-04-01
49990|2.049|1.899|2.309|2.159|2026-04-01
49991|2.089|1.889|2.409|2.209|2026-04-01
49992|1.697|1.697|2.029|2.029|2026-04-01
49993|2.047|1.767|2.379|2.099|2026-04-01
49999|NA|1.759|NA|2.169|2026-04-01
50000|1.779|1.779|2.159|2.159|2026-04-01
50002|1.949|1.729|1.899|1.679|2026-04-01
50003|2.057|2.057|2.299|2.299|2026-04-01
50004|1.999|1.789|2.309|2.099|2026-04-01
50005|2.01|1.8|2.349|2.139|2026-04-01
50006|NA|1.815|NA|2.145|2026-04-01
50009|NA|1.779|NA|2.099|2026-04-01
50012|1.799|1.799|2.125|2.125|2026-04-01
50014|1.94|1.715|2.26|2.035|2026-04-01
50022|NA|1.796|NA|2.158|2026-04-01
50023|NA|1.779|NA|2.119|2026-04-01
50027|1.799|1.709|2.139|2.049|2026-04-01
50028|NA|1.739|NA|2.099|2026-04-01
50029|2.029|1.779|2.389|2.139|2026-04-01
50030|1.799|1.799|2.089|2.089|2026-04-01
50033|NA|1.799|NA|2.139|2026-04-01
50040|2.068|1.818|2.419|2.169|2026-04-01
50041|1.929|1.699|2.259|2.029|2026-04-01
50044|NA|1.794|NA|2.119|2026-04-01
50046|2.009|1.799|2.349|2.139|2026-04-01
50047|1.955|NA|2.089|NA|2026-04-01
50048|1.799|1.799|2.139|2.139|2026-04-01
50049|1.799|1.799|2.159|2.159|2026-04-01
50054|1.719|1.718|2.079|2.078|2026-04-01
50056|NA|1.735|NA|1.982|2026-04-01
50061|NA|1.699|NA|2.089|2026-04-01
50062|NA|1.709|NA|2.039|2026-04-01
50063|1.719|NA|2.039|NA|2026-04-01
50068|1.999|1.799|2.338|2.138|2026-04-01
50074|1.95|1.73|2.24|2.02|2026-04-01
50075|1.959|1.749|2.249|2.039|2026-04-01
50076|1.779|1.779|2.119|2.119|2026-04-01
50083|1.909|1.759|2.249|2.099|2026-04-01
50085|NA|1.747|NA|2.077|2026-04-01
50087|1.899|1.899|1.999|1.999|2026-04-01
50088|2.029|1.779|2.369|2.119|2026-04-01
50089|1.909|1.739|2.279|2.099|2026-04-01
50092|1.819|1.719|2.129|2.029|2026-04-01
50093|2.009|1.789|2.339|2.119|2026-04-01
50094|1.749|1.749|2.049|2.049|2026-04-01
50096|2.019|1.719|2.379|2.079|2026-04-01
50097|1.899|1.729|2.149|1.979|2026-04-01
50098|NA|1.779|NA|2.109|2026-04-01
50099|1.942|1.732|2.245|2.035|2026-04-01
50103|1.799|1.799|2.139|2.139|2026-04-01
50104|1.949|1.799|2.299|2.149|2026-04-01
50107|2.029|1.829|2.369|2.169|2026-04-01
50108|1.957|1.737|2.273|2.053|2026-04-01
50112|1.769|1.769|2.149|2.149|2026-04-01
50114|1.889|1.739|2.129|1.979|2026-04-01
50119|1.899|1.699|2.209|2.009|2026-04-01
50120|NA|1.629|NA|1.589|2026-04-01
50121|1.879|1.689|2.229|2.039|2026-04-01
50122|NA|1.675|NA|2.094|2026-04-01
50123|NA|1.769|NA|2.129|2026-04-01
50124|NA|1.749|NA|2.099|2026-04-01
50128|1.99|1.75|2.319|2.079|2026-04-01
50129|1.799|NA|2.129|NA|2026-04-01
50130|1.94|1.715|2.26|2.035|2026-04-01
50131|1.919|1.719|2.299|2.099|2026-04-01
50135|1.729|1.729|2.099|2.099|2026-04-01
50136|NA|1.695|NA|2.015|2026-04-01
50145|1.925|1.715|2.245|2.035|2026-04-01
50146|1.799|1.799|2.099|2.099|2026-04-01
50155|1.997|1.786|2.367|2.156|2026-04-01
50156|NA|1.732|NA|2.045|2026-04-01
50159|1.957|1.737|2.253|2.033|2026-04-01
50164|NA|1.655|NA|1.895|2026-04-01
50165|NA|1.785|NA|1.955|2026-04-01
50171|1.989|1.779|2.309|2.099|2026-04-01
50172|NA|1.675|NA|1.574|2026-04-01
50174|1.799|1.799|1.999|1.999|2026-04-01
50176|1.977|1.777|2.299|2.099|2026-04-01
50177|1.851|1.701|2.231|2.081|2026-04-01
50178|1.709|1.709|2.029|2.029|2026-04-01
50182|1.879|1.732|2.089|2.048|2026-04-01
50193|1.942|1.732|2.258|2.048|2026-04-01
50195|1.839|1.739|2.199|2.099|2026-04-01
50196|1.925|1.715|2.245|2.035|2026-04-01
50197|2.139|1.789|2.499|2.149|2026-04-01
50198|1.997|1.747|2.285|2.015|2026-04-01
50200|1.779|1.779|2.099|2.099|2026-04-01
50201|1.932|1.712|2.248|2.028|2026-04-01
50202|1.945|1.725|2.253|2.033|2026-04-01
50205|1.93|1.73|2.339|2.139|2026-04-01
50207|NA|1.749|NA|2.049|2026-04-01
50211|1.89|1.68|2.209|1.999|2026-04-01
50214|1.949|1.799|2.249|2.099|2026-04-01
50216|1.695|1.695|2.084|2.084|2026-04-01
50220|1.799|1.799|2.099|2.099|2026-04-01
50223|1.969|1.759|2.279|2.069|2026-04-01
50224|2.129|1.779|2.499|2.149|2026-04-01
50225|1.739|NA|2.049|NA|2026-04-01
50227|1.957|1.737|2.265|2.045|2026-04-01
50228|1.919|1.739|2.279|2.099|2026-04-01
50229|1.987|1.769|2.297|2.079|2026-04-01
50233|1.779|1.779|2.149|2.149|2026-04-01
50234|1.955|1.735|2.265|2.045|2026-04-01
50236|2.016|1.759|2.309|2.099|2026-04-01
50238|NA|1.769|NA|2.139|2026-04-01
50239|1.809|1.729|2.139|2.059|2026-04-01
50240|2.189|1.869|2.449|2.149|2026-04-01
50241|1.989|1.779|2.349|2.139|2026-04-01
50242|NA|1.748|NA|2.058|2026-04-01
50244|NA|1.714|NA|1.686|2026-04-01
50245|NA|1.736|NA|1.714|2026-04-01
50246|1.66|1.66|2.049|2.049|2026-04-01
50250|1.739|1.739|2.049|2.049|2026-04-01
50252|1.999|1.779|2.289|2.069|2026-04-01
50254|1.829|1.829|2.079|2.079|2026-04-01
50255|2.099|1.849|2.409|2.159|2026-04-01
50258|NA|1.737|NA|2.035|2026-04-01
50259|1.899|1.689|1.799|1.689|2026-04-01
50260|NA|1.709|NA|2.099|2026-04-01
50261|1.769|1.769|2.099|2.099|2026-04-01
50264|NA|1.732|NA|2.045|2026-04-01
50265|1.989|1.749|2.299|2.059|2026-04-01
50266|1.849|1.732|2.059|2.035|2026-04-01
50269|1.979|1.779|2.349|2.149|2026-04-01
50270|1.959|1.759|2.299|2.099|2026-04-01
50271|NA|1.999|NA|2.24|2026-04-01
50272|NA|1.699|NA|1.999|2026-04-01
50274|1.755|1.755|2.093|2.093|2026-04-01
50275|1.809|1.809|2.129|2.129|2026-04-01
50276|NA|1.729|NA|2.159|2026-04-01
50277|NA|1.699|NA|2.014|2026-04-01
50279|NA|1.729|NA|2.029|2026-04-01
50280|NA|1.754|NA|1.736|2026-04-01
50282|NA|1.689|NA|2.029|2026-04-01
50283|NA|1.709|NA|2.019|2026-04-01
50285|NA|1.689|NA|2.029|2026-04-01
50286|NA|1.689|NA|2.029|2026-04-01
50287|NA|1.579|NA|1.569|2026-04-01
50290|NA|1.709|NA|2.069|2026-04-01
50291|NA|1.694|NA|1.994|2026-04-01
50292|NA|1.714|NA|2.069|2026-04-01
50293|NA|1.639|NA|1.994|2026-04-01
50294|NA|1.669|NA|2.014|2026-04-01
50295|NA|1.679|NA|1.999|2026-04-01
50297|NA|1.699|NA|2.049|2026-04-01
50298|NA|1.669|NA|2.014|2026-04-01
50299|NA|1.669|NA|2.024|2026-04-01
50300|NA|1.769|NA|2.159|2026-04-01
50302|NA|1.679|NA|2.014|2026-04-01
50305|NA|1.699|NA|2.019|2026-04-01
50307|2.002|1.802|2.349|2.149|2026-04-01
50308|NA|1.664|NA|2.014|2026-04-01
50310|2.089|1.759|2.409|2.079|2026-04-01
50314|1.957|1.737|2.291|2.071|2026-04-01
50317|1.945|1.695|2.319|2.069|2026-04-01
50319|1.859|1.859|2.189|2.189|2026-04-01
50322|NA|1.66|NA|2.0|2026-04-01
50324|1.799|1.799|2.099|2.099|2026-04-01
50329|1.799|1.799|2.059|2.059|2026-04-01
50330|NA|1.759|NA|2.059|2026-04-01
50331|1.957|1.737|2.255|2.035|2026-04-01
50333|2.039|1.829|2.369|2.159|2026-04-01
50335|NA|1.699|NA|2.049|2026-04-01
50336|1.789|1.789|2.069|2.069|2026-04-01
50339|1.899|1.699|2.199|1.999|2026-04-01
50344|2.089|1.789|2.399|2.099|2026-04-01
50346|1.879|1.669|2.229|2.019|2026-04-01
50347|1.869|1.719|2.249|2.099|2026-04-01
50350|1.949|1.739|2.269|2.059|2026-04-01
50353|1.937|1.717|2.253|2.033|2026-04-01
50358|NA|1.72|NA|2.04|2026-04-01
50361|1.939|1.799|2.209|2.069|2026-04-01
50366|2.223|1.715|2.329|2.045|2026-04-01
50367|NA|1.715|NA|2.045|2026-04-01
50369|1.929|1.729|2.299|2.099|2026-04-01
50371|1.89|1.67|2.239|2.019|2026-04-01
50372|2.037|1.819|2.367|2.149|2026-04-01
50375|1.749|1.749|2.099|2.099|2026-04-01
50378|2.009|1.789|2.379|2.159|2026-04-01
50379|NA|1.715|NA|2.028|2026-04-01
50382|1.942|1.732|2.238|2.028|2026-04-01
50383|NA|1.859|NA|2.099|2026-04-01
50384|1.935|1.725|2.238|2.028|2026-04-01
50385|1.957|1.737|2.265|2.045|2026-04-01
50388|1.967|1.747|2.265|2.045|2026-04-01
50389|1.942|1.732|2.245|2.035|2026-04-01
50390|1.979|1.759|2.279|2.059|2026-04-01
50391|1.789|1.789|2.065|2.065|2026-04-01
50392|1.799|1.799|2.049|2.049|2026-04-01
50393|1.925|1.775|2.305|2.155|2026-04-01
50394|1.877|1.777|2.219|2.119|2026-04-01
50396|1.729|1.729|2.099|2.099|2026-04-01
50406|1.769|NA|2.139|NA|2026-04-01
50408|NA|1.709|NA|2.039|2026-04-01
50409|2.129|1.829|2.449|2.149|2026-04-01
50410|1.967|1.747|2.273|2.053|2026-04-01
50418|NA|1.689|NA|NA|2026-04-01
50422|1.759|1.759|2.089|2.089|2026-04-01
50423|1.759|1.759|2.029|2.029|2026-04-01
50424|NA|1.769|NA|2.089|2026-04-01
50427|1.978|1.778|2.299|2.099|2026-04-01
50429|1.949|1.759|2.319|2.129|2026-04-01
50430|1.779|NA|1.999|NA|2026-04-01
50432|2.229|1.839|2.549|2.159|2026-04-01
50435|2.109|1.799|2.349|2.099|2026-04-01
50437|NA|1.712|NA|2.028|2026-04-01
50438|NA|1.729|NA|2.139|2026-04-01
50440|1.922|1.712|2.238|2.028|2026-04-01
50441|1.922|1.712|2.238|2.028|2026-04-01
50442|1.922|1.712|2.238|2.028|2026-04-01
50443|2.009|1.789|2.319|2.099|2026-04-01
50444|1.993|1.739|2.303|2.049|2026-04-01
50448|NA|1.715|NA|2.028|2026-04-01
50449|NA|1.749|NA|2.059|2026-04-01
50450|1.849|1.749|2.159|2.059|2026-04-01
50451|NA|1.869|NA|2.069|2026-04-01
50453|1.935|1.725|2.238|2.028|2026-04-01
50455|1.739|1.739|2.049|2.049|2026-04-01
50459|2.149|1.899|2.389|2.149|2026-04-01
50460|2.054|1.789|2.414|2.149|2026-04-01
50461|NA|1.749|NA|2.119|2026-04-01
50462|NA|1.749|NA|2.119|2026-04-01
50463|NA|1.749|NA|2.059|2026-04-01
50464|NA|1.799|NA|2.109|2026-04-01
50465|1.799|1.799|2.149|2.149|2026-04-01
50466|1.967|1.747|2.265|2.045|2026-04-01
50469|1.839|1.739|2.165|2.065|2026-04-01
50472|1.979|1.879|NA|NA|2026-04-01
50475|1.799|1.799|2.099|2.099|2026-04-01
50479|1.922|1.712|2.238|2.028|2026-04-01
50481|1.922|1.712|2.238|2.028|2026-04-01
50483|1.859|1.759|2.209|2.059|2026-04-01
50488|NA|1.729|NA|2.019|2026-04-01
50492|1.888|1.668|1.869|1.649|2026-04-01
50501|1.919|1.799|2.159|2.039|2026-04-01
50504|NA|1.729|NA|2.099|2026-04-01
50505|1.939|1.729|2.279|2.069|2026-04-01
50506|1.965|1.755|2.249|2.039|2026-04-01
50509|1.949|1.739|2.269|2.059|2026-04-01
50510|1.942|1.732|2.238|2.028|2026-04-01
50511|NA|1.759|NA|2.039|2026-04-01
50521|1.922|1.712|2.238|2.028|2026-04-01
50522|1.922|1.712|2.238|2.028|2026-04-01
50523|1.949|1.749|2.259|2.059|2026-04-01
50524|1.999|1.719|2.349|2.069|2026-04-01
50525|1.942|1.732|2.258|2.048|2026-04-01
50527|NA|1.739|NA|2.099|2026-04-01
50528|1.719|1.719|2.029|2.029|2026-04-01
50529|1.939|1.739|2.309|2.109|2026-04-01
50530|NA|1.699|NA|2.069|2026-04-01
50532|NA|1.699|NA|2.049|2026-04-01
50534|1.729|NA|2.019|NA|2026-04-01
50538|NA|1.749|NA|2.079|2026-04-01
50541|NA|1.819|NA|2.088|2026-04-01
50544|NA|1.769|NA|2.159|2026-04-01
50547|1.942|1.732|2.258|2.048|2026-04-01
50553|1.979|1.779|2.339|2.139|2026-04-01
50554|1.745|1.745|2.059|2.059|2026-04-01
50555|1.989|1.779|2.289|2.079|2026-04-01
50556|1.94|1.73|2.25|2.04|2026-04-01
50557|1.942|1.732|2.25|2.04|2026-04-01
50563|1.829|1.779|2.149|2.099|2026-04-01
50567|1.968|1.968|2.168|2.168|2026-04-01
50569|1.979|1.759|2.359|2.139|2026-04-01
50575|NA|1.779|NA|2.139|2026-04-01
50576|1.949|1.749|2.299|2.099|2026-04-01
50581|2.002|1.792|2.295|2.085|2026-04-01
50583|2.002|1.792|2.295|2.085|2026-04-01
50584|2.005|1.795|2.318|2.108|2026-04-01
50585|1.937|1.712|2.253|2.028|2026-04-01
50588|1.959|1.749|2.329|2.119|2026-04-01
50589|1.922|1.712|2.238|2.028|2026-04-01
50591|1.799|1.799|2.139|2.139|2026-04-01
50592|1.957|1.737|2.25|2.03|2026-04-01
50594|NA|1.729|NA|2.089|2026-04-01
50598|1.945|1.725|2.253|2.033|2026-04-01
50599|2.019|1.819|2.319|2.119|2026-04-01
50604|NA|1.709|NA|2.099|2026-04-01
50605|1.849|1.749|2.169|2.069|2026-04-01
50608|NA|1.765|NA|2.009|2026-04-01
50614|1.999|1.789|2.329|2.119|2026-04-01
50617|NA|1.732|NA|2.035|2026-04-01
50619|NA|1.799|NA|2.149|2026-04-01
50621|1.707|1.707|2.027|2.027|2026-04-01
50626|1.957|1.732|2.273|2.048|2026-04-01
50628|1.998|1.798|2.299|2.099|2026-04-01
50629|1.937|1.717|2.253|2.033|2026-04-01
50630|NA|1.749|NA|2.099|2026-04-01
50631|1.929|1.739|2.289|2.099|2026-04-01
50632|1.959|1.779|2.329|2.149|2026-04-01
50635|NA|1.829|NA|2.099|2026-04-01
50641|NA|1.625|NA|1.855|2026-04-01
50642|1.789|1.689|2.159|2.059|2026-04-01
50643|1.769|1.769|2.099|2.099|2026-04-01
50644|1.939|1.739|2.299|2.099|2026-04-01
50645|1.939|1.739|2.299|2.099|2026-04-01
50648|1.922|1.712|2.238|2.028|2026-04-01
50649|NA|1.779|NA|2.119|2026-04-01
50651|2.299|1.999|2.599|2.299|2026-04-01
50652|1.949|1.799|2.249|2.099|2026-04-01
50653|1.769|1.769|2.169|2.169|2026-04-01
50654|1.999|1.799|2.369|2.169|2026-04-01
50655|NA|1.769|NA|2.169|2026-04-01
50656|1.748|1.748|2.108|2.108|2026-04-01
50657|1.829|1.729|2.229|2.129|2026-04-01
50658|NA|1.779|NA|2.099|2026-04-01
50665|NA|1.737|NA|2.033|2026-04-01
50666|1.946|1.746|2.346|2.146|2026-04-01
50667|1.939|1.739|2.299|2.099|2026-04-01
50669|1.989|1.789|2.339|2.139|2026-04-01
50670|1.899|1.899|2.109|2.109|2026-04-01
50672|1.899|1.899|2.109|2.109|2026-04-01
50673|1.697|1.697|2.025|2.025|2026-04-01
50675|NA|1.748|NA|2.068|2026-04-01
50678|NA|1.759|NA|2.099|2026-04-01
50679|2.009|1.759|2.319|2.069|2026-04-01
50683|1.875|1.675|2.249|2.049|2026-04-01
50684|1.939|1.719|2.339|2.109|2026-04-01
50688|NA|1.869|NA|2.099|2026-04-01
50689|1.949|1.739|2.349|2.139|2026-04-01
50691|NA|1.724|NA|2.028|2026-04-01
50693|NA|1.688|NA|2.037|2026-04-01
50694|1.829|1.739|2.209|2.119|2026-04-01
50698|2.109|1.759|2.409|2.059|2026-04-01
50700|1.769|NA|2.079|NA|2026-04-01
50704|NA|1.709|NA|2.019|2026-04-01
50705|1.717|1.717|2.097|2.097|2026-04-01
50706|1.999|1.749|2.329|2.079|2026-04-01
50708|1.939|1.739|2.299|2.099|2026-04-01
50713|2.099|1.799|2.399|2.099|2026-04-01
50714|NA|1.797|NA|2.097|2026-04-01
50715|1.979|1.779|2.349|2.149|2026-04-01
50716|1.849|1.749|2.169|2.069|2026-04-01
50718|NA|1.789|NA|2.149|2026-04-01
50719|1.999|1.749|2.299|2.049|2026-04-01
50720|1.81|1.81|2.139|2.139|2026-04-01
50721|1.739|1.739|2.029|2.029|2026-04-01
50724|1.769|1.769|2.159|2.159|2026-04-01
50730|1.895|1.745|2.189|2.039|2026-04-01
50731|1.829|1.729|2.199|2.099|2026-04-01
50732|1.919|1.769|2.249|2.099|2026-04-01
50733|1.803|1.803|2.044|2.044|2026-04-01
50734|1.754|1.754|2.044|2.044|2026-04-01
50737|1.789|1.719|2.099|1.999|2026-04-01
50740|1.929|1.719|2.269|2.059|2026-04-01
50741|1.869|1.659|2.209|1.999|2026-04-01
50742|NA|1.719|NA|2.079|2026-04-01
50744|1.699|1.699|2.029|2.029|2026-04-01
50745|2.029|1.739|2.329|2.039|2026-04-01
50747|1.957|1.737|2.275|2.053|2026-04-01
50748|NA|1.779|NA|2.049|2026-04-01
50751|1.957|1.737|2.291|2.071|2026-04-01
50752|1.799|1.799|2.099|2.099|2026-04-01
50753|2.049|1.779|2.359|2.089|2026-04-01
50755|NA|1.719|NA|2.049|2026-04-01
50760|1.819|1.819|2.149|2.149|2026-04-01
50763|1.959|1.759|2.299|2.099|2026-04-01
50764|1.942|1.732|2.255|2.045|2026-04-01
50767|NA|1.899|NA|1.999|2026-04-01
50768|1.919|1.769|2.249|2.099|2026-04-01
50770|1.739|1.739|2.099|2.099|2026-04-01
50773|NA|1.88|NA|2.08|2026-04-01
50777|1.819|1.743|2.123|2.046|2026-04-01
50779|1.95|1.73|2.253|2.033|2026-04-01
50781|NA|1.849|NA|2.209|2026-04-01
50782|1.719|1.719|2.109|2.109|2026-04-01
50783|1.819|1.819|2.159|2.159|2026-04-01
50784|NA|1.789|NA|2.069|2026-04-01
50786|1.989|1.989|2.189|2.189|2026-04-01
50789|1.819|1.819|2.149|2.149|2026-04-01
50790|NA|1.699|NA|1.999|2026-04-01
50793|NA|1.689|NA|1.999|2026-04-01
50794|NA|1.689|NA|2.039|2026-04-01
50798|NA|1.699|NA|1.999|2026-04-01
50799|1.799|1.799|2.139|2.139|2026-04-01
50807|NA|1.679|NA|1.999|2026-04-01
50811|1.748|1.748|2.128|2.128|2026-04-01
50814|1.949|1.739|2.269|2.059|2026-04-01
50816|NA|1.678|NA|1.998|2026-04-01
50817|NA|1.698|NA|2.048|2026-04-01
50818|1.957|1.737|2.273|2.053|2026-04-01
50822|1.809|1.759|2.189|2.139|2026-04-01
50823|1.957|1.737|2.255|2.035|2026-04-01
50824|1.899|1.899|2.099|2.099|2026-04-01
50826|NA|1.759|NA|2.119|2026-04-01
50828|2.049|1.799|2.449|2.199|2026-04-01
50829|1.769|1.709|2.109|2.049|2026-04-01
50830|2.039|1.719|2.409|2.089|2026-04-01
50833|2.079|1.779|2.409|2.109|2026-04-01
50834|1.889|1.889|2.099|2.099|2026-04-01
50835|1.799|1.799|2.099|2.099|2026-04-01
50836|1.799|1.799|2.179|2.179|2026-04-01
50839|NA|1.697|NA|2.067|2026-04-01
50840|1.779|1.779|2.099|2.099|2026-04-01
50843|1.945|1.745|2.235|2.035|2026-04-01
50844|1.879|1.789|2.239|2.149|2026-04-01
50845|1.849|1.799|2.189|2.139|2026-04-01
50850|1.779|1.779|1.679|1.679|2026-04-01
50852|2.099|1.799|2.299|1.999|2026-04-01
50853|1.73|1.73|2.05|2.05|2026-04-01
50854|NA|1.739|NA|2.039|2026-04-01
50856|1.94|1.72|2.273|2.053|2026-04-01
50857|1.949|1.749|2.239|2.039|2026-04-01
50862|1.942|1.732|2.238|2.028|2026-04-01
50864|1.969|1.779|2.209|2.019|2026-04-01
50866|NA|1.719|NA|2.029|2026-04-01
50867|1.759|1.759|2.109|2.109|2026-04-01
50868|NA|1.759|NA|2.099|2026-04-01
50870|NA|1.679|NA|2.039|2026-04-01
50871|NA|1.694|NA|2.039|2026-04-01
50872|1.899|1.739|2.199|2.049|2026-04-01
50874|1.919|1.719|2.269|2.069|2026-04-01
50878|1.799|1.799|2.099|2.099|2026-04-01
50883|1.735|1.735|2.055|2.055|2026-04-01
50885|NA|1.799|NA|2.129|2026-04-01
50887|1.959|1.759|2.319|2.119|2026-04-01
50889|1.959|1.749|2.269|2.059|2026-04-01
50892|1.919|1.729|2.229|2.039|2026-04-01
50893|1.899|1.709|2.189|1.999|2026-04-01
50894|1.929|1.739|2.189|1.999|2026-04-01
50895|2.127|1.859|2.447|2.179|2026-04-01
50899|2.029|1.819|2.369|2.159|2026-04-01
50900|NA|1.769|NA|2.129|2026-04-01
50902|1.739|NA|2.079|NA|2026-04-01
50904|NA|1.759|NA|2.059|2026-04-01
50905|NA|1.799|NA|2.079|2026-04-01
50906|1.719|1.719|2.039|2.039|2026-04-01
50907|2.129|1.809|2.479|2.159|2026-04-01
50911|NA|1.789|NA|2.119|2026-04-01
50914|NA|1.729|NA|2.029|2026-04-01
50917|1.745|1.745|2.065|2.065|2026-04-01
50920|1.729|1.729|2.049|2.049|2026-04-01
50924|1.737|1.737|2.097|2.097|2026-04-01
50927|1.999|1.799|2.329|2.129|2026-04-01
50929|1.847|1.747|2.177|2.077|2026-04-01
50938|NA|1.759|NA|2.069|2026-04-01
50939|1.699|1.699|2.019|2.019|2026-04-01
50940|NA|1.779|NA|2.129|2026-04-01
50941|2.109|1.729|2.239|2.089|2026-04-01
50943|NA|1.759|NA|2.139|2026-04-01
50944|NA|1.699|NA|2.059|2026-04-01
50945|NA|1.719|NA|2.149|2026-04-01
50947|NA|1.759|NA|2.079|2026-04-01
50951|1.869|1.719|2.139|1.989|2026-04-01
50952|1.937|1.717|2.253|2.033|2026-04-01
50954|NA|1.826|NA|2.063|2026-04-01
50955|NA|1.799|NA|2.079|2026-04-01
50958|1.999|1.749|2.319|2.069|2026-04-01
50959|1.899|1.729|2.099|2.049|2026-04-01
50961|1.749|NA|2.079|NA|2026-04-01
50962|1.979|1.769|2.309|2.099|2026-04-01
50963|1.799|NA|2.099|NA|2026-04-01
50964|1.959|1.749|2.269|2.059|2026-04-01
50965|1.799|1.799|2.099|2.099|2026-04-01
50968|1.947|1.797|2.269|2.119|2026-04-01
50969|1.947|1.797|2.269|2.119|2026-04-01
50970|1.789|1.789|2.138|2.138|2026-04-01
50972|1.969|1.769|2.289|2.089|2026-04-01
50974|1.889|1.739|2.179|2.099|2026-04-01
50975|1.779|1.779|2.099|2.099|2026-04-01
50976|1.719|NA|2.099|NA|2026-04-01
50977|NA|1.799|NA|2.039|2026-04-01
50978|NA|1.729|NA|2.079|2026-04-01
50981|NA|1.835|NA|2.115|2026-04-01
50982|1.775|1.775|2.165|2.165|2026-04-01
50983|1.798|1.798|2.098|2.098|2026-04-01
50984|1.899|NA|2.229|NA|2026-04-01
50985|1.949|1.759|2.319|2.129|2026-04-01
50986|1.869|1.769|2.199|2.099|2026-04-01
50987|1.999|NA|2.199|NA|2026-04-01
50988|NA|1.737|NA|2.053|2026-04-01
50989|1.922|1.712|2.238|2.028|2026-04-01
50992|1.847|1.847|2.098|2.098|2026-04-01
50998|NA|1.799|NA|2.099|2026-04-01
50999|2.009|1.729|2.309|2.029|2026-04-01
51002|NA|1.739|NA|2.089|2026-04-01
51004|1.889|1.889|2.119|2.119|2026-04-01
51005|1.739|1.739|2.089|2.089|2026-04-01
51006|NA|1.747|NA|2.117|2026-04-01
51011|1.937|1.717|2.253|2.033|2026-04-01
51012|1.957|1.737|2.265|2.045|2026-04-01
51014|NA|1.759|NA|2.105|2026-04-01
51015|NA|1.765|NA|2.039|2026-04-01
51017|1.887|1.687|2.197|1.997|2026-04-01
51019|1.779|1.719|2.119|2.059|2026-04-01
51024|2.054|1.779|2.404|2.114|2026-04-01
51025|1.937|1.712|2.253|2.028|2026-04-01
51026|NA|1.665|NA|2.025|2026-04-01
51027|NA|1.899|NA|2.097|2026-04-01
51041|NA|1.886|NA|2.165|2026-04-01
51042|1.94|1.72|2.26|2.04|2026-04-01
51045|1.845|1.745|2.195|2.095|2026-04-01
51047|1.896|1.686|2.249|2.039|2026-04-01
51050|1.955|1.735|2.265|2.045|2026-04-01
51051|1.942|1.732|2.25|2.04|2026-04-01
51052|1.957|1.737|2.253|2.033|2026-04-01
51055|1.739|1.739|2.029|2.029|2026-04-01
51058|NA|1.749|NA|2.089|2026-04-01
51061|1.809|1.809|2.139|2.139|2026-04-01
51062|NA|1.759|NA|2.099|2026-04-01
51063|1.799|1.699|2.119|2.019|2026-04-01
51064|1.957|1.737|2.265|2.045|2026-04-01
51065|1.979|1.769|2.329|2.119|2026-04-01
51067|1.798|1.698|2.098|1.998|2026-04-01
51069|NA|1.739|NA|2.099|2026-04-01
51070|2.007|1.797|2.337|2.137|2026-04-01
51071|1.877|1.727|2.179|2.029|2026-04-01
51074|1.769|1.769|2.099|2.099|2026-04-01
51077|1.967|1.747|2.255|2.035|2026-04-01
51078|1.949|1.739|2.239|2.029|2026-04-01
51079|1.799|1.799|2.169|2.169|2026-04-01
51088|1.942|1.732|2.245|2.035|2026-04-01
51090|1.967|1.747|2.273|2.053|2026-04-01
51092|1.957|1.737|2.293|2.073|2026-04-01
51097|1.745|1.745|2.045|2.045|2026-04-01
51098|1.779|1.779|2.079|2.079|2026-04-01
51100|1.694|1.694|1.984|1.984|2026-04-01
51103|NA|1.715|NA|2.129|2026-04-01
51105|1.969|1.759|2.309|2.099|2026-04-01
51111|1.929|1.729|2.259|2.059|2026-04-01
51112|2.089|1.789|2.389|2.089|2026-04-01
51114|NA|1.717|NA|2.077|2026-04-01
51115|1.924|1.824|2.254|2.154|2026-04-01
51120|1.989|1.779|2.359|2.149|2026-04-01
51125|1.895|1.695|2.225|2.025|2026-04-01
51126|2.142|1.922|2.367|2.147|2026-04-01
51129|NA|1.732|NA|2.035|2026-04-01
51130|1.795|1.795|2.025|2.025|2026-04-01
51131|1.869|1.739|2.209|2.079|2026-04-01
51133|NA|1.713|NA|1.993|2026-04-01
51136|1.94|1.715|2.26|2.035|2026-04-01
51137|1.745|1.745|2.065|2.065|2026-04-01
51138|2.099|NA|2.299|NA|2026-04-01
51140|1.942|1.732|2.245|2.035|2026-04-01
51141|1.957|1.732|2.26|2.035|2026-04-01
51142|1.942|1.732|2.235|2.025|2026-04-01
51145|1.755|1.755|2.095|2.095|2026-04-01
51148|NA|1.719|NA|2.059|2026-04-01
51149|NA|1.809|NA|2.089|2026-04-01
51150|2.039|1.739|2.399|2.099|2026-04-01
51152|1.699|1.699|1.999|1.999|2026-04-01
51155|1.729|NA|2.099|NA|2026-04-01
51156|1.969|1.769|2.269|2.069|2026-04-01
51157|1.819|1.819|2.099|2.099|2026-04-01
51159|1.969|1.749|2.349|2.129|2026-04-01
51161|1.957|1.737|2.27|2.05|2026-04-01
51163|2.129|1.779|2.499|2.149|2026-04-01
51165|1.799|NA|2.139|NA|2026-04-01
51171|1.739|1.739|2.099|1.099|2026-04-01
51173|1.857|1.757|2.168|2.068|2026-04-01
51176|1.719|1.719|2.019|2.019|2026-04-01
51178|1.919|1.799|2.219|2.099|2026-04-01
51180|1.819|1.819|2.099|2.099|2026-04-01
51182|1.819|1.819|2.069|2.069|2026-04-01
51183|NA|1.749|NA|2.129|2026-04-01
51185|1.769|NA|2.099|NA|2026-04-01
51186|1.95|1.73|2.253|2.033|2026-04-01
51187|NA|1.699|NA|2.029|2026-04-01
51188|NA|1.729|NA|2.069|2026-04-01
51190|NA|1.699|NA|2.049|2026-04-01
51194|1.969|1.719|2.379|2.129|2026-04-01
51196|1.942|1.732|2.25|2.04|2026-04-01
51200|1.988|1.738|2.278|2.028|2026-04-01
51201|1.859|1.799|2.179|2.119|2026-04-01
51204|1.869|1.769|2.189|2.089|2026-04-01
51205|1.839|1.739|2.199|2.099|2026-04-01
51210|NA|1.899|NA|2.199|2026-04-01
51212|1.799|1.799|2.099|2.099|2026-04-01
51215|NA|1.762|NA|2.06|2026-04-01
51216|1.879|1.729|2.219|2.069|2026-04-01
51218|1.799|NA|2.119|NA|2026-04-01
51219|1.969|1.789|2.249|2.069|2026-04-01
51221|NA|1.769|NA|2.119|2026-04-01
51222|1.759|1.759|2.139|2.139|2026-04-01
51227|1.749|1.749|2.089|2.089|2026-04-01
51228|1.719|1.719|1.999|1.999|2026-04-01
51231|1.699|1.699|2.029|2.029|2026-04-01
51232|NA|1.739|NA|2.099|2026-04-01
51234|1.719|NA|2.059|NA|2026-04-01
51235|1.729|1.729|2.059|2.059|2026-04-01
51238|1.979|1.879|2.199|2.099|2026-04-01
51239|2.049|1.799|2.349|2.099|2026-04-01
51244|NA|1.739|NA|2.089|2026-04-01
51248|NA|1.799|NA|1.999|2026-04-01
51249|NA|1.899|NA|2.119|2026-04-01
51252|NA|1.699|NA|2.039|2026-04-01
51253|1.486|1.486|1.566|1.566|2026-04-01
51254|1.799|NA|1.989|NA|2026-04-01
51258|1.969|1.699|2.289|2.019|2026-04-01
51263|NA|1.729|NA|2.119|2026-04-01
51264|1.967|1.747|2.273|2.053|2026-04-01
51265|1.987|1.747|2.275|2.055|2026-04-01
51272|1.709|1.709|2.039|2.039|2026-04-01
51273|NA|1.709|NA|2.039|2026-04-01
51276|NA|1.799|NA|2.129|2026-04-01
51277|1.979|1.779|2.349|2.149|2026-04-01
51278|1.749|1.749|2.069|2.069|2026-04-01
51284|1.769|1.769|2.059|2.059|2026-04-01
51285|NA|1.779|NA|2.129|2026-04-01
51288|1.68|NA|2.02|NA|2026-04-01
51289|NA|1.705|NA|1.945|2026-04-01
51290|NA|1.725|NA|2.059|2026-04-01
51293|1.935|1.715|2.265|2.045|2026-04-01
51294|1.868|1.748|NA|NA|2026-04-01
51296|NA|1.739|NA|2.099|2026-04-01
51297|1.899|1.749|2.209|2.059|2026-04-01
51298|NA|1.999|NA|2.299|2026-04-01
51299|NA|1.739|NA|2.099|2026-04-01
51300|NA|1.697|NA|2.067|2026-04-01
51301|NA|1.739|NA|2.099|2026-04-01
51302|2.119|1.739|2.469|2.089|2026-04-01
51305|2.019|1.819|2.349|2.149|2026-04-01
51306|NA|1.72|NA|2.04|2026-04-01
51309|1.99|NA|2.299|NA|2026-04-01
51310|2.199|1.819|2.499|2.119|2026-04-01
51311|NA|1.779|NA|2.119|2026-04-01
51312|1.929|1.929|2.299|2.299|2026-04-01
51313|2.296|1.896|2.497|2.097|2026-04-01
51317|NA|1.799|NA|2.099|2026-04-01
51318|1.799|NA|2.149|NA|2026-04-01
51319|NA|1.789|NA|2.089|2026-04-01
51320|NA|1.73|NA|2.03|2026-04-01
51321|1.989|1.789|2.255|2.055|2026-04-01
51322|1.889|1.739|2.199|2.049|2026-04-01
51323|NA|1.739|NA|2.099|2026-04-01
51324|1.839|1.739|2.199|2.099|2026-04-01
51328|1.769|1.769|2.078|2.078|2026-04-01
51331|NA|1.749|NA|2.069|2026-04-01
51332|1.699|1.699|2.029|2.029|2026-04-01
51333|1.969|1.779|2.279|2.089|2026-04-01
51334|2.069|1.819|2.409|2.159|2026-04-01
51335|1.947|1.727|2.307|2.047|2026-04-01
51339|1.699|1.699|2.029|2.029|2026-04-01
51341|NA|1.769|NA|2.169|2026-04-01
51342|1.899|1.699|2.259|2.059|2026-04-01
51343|1.899|1.699|2.259|2.059|2026-04-01
51344|NA|1.769|NA|2.089|2026-04-01
51346|NA|1.759|NA|2.129|2026-04-01
51347|1.857|1.637|2.131|1.911|2026-04-01
51348|1.942|1.732|2.259|2.049|2026-04-01
51349|NA|1.729|NA|2.099|2026-04-01
51350|1.769|1.769|2.099|2.099|2026-04-01
51354|1.937|1.737|2.299|2.099|2026-04-01
51359|NA|1.759|NA|2.099|2026-04-01
51360|NA|1.732|NA|2.048|2026-04-01
51362|1.969|1.759|2.269|2.059|2026-04-01
51363|1.488|1.473|NA|NA|2026-04-01
51364|1.489|1.489|1.564|1.564|2026-04-01
51368|1.889|1.759|2.199|2.069|2026-04-01
51369|NA|1.699|NA|2.089|2026-04-01
51370|NA|1.699|NA|2.089|2026-04-01
51371|1.779|1.779|2.149|2.149|2026-04-01
51373|NA|1.737|NA|2.033|2026-04-01
51374|2.069|1.859|2.409|2.199|2026-04-01
51376|1.969|1.759|2.299|2.089|2026-04-01
51377|NA|1.769|NA|2.179|2026-04-01
51379|1.952|1.742|2.229|2.019|2026-04-01
51383|1.899|1.749|2.249|2.099|2026-04-01
51384|1.899|1.749|2.219|2.069|2026-04-01
51386|NA|1.759|NA|2.139|2026-04-01
51387|2.019|1.779|2.349|2.109|2026-04-01
51389|1.749|1.749|2.039|2.039|2026-04-01
51391|1.73|1.73|2.055|2.055|2026-04-01
51394|1.789|1.789|2.119|2.119|2026-04-01
51395|1.859|1.759|2.219|2.119|2026-04-01
51398|1.927|NA|1.887|NA|2026-04-01
51405|1.942|1.732|2.255|2.045|2026-04-01
51406|1.957|1.737|2.253|2.033|2026-04-01
51410|1.769|1.769|2.119|2.119|2026-04-01
51411|1.959|1.749|2.359|2.149|2026-04-01
51412|1.729|1.729|2.029|2.029|2026-04-01
51413|NA|1.729|NA|2.029|2026-04-01
51415|NA|1.759|NA|2.099|2026-04-01
51416|1.949|1.869|2.149|2.069|2026-04-01
51418|NA|1.779|NA|2.099|2026-04-01
51419|1.957|1.737|2.26|2.04|2026-04-01
51422|1.839|1.719|2.159|2.039|2026-04-01
51425|NA|1.799|NA|2.149|2026-04-01
51426|1.95|1.73|2.253|2.033|2026-04-01
51427|1.945|1.759|2.289|2.099|2026-04-01
51430|1.769|1.769|2.039|2.039|2026-04-01
51432|1.819|1.749|2.179|2.109|2026-04-01
51433|1.795|1.695|2.099|1.999|2026-04-01
51434|1.979|1.789|2.259|2.069|2026-04-01
51435|NA|1.664|NA|1.709|2026-04-01
51436|1.957|1.737|2.253|2.033|2026-04-01
51437|2.009|1.799|2.309|2.085|2026-04-01
51438|1.865|NA|2.195|NA|2026-04-01
51439|2.045|1.799|2.345|2.099|2026-04-01
51440|1.769|1.669|2.119|2.019|2026-04-01
51441|1.799|1.799|2.149|2.149|2026-04-01
51445|NA|1.755|NA|2.079|2026-04-01
51446|1.969|1.769|2.269|2.069|2026-04-01
51449|1.879|1.749|2.199|2.069|2026-04-01
51454|1.759|1.759|2.089|2.089|2026-04-01
51455|1.769|1.769|2.109|2.109|2026-04-01
51456|1.955|1.735|2.255|2.035|2026-04-01
51457|1.729|1.729|2.099|2.099|2026-04-01
51458|1.957|1.737|2.255|2.035|2026-04-01
51459|2.079|1.829|2.329|2.079|2026-04-01
51460|NA|1.729|NA|NA|2026-04-01
51462|2.069|1.769|2.435|2.135|2026-04-01
51464|1.967|1.747|2.283|2.063|2026-04-01
51465|1.935|1.715|2.253|2.033|2026-04-01
51468|NA|1.717|NA|2.035|2026-04-01
51469|1.957|1.737|2.255|2.035|2026-04-01
51477|NA|1.725|NA|2.035|2026-04-01
51479|1.799|1.799|2.109|2.109|2026-04-01
51480|1.989|1.889|2.239|2.139|2026-04-01
51483|NA|1.749|NA|2.099|2026-04-01
51484|1.989|1.789|2.369|2.169|2026-04-01
51491|1.909|1.709|2.199|1.999|2026-04-01
51492|NA|1.809|NA|2.159|2026-04-01
51495|2.023|1.809|2.363|2.156|2026-04-01
51498|NA|1.819|NA|2.149|2026-04-01
51499|1.909|1.759|2.249|2.099|2026-04-01
51502|1.775|NA|2.11|NA|2026-04-01
51503|1.949|1.749|2.299|2.099|2026-04-01
51504|NA|1.739|NA|1.989|2026-04-01
51505|1.799|1.799|2.089|2.089|2026-04-01
51508|NA|1.739|NA|2.029|2026-04-01
51511|1.729|1.729|2.069|2.069|2026-04-01
51515|1.91|1.71|2.269|2.069|2026-04-01
51518|1.919|1.769|2.249|2.099|2026-04-01
51523|1.849|1.699|2.179|2.029|2026-04-01
51524|1.917|1.717|2.233|2.033|2026-04-01
51526|NA|1.749|NA|NA|2026-04-01
51527|NA|1.749|NA|2.049|2026-04-01
51528|NA|1.779|NA|2.159|2026-04-01
51529|NA|1.789|NA|2.129|2026-04-01
51533|NA|1.739|NA|2.059|2026-04-01
51534|1.739|1.739|2.059|2.059|2026-04-01
51535|1.739|1.739|2.059|2.059|2026-04-01
51538|NA|1.729|NA|1.989|2026-04-01
51539|NA|1.729|NA|1.989|2026-04-01
51540|NA|1.747|NA|2.077|2026-04-01
51542|1.879|1.729|2.249|2.099|2026-04-01
51543|1.957|1.737|2.273|2.053|2026-04-01
51549|1.947|1.847|2.127|2.027|2026-04-01
51555|NA|1.759|NA|2.069|2026-04-01
51556|1.878|1.769|2.248|2.139|2026-04-01
51557|1.925|1.739|2.245|2.099|2026-04-01
51559|1.969|1.759|2.299|2.089|2026-04-01
51564|1.779|NA|2.099|NA|2026-04-01
51566|1.915|1.755|2.255|2.095|2026-04-01
51567|1.909|1.759|2.249|2.099|2026-04-01
51570|1.745|1.745|2.065|2.065|2026-04-01
51571|1.945|1.725|2.255|2.035|2026-04-01
51572|1.969|1.749|2.289|2.069|2026-04-01
51574|2.49|1.799|2.499|2.149|2026-04-01
51575|1.957|1.737|2.255|2.035|2026-04-01
51583|1.939|1.769|2.269|2.099|2026-04-01
51586|1.769|1.769|2.019|2.019|2026-04-01
51587|2.049|1.799|2.379|2.129|2026-04-01
51590|2.009|1.809|2.359|2.159|2026-04-01
51595|1.843|1.758|2.159|2.074|2026-04-01
51597|1.799|1.799|2.169|2.169|2026-04-01
51600|1.957|1.737|2.273|2.053|2026-04-01
51601|1.899|1.749|2.249|2.099|2026-04-01
51604|NA|1.737|NA|2.05|2026-04-01
51605|1.799|1.799|2.059|2.059|2026-04-01
51606|NA|1.699|NA|2.109|2026-04-01
51608|1.949|1.749|2.259|2.059|2026-04-01
51610|NA|1.739|NA|2.099|2026-04-01
51611|NA|1.745|NA|2.075|2026-04-01
51612|2.069|1.839|2.399|2.169|2026-04-01
51614|1.859|1.699|2.199|2.049|2026-04-01
51616|1.945|1.725|2.255|2.035|2026-04-01
51617|NA|1.799|NA|2.119|2026-04-01
51618|NA|1.709|NA|2.049|2026-04-01
51621|1.799|1.799|2.298|2.298|2026-04-01
51623|2.049|1.769|2.089|2.089|2026-04-01
51624|NA|1.839|NA|2.049|2026-04-01
51626|1.739|1.739|2.099|2.099|2026-04-01
51627|1.739|1.739|2.099|2.099|2026-04-01
51628|NA|1.737|NA|2.059|2026-04-01
51629|NA|1.799|NA|2.098|2026-04-01
51630|NA|1.779|NA|2.069|2026-04-01
51631|NA|1.768|NA|2.138|2026-04-01
51632|NA|1.719|NA|2.049|2026-04-01
51633|1.967|1.747|2.283|2.063|2026-04-01
51650|NA|1.717|NA|2.033|2026-04-01
51651|1.94|1.72|2.253|2.033|2026-04-01
51652|1.777|1.777|2.055|2.055|2026-04-01
51653|NA|1.729|NA|2.099|2026-04-01
51656|1.909|1.759|2.249|2.099|2026-04-01
51657|1.959|1.749|2.329|2.119|2026-04-01
51659|1.957|1.737|2.253|2.033|2026-04-01
51661|1.979|1.769|2.279|2.069|2026-04-01
51662|NA|1.759|NA|2.089|2026-04-01
51664|1.847|1.747|2.219|2.119|2026-04-01
51665|NA|1.738|NA|2.088|2026-04-01
51666|NA|1.799|NA|2.145|2026-04-01
51667|1.785|1.785|2.055|2.055|2026-04-01
51668|1.848|1.749|2.238|2.139|2026-04-01
51669|NA|1.699|NA|2.059|2026-04-01
51670|1.749|1.749|2.079|2.079|2026-04-01
51671|1.949|1.759|2.259|2.069|2026-04-01
51672|1.699|1.699|1.719|1.719|2026-04-01
51676|1.957|1.737|2.273|2.053|2026-04-01
51678|NA|1.739|NA|2.069|2026-04-01
51679|1.939|1.739|2.279|2.079|2026-04-01
51681|1.809|1.719|2.119|2.029|2026-04-01
51682|1.679|1.679|1.979|1.979|2026-04-01
51683|1.919|1.769|2.279|2.129|2026-04-01
51685|1.729|1.729|2.029|2.029|2026-04-01
51691|1.939|1.739|2.289|2.089|2026-04-01
51693|1.957|1.737|2.265|2.045|2026-04-01
51695|1.999|1.779|2.199|2.149|2026-04-01
51696|1.959|1.759|2.329|2.129|2026-04-01
51697|1.989|1.789|2.339|2.139|2026-04-01
51698|1.739|1.739|2.059|2.059|2026-04-01
51701|NA|1.779|NA|2.119|2026-04-01
51703|1.94|1.72|2.25|2.03|2026-04-01
51710|1.949|1.739|2.289|2.079|2026-04-01
51712|1.728|1.728|2.008|2.008|2026-04-01
51715|1.957|1.737|2.265|2.045|2026-04-01
51716|1.929|1.749|2.299|2.119|2026-04-01
51717|1.899|1.749|2.229|2.069|2026-04-01
51718|1.729|1.689|2.079|2.049|2026-04-01
51720|1.739|1.739|1.999|1.999|2026-04-01
51721|1.749|1.749|2.149|2.149|2026-04-01
51723|NA|1.739|NA|2.099|2026-04-01
51724|1.937|1.717|2.255|2.035|2026-04-01
51725|1.925|1.715|2.255|2.045|2026-04-01
51726|NA|1.697|NA|2.057|2026-04-01
51727|NA|1.939|NA|2.079|2026-04-01
51728|NA|1.697|NA|2.057|2026-04-01
51729|1.738|1.738|2.038|2.038|2026-04-01
51730|1.819|1.819|2.179|2.179|2026-04-01
51731|1.937|1.717|2.255|2.035|2026-04-01
51732|1.719|1.719|2.039|2.039|2026-04-01
51733|1.957|1.737|2.273|2.053|2026-04-01
51734|1.877|1.737|2.207|2.067|2026-04-01
51736|1.738|1.738|2.088|2.088|2026-04-01
51737|1.779|1.779|2.119|2.119|2026-04-01
51738|1.799|1.799|2.069|2.069|2026-04-01
51739|NA|1.834|NA|2.059|2026-04-01
51740|1.957|1.737|2.255|2.035|2026-04-01
51744|1.759|1.759|2.009|2.009|2026-04-01
51745|1.919|1.769|2.289|2.139|2026-04-01
51746|1.94|1.72|2.25|2.03|2026-04-01
51747|1.789|1.789|2.149|2.149|2026-04-01
51748|1.957|1.737|2.273|2.053|2026-04-01
51750|1.769|1.769|2.139|2.139|2026-04-01
51756|1.959|1.759|2.349|2.149|2026-04-01
51760|2.049|1.799|2.349|2.099|2026-04-01
51761|2.009|1.809|2.329|2.129|2026-04-01
51763|1.769|1.769|2.079|2.079|2026-04-01
51766|1.959|1.759|2.279|2.079|2026-04-01
51768|NA|1.705|NA|2.045|2026-04-01
51770|1.799|1.799|2.169|2.169|2026-04-01
51774|2.029|2.029|2.249|2.249|2026-04-01
51775|1.969|1.759|2.309|2.099|2026-04-01
51778|1.942|1.732|2.258|2.048|2026-04-01
51779|1.839|1.839|2.129|2.129|2026-04-01
51780|1.967|1.747|2.273|2.053|2026-04-01
51785|NA|1.748|NA|2.098|2026-04-01
51787|1.759|NA|2.199|NA|2026-04-01
51788|1.729|1.729|2.099|2.099|2026-04-01
51791|NA|1.749|NA|2.079|2026-04-01
51793|2.048|1.759|2.353|2.099|2026-04-01
51794|NA|1.719|NA|2.159|2026-04-01
51797|1.999|1.799|2.289|2.089|2026-04-01
51798|NA|1.749|NA|2.119|2026-04-01
51799|NA|1.769|NA|2.029|2026-04-01
51801|1.954|1.737|2.267|2.05|2026-04-01
51802|1.865|1.865|2.119|2.119|2026-04-01
51805|1.769|1.769|2.099|2.099|2026-04-01
51807|1.909|1.759|2.249|2.099|2026-04-01
51808|2.019|1.719|2.099|1.799|2026-04-01
51809|1.937|1.717|2.253|2.033|2026-04-01
51810|2.249|1.839|2.579|2.169|2026-04-01
51812|1.955|1.735|2.253|2.033|2026-04-01
51815|1.999|1.789|2.359|2.149|2026-04-01
51817|2.197|1.797|2.497|2.097|2026-04-01
51823|2.369|1.969|2.577|2.177|2026-04-01
51824|NA|1.698|NA|2.058|2026-04-01
51825|NA|1.819|NA|2.099|2026-04-01
51827|NA|1.699|NA|1.999|2026-04-01
51828|1.955|1.735|2.255|2.035|2026-04-01
51829|1.759|1.759|2.099|2.099|2026-04-01
51830|1.957|1.737|2.265|2.045|2026-04-01
51833|1.905|1.735|2.145|2.035|2026-04-01
51835|1.979|1.769|2.279|2.069|2026-04-01
51836|NA|1.739|NA|2.089|2026-04-01
51838|1.93|1.72|2.255|2.045|2026-04-01
51840|1.839|1.759|2.139|2.059|2026-04-01
51842|1.905|1.695|2.265|2.055|2026-04-01
51843|NA|1.749|NA|2.019|2026-04-01
51845|1.788|NA|2.098|NA|2026-04-01
51849|2.197|1.797|2.497|2.097|2026-04-01
51853|2.097|1.797|2.397|2.097|2026-04-01
51854|2.187|1.797|2.487|2.097|2026-04-01
51855|1.787|NA|2.057|NA|2026-04-01
51856|NA|1.799|NA|2.099|2026-04-01
51858|1.819|1.819|2.149|2.149|2026-04-01
51861|NA|1.685|NA|2.025|2026-04-01
51862|1.957|1.737|2.265|2.045|2026-04-01
51864|1.957|1.737|2.253|2.033|2026-04-01
51865|1.945|1.725|2.255|2.035|2026-04-01
51866|1.797|1.737|2.053|2.053|2026-04-01
51867|NA|1.717|NA|2.053|2026-04-01
51868|NA|1.749|NA|2.159|2026-04-01
51870|1.874|1.715|2.039|2.028|2026-04-01
51871|1.917|NA|2.233|NA|2026-04-01
51873|1.957|1.737|2.273|2.053|2026-04-01
51874|1.739|NA|2.099|NA|2026-04-01
51877|1.957|1.737|2.255|2.035|2026-04-01
51878|NA|1.789|NA|2.109|2026-04-01
51881|NA|1.739|NA|2.039|2026-04-01
51882|1.945|1.725|2.255|2.035|2026-04-01
51884|NA|1.759|NA|2.129|2026-04-01
51885|NA|1.737|NA|2.05|2026-04-01
51886|1.937|1.717|2.255|2.035|2026-04-01
51888|1.942|1.732|2.245|2.035|2026-04-01
51894|1.959|1.749|2.309|2.099|2026-04-01
51895|NA|1.799|NA|2.129|2026-04-01
51905|NA|1.739|NA|2.049|2026-04-01
51906|1.957|1.737|2.255|2.035|2026-04-01
51907|1.957|1.737|2.273|2.053|2026-04-01
51909|1.925|1.705|2.255|2.035|2026-04-01
51910|1.719|1.719|2.089|2.089|2026-04-01
51912|1.928|1.748|2.247|2.067|2026-04-01
51913|NA|1.899|NA|2.069|2026-04-01
51918|1.888|1.729|2.218|2.059|2026-04-01
51920|1.983|1.823|2.305|2.115|2026-04-01
51924|1.929|1.729|2.229|2.029|2026-04-01
51925|1.809|1.809|2.159|2.159|2026-04-01
51927|1.998|1.778|2.299|2.099|2026-04-01
51929|NA|1.799|NA|2.169|2026-04-01
51930|2.017|1.807|2.319|2.109|2026-04-01
51932|1.962|1.742|2.268|2.048|2026-04-01
51933|1.749|1.719|2.129|2.099|2026-04-01
51934|NA|1.759|NA|2.089|2026-04-01
51936|2.039|1.739|2.379|2.079|2026-04-01
51939|1.909|1.719|2.289|2.099|2026-04-01
51940|1.94|1.715|2.253|2.028|2026-04-01
51941|1.799|NA|2.099|NA|2026-04-01
51944|NA|1.712|NA|2.035|2026-04-01
51945|1.922|1.712|2.245|2.035|2026-04-01
51946|NA|1.715|NA|2.035|2026-04-01
51947|NA|1.715|NA|2.035|2026-04-01
51949|1.729|NA|2.069|NA|2026-04-01
51951|NA|1.749|NA|2.059|2026-04-01
51956|2.179|1.839|2.509|2.169|2026-04-01
51957|1.957|1.732|2.27|2.045|2026-04-01
51965|1.925|1.715|2.245|2.035|2026-04-01
51967|1.749|1.749|2.099|2.099|2026-04-01
51968|2.097|1.797|2.437|2.137|2026-04-01
51969|NA|1.732|NA|2.035|2026-04-01
51970|NA|1.725|NA|2.035|2026-04-01
51971|1.687|1.687|1.999|1.999|2026-04-01
51972|NA|1.828|NA|2.128|2026-04-01
51973|NA|1.798|NA|2.169|2026-04-01
51974|NA|1.798|NA|2.169|2026-04-01
51975|NA|1.732|NA|2.035|2026-04-01
51976|NA|1.705|NA|2.035|2026-04-01
51977|1.799|1.799|2.189|2.189|2026-04-01
51978|1.889|1.769|2.259|2.139|2026-04-01
51992|1.905|1.695|2.258|2.048|2026-04-01
51993|1.979|1.799|2.279|2.099|2026-04-01
51994|2.007|1.757|2.379|2.129|2026-04-01
52001|NA|1.759|NA|1.999|2026-04-01
52003|1.925|1.715|2.225|2.015|2026-04-01
52010|1.937|1.717|2.253|2.033|2026-04-01
52014|1.749|1.749|2.159|2.159|2026-04-01
52015|1.969|1.759|2.299|2.089|2026-04-01
52016|1.955|1.735|2.256|2.033|2026-04-01
52018|1.828|1.828|2.099|2.099|2026-04-01
52021|1.937|1.717|2.253|2.033|2026-04-01
52023|NA|1.725|NA|2.033|2026-04-01
52024|1.937|1.717|2.255|2.035|2026-04-01
52025|1.937|1.717|2.255|2.035|2026-04-01
52027|1.745|1.745|2.115|2.115|2026-04-01
52028|1.859|1.769|2.219|2.129|2026-04-01
52029|1.929|1.729|2.349|2.149|2026-04-01
52030|1.999|1.799|2.389|2.189|2026-04-01
52031|2.099|1.719|2.449|2.069|2026-04-01
52032|NA|1.729|NA|2.129|2026-04-01
52033|1.989|1.739|2.329|2.079|2026-04-01
52034|1.869|1.769|2.199|2.099|2026-04-01
52035|NA|1.719|NA|2.099|2026-04-01
52038|1.769|1.769|2.109|2.109|2026-04-01
52039|1.719|NA|2.029|NA|2026-04-01
52042|1.797|1.697|2.097|1.997|2026-04-01
52043|1.797|1.697|2.097|1.997|2026-04-01
52044|1.757|NA|2.047|NA|2026-04-01
52045|1.737|1.697|2.037|1.997|2026-04-01
52046|1.857|1.757|2.157|2.057|2026-04-01
52047|1.747|NA|2.047|NA|2026-04-01
52048|1.727|NA|1.997|NA|2026-04-01
52049|1.717|NA|1.997|NA|2026-04-01
52050|1.757|NA|2.057|NA|2026-04-01
52051|NA|1.747|NA|2.047|2026-04-01
52052|NA|1.699|NA|2.019|2026-04-01
52054|1.915|1.705|2.255|2.045|2026-04-01
52055|1.989|1.789|2.339|2.139|2026-04-01
52060|1.949|1.739|2.309|2.099|2026-04-01
52062|1.813|1.813|2.109|2.109|2026-04-01
52063|2.134|1.774|2.434|2.074|2026-04-01
52066|1.949|1.739|2.249|2.039|2026-04-01
52067|1.945|1.735|2.231|2.021|2026-04-01
52068|1.869|1.769|2.199|2.099|2026-04-01
52071|1.769|NA|2.099|NA|2026-04-01
52076|NA|1.737|NA|2.045|2026-04-01
52077|NA|1.737|NA|2.04|2026-04-01
52078|NA|1.72|NA|2.04|2026-04-01
52079|NA|1.737|NA|2.045|2026-04-01
52080|1.947|1.737|2.255|2.045|2026-04-01
52081|1.94|1.73|2.25|2.04|2026-04-01
52083|2.059|1.779|2.399|2.119|2026-04-01
52084|1.799|1.799|2.119|2.119|2026-04-01
52085|1.945|1.735|2.26|2.05|2026-04-01
52086|1.749|NA|2.059|NA|2026-04-01
52090|NA|1.728|NA|2.048|2026-04-01
52091|NA|1.728|NA|2.098|2026-04-01
52092|NA|1.728|NA|2.048|2026-04-01
52093|NA|1.698|NA|2.059|2026-04-01
52096|1.949|1.699|1.874|1.624|2026-04-01
52100|1.729|1.729|2.069|2.069|2026-04-01
52102|1.895|1.895|2.226|2.226|2026-04-01
52103|NA|1.698|NA|2.008|2026-04-01
52107|1.789|1.789|2.129|2.129|2026-04-01
52108|NA|1.759|NA|2.099|2026-04-01
52111|NA|1.759|NA|2.099|2026-04-01
52112|1.909|1.729|2.289|2.109|2026-04-01
52114|1.769|1.769|2.049|2.049|2026-04-01
52116|1.977|1.747|2.307|2.077|2026-04-01
52117|1.749|1.749|2.045|2.045|2026-04-01
52118|1.719|1.719|2.099|2.099|2026-04-01
52119|1.871|1.871|2.286|2.286|2026-04-01
52120|1.698|1.698|2.098|2.098|2026-04-01
52121|NA|1.749|NA|2.059|2026-04-01
52124|NA|1.759|NA|2.099|2026-04-01
52125|1.957|1.737|2.291|2.071|2026-04-01
52126|2.039|1.784|2.374|2.119|2026-04-01
52127|1.967|1.747|2.283|2.063|2026-04-01
52128|1.929|1.799|2.259|2.129|2026-04-01
52130|1.963|1.753|2.305|2.115|2026-04-01
52131|1.739|1.739|2.109|2.109|2026-04-01
52132|2.079|1.799|2.379|2.099|2026-04-01
52133|2.069|1.819|2.359|2.109|2026-04-01
52134|1.719|NA|1.969|NA|2026-04-01
52135|NA|1.739|NA|2.059|2026-04-01
52136|1.929|1.779|2.239|2.089|2026-04-01
52138|1.717|1.717|2.037|2.037|2026-04-01
52139|1.959|1.759|2.299|2.099|2026-04-01
52140|1.739|1.739|2.129|2.129|2026-04-01
52141|1.949|1.749|2.299|2.099|2026-04-01
52142|1.769|1.769|2.169|2.169|2026-04-01
52143|1.925|1.715|2.238|2.028|2026-04-01
52144|1.759|1.759|2.059|2.059|2026-04-01
52148|NA|1.899|NA|1.939|2026-04-01
52149|NA|1.759|NA|2.059|2026-04-01
52151|NA|1.718|NA|2.048|2026-04-01
52152|NA|1.719|NA|2.099|2026-04-01
52160|NA|1.779|NA|2.089|2026-04-01
52161|NA|1.739|NA|2.089|2026-04-01
52162|2.069|1.859|2.309|2.099|2026-04-01
52163|NA|1.74|NA|2.0|2026-04-01
52166|1.729|1.729|2.029|2.029|2026-04-01
52167|1.935|1.725|2.245|2.035|2026-04-01
52170|1.989|1.789|2.369|2.169|2026-04-01
52171|1.779|1.779|2.129|2.129|2026-04-01
52174|1.947|1.737|2.25|2.04|2026-04-01
52177|2.014|1.799|2.344|2.129|2026-04-01
52178|1.799|1.799|2.089|2.089|2026-04-01
52182|1.799|1.799|2.139|2.139|2026-04-01
52183|1.799|1.799|2.139|2.139|2026-04-01
52187|1.969|1.769|2.289|2.089|2026-04-01
52191|1.957|1.737|2.265|2.045|2026-04-01
52195|NA|1.704|NA|2.046|2026-04-01
52206|1.799|1.799|2.059|2.059|2026-04-01
52208|2.197|1.797|2.497|2.097|2026-04-01
52209|2.197|1.797|2.497|2.097|2026-04-01
52210|2.099|1.799|2.399|2.099|2026-04-01
52211|2.177|1.777|2.419|2.019|2026-04-01
52212|2.219|1.819|2.589|2.189|2026-04-01
52213|2.197|1.797|2.497|2.097|2026-04-01
52214|1.979|1.779|2.319|2.119|2026-04-01
52218|1.919|1.719|2.269|2.069|2026-04-01
52219|1.998|1.798|2.379|2.179|2026-04-01
52220|NA|1.799|NA|2.099|2026-04-01
52221|1.929|1.729|2.249|2.049|2026-04-01
52222|1.759|1.759|2.099|2.099|2026-04-01
52223|NA|1.999|NA|1.999|2026-04-01
52224|1.729|NA|2.069|NA|2026-04-01
52227|1.942|1.787|2.25|2.095|2026-04-01
52231|1.718|1.718|2.058|2.058|2026-04-01
52232|1.939|1.939|1.999|1.999|2026-04-01
52233|1.635|1.635|2.059|2.059|2026-04-01
52234|1.755|1.755|2.093|2.093|2026-04-01
52235|NA|1.739|NA|2.109|2026-04-01
52236|1.979|1.779|2.349|2.149|2026-04-01
52237|1.999|1.799|2.229|2.029|2026-04-01
52238|2.009|1.809|2.359|2.159|2026-04-01
52240|NA|1.749|NA|2.099|2026-04-01
52243|1.942|1.732|2.258|2.048|2026-04-01
52245|NA|1.725|NA|2.085|2026-04-01
52246|1.909|1.689|2.279|2.059|2026-04-01
52249|2.019|1.729|2.389|2.099|2026-04-01
52251|2.039|1.739|2.399|2.099|2026-04-01
52252|NA|1.719|NA|2.049|2026-04-01
52253|1.915|1.695|2.285|2.065|2026-04-01
52254|1.915|1.695|2.295|2.075|2026-04-01
52255|1.919|1.739|2.279|2.099|2026-04-01
52259|NA|1.799|NA|2.149|2026-04-01
52262|NA|1.779|NA|2.119|2026-04-01
52263|1.942|1.732|2.258|2.048|2026-04-01
52264|2.019|1.729|2.389|2.099|2026-04-01
52267|NA|1.737|NA|2.069|2026-04-01
52269|1.887|1.799|2.159|2.099|2026-04-01
52270|2.039|1.739|2.369|2.069|2026-04-01
52272|NA|1.669|NA|2.019|2026-04-01
52274|1.939|1.729|2.229|2.019|2026-04-01
52276|NA|1.769|NA|2.089|2026-04-01
52278|1.679|1.679|1.959|1.959|2026-04-01
52279|NA|1.759|NA|2.079|2026-04-01
52280|2.019|1.769|2.309|2.059|2026-04-01
52282|1.879|1.799|2.189|2.109|2026-04-01
52286|2.009|1.759|2.369|2.119|2026-04-01
52287|2.099|1.799|2.359|2.059|2026-04-01
52289|1.927|1.747|2.257|2.077|2026-04-01
52290|1.839|1.759|2.149|2.069|2026-04-01
52291|1.859|1.759|2.179|2.079|2026-04-01
52293|NA|1.709|NA|2.079|2026-04-01
52294|NA|1.799|NA|2.099|2026-04-01
52299|1.759|1.759|2.059|2.059|2026-04-01
52301|1.95|1.73|2.253|2.033|2026-04-01
52302|2.051|1.831|2.229|2.009|2026-04-01
52303|1.789|1.789|2.129|2.129|2026-04-01
52305|1.749|1.749|2.089|2.089|2026-04-01
52306|1.889|1.709|2.299|2.119|2026-04-01
52308|1.942|1.737|2.238|2.028|2026-04-01
52310|NA|1.779|NA|2.099|2026-04-01
52312|NA|1.737|NA|2.053|2026-04-01
52313|NA|1.729|NA|2.079|2026-04-01
52314|NA|1.759|NA|2.089|2026-04-01
52315|1.869|1.769|2.219|2.119|2026-04-01
52316|2.129|1.829|2.409|2.109|2026-04-01
52319|NA|1.725|NA|2.025|2026-04-01
52320|1.957|1.737|2.283|2.063|2026-04-01
52321|NA|1.699|NA|1.869|2026-04-01
52322|1.957|1.732|2.273|2.048|2026-04-01
52323|NA|1.685|NA|2.045|2026-04-01
52324|1.945|1.735|2.239|2.029|2026-04-01
52325|1.905|1.705|2.239|2.039|2026-04-01
52326|1.889|1.769|2.259|2.139|2026-04-01
52327|1.957|1.737|2.253|2.033|2026-04-01
52328|1.957|1.737|2.273|2.053|2026-04-01
52330|1.942|1.732|2.258|2.048|2026-04-01
52331|1.73|1.73|2.05|2.05|2026-04-01
52334|NA|1.749|NA|2.059|2026-04-01
52337|1.839|1.739|2.199|2.099|2026-04-01
52340|NA|1.747|NA|2.077|2026-04-01
52341|1.847|1.747|2.177|2.077|2026-04-01
52342|NA|1.759|NA|2.079|2026-04-01
52343|NA|1.699|NA|1.999|2026-04-01
52344|NA|1.759|NA|2.079|2026-04-01
52345|NA|1.747|NA|2.077|2026-04-01
52347|NA|1.759|NA|2.079|2026-04-01
52348|NA|1.747|NA|2.077|2026-04-01
52349|NA|1.759|NA|2.079|2026-04-01
52350|NA|1.747|NA|2.077|2026-04-01
52351|NA|1.759|NA|2.079|2026-04-01
52352|NA|1.747|NA|2.077|2026-04-01
52353|NA|1.759|NA|2.079|2026-04-01
52354|1.779|1.779|2.079|2.079|2026-04-01
52360|NA|1.749|NA|2.059|2026-04-01
52362|1.779|1.779|2.049|2.049|2026-04-01
52363|1.699|1.699|1.999|1.999|2026-04-01
52365|2.037|1.826|2.317|2.106|2026-04-01
52366|1.759|1.759|2.159|2.159|2026-04-01
52368|1.955|1.735|2.255|2.035|2026-04-01
52369|NA|1.749|NA|2.089|2026-04-01
52371|NA|1.679|NA|2.029|2026-04-01
52373|1.745|1.745|2.059|2.059|2026-04-01
52375|1.979|1.779|2.349|2.149|2026-04-01
52378|1.942|1.732|2.245|2.035|2026-04-01
52379|1.847|1.747|2.117|2.017|2026-04-01
52380|1.809|NA|2.159|NA|2026-04-01
52385|2.029|1.729|2.359|2.059|2026-04-01
52387|1.979|1.779|2.319|2.119|2026-04-01
52388|NA|1.73|NA|2.045|2026-04-01
52398|2.009|1.799|2.299|2.089|2026-04-01
52399|1.925|1.715|2.238|2.028|2026-04-01
52403|NA|1.759|NA|NA|2026-04-01
52406|1.957|1.737|2.253|2.033|2026-04-01
52408|1.799|1.799|2.049|2.049|2026-04-01
52412|1.949|1.739|2.329|2.119|2026-04-01
52416|1.699|1.699|2.029|2.029|2026-04-01
52418|1.957|1.737|2.273|2.053|2026-04-01
52419|1.957|1.737|2.273|2.053|2026-04-01
52420|1.799|NA|2.139|NA|2026-04-01
52422|2.099|1.849|2.449|2.199|2026-04-01
52423|2.126|1.766|2.426|2.066|2026-04-01
52424|NA|1.719|NA|2.039|2026-04-01
52426|NA|1.719|NA|2.049|2026-04-01
52427|NA|1.729|NA|2.099|2026-04-01
52429|1.71|NA|2.1|NA|2026-04-01
52430|1.895|1.695|2.205|2.005|2026-04-01
52432|2.019|1.719|2.379|2.079|2026-04-01
52434|1.999|1.799|2.349|2.149|2026-04-01
52436|NA|1.699|NA|2.059|2026-04-01
52438|1.749|1.749|2.149|2.149|2026-04-01
52441|1.949|1.749|2.309|2.109|2026-04-01
52443|1.899|1.799|2.249|2.149|2026-04-01
52448|2.009|1.759|2.329|2.079|2026-04-01
52449|1.947|1.737|2.263|2.053|2026-04-01
52450|NA|1.799|NA|2.129|2026-04-01
52451|1.957|1.737|2.273|2.053|2026-04-01
52452|NA|1.759|NA|2.099|2026-04-01
52454|1.789|1.689|2.139|2.039|2026-04-01
52456|1.83|1.83|2.13|2.13|2026-04-01
52457|2.099|1.829|2.398|2.198|2026-04-01
52458|1.739|1.739|2.069|2.069|2026-04-01
52459|1.736|1.736|2.089|2.089|2026-04-01
52463|1.689|1.689|2.039|2.039|2026-04-01
52464|1.949|1.749|2.289|2.089|2026-04-01
52465|1.987|1.787|2.359|2.159|2026-04-01
52466|NA|1.769|NA|2.109|2026-04-01
52469|1.879|1.749|2.229|2.099|2026-04-01
52470|1.919|1.699|2.269|2.049|2026-04-01
52472|1.959|1.739|2.289|2.069|2026-04-01
52476|1.769|1.769|1.999|1.999|2026-04-01
52477|1.849|1.849|2.099|2.099|2026-04-01
52478|NA|1.648|NA|1.998|2026-04-01
52481|NA|1.739|NA|2.079|2026-04-01
52482|1.957|1.737|2.253|2.033|2026-04-01
52483|1.827|1.717|2.143|2.033|2026-04-01
52486|NA|1.689|NA|2.019|2026-04-01
52487|1.899|1.899|2.159|2.159|2026-04-01
52488|1.957|1.737|2.253|2.033|2026-04-01
52489|1.957|1.737|2.265|2.045|2026-04-01
52490|2.015|1.765|2.305|2.055|2026-04-01
52492|NA|1.729|NA|2.179|2026-04-01
52493|1.699|1.699|2.059|2.059|2026-04-01
52494|1.969|1.769|2.269|2.069|2026-04-01
52496|1.759|1.759|2.089|2.089|2026-04-01
52497|1.967|1.747|2.265|2.045|2026-04-01
52499|1.957|1.737|2.265|2.045|2026-04-01
52500|2.015|1.795|2.335|2.115|2026-04-01
52501|1.957|1.737|NA|NA|2026-04-01
52502|1.955|1.735|2.255|2.035|2026-04-01
52503|1.957|1.737|2.291|2.053|2026-04-01
52504|2.069|1.869|2.299|2.099|2026-04-01
52505|NA|1.73|NA|2.033|2026-04-01
52507|1.935|1.725|2.255|2.045|2026-04-01
52509|1.888|1.729|2.238|2.079|2026-04-01
52510|1.935|1.71|2.24|2.015|2026-04-01
52511|1.942|1.732|2.258|2.048|2026-04-01
52513|NA|1.585|NA|1.875|2026-04-01
52514|1.969|1.779|2.319|2.129|2026-04-01
52515|1.839|1.839|2.249|2.249|2026-04-01
52516|1.719|1.719|2.099|2.099|2026-04-01
52517|1.719|1.719|2.099|2.099|2026-04-01
52518|1.719|1.719|2.099|2.099|2026-04-01
52520|NA|1.747|NA|2.053|2026-04-01
52522|NA|1.729|NA|2.099|2026-04-01
52524|1.925|1.705|2.265|2.045|2026-04-01
52527|1.94|1.72|2.253|2.033|2026-04-01
52528|1.957|1.737|2.273|2.053|2026-04-01
52529|1.799|NA|2.139|NA|2026-04-01
52531|1.769|1.769|2.009|2.009|2026-04-01
52532|NA|1.699|NA|2.079|2026-04-01
52533|1.799|NA|2.119|NA|2026-04-01
52537|1.739|1.739|2.049|2.049|2026-04-01
52538|1.949|1.749|2.299|2.099|2026-04-01
52539|1.948|1.728|2.288|2.068|2026-04-01
52543|1.957|1.737|2.273|2.053|2026-04-01
52544|NA|1.799|NA|2.179|2026-04-01
52545|NA|1.769|NA|2.089|2026-04-01
52547|1.955|1.735|2.265|2.045|2026-04-01
52549|1.909|1.649|1.859|1.719|2026-04-01
52550|1.967|1.747|2.273|2.053|2026-04-01
52553|1.877|1.707|2.267|2.097|2026-04-01
52554|1.957|1.737|2.255|2.035|2026-04-01
52555|2.089|1.759|2.389|2.059|2026-04-01
52558|1.942|1.732|2.245|2.035|2026-04-01
52563|2.079|1.779|2.409|2.109|2026-04-01
52570|NA|1.729|NA|2.099|2026-04-01
52573|1.957|1.737|2.273|2.053|2026-04-01
52575|1.839|1.839|2.129|2.129|2026-04-01
52576|1.959|1.739|2.289|2.069|2026-04-01
52577|1.945|1.725|2.265|2.045|2026-04-01
52586|1.799|1.799|2.099|2.099|2026-04-01
52589|1.997|1.786|2.367|2.156|2026-04-01
52596|1.952|1.742|2.26|2.05|2026-04-01
52603|2.117|1.849|2.447|2.179|2026-04-01
52604|1.957|1.737|2.273|2.053|2026-04-01
52605|1.786|NA|2.156|NA|2026-04-01
52606|1.969|1.789|2.269|2.089|2026-04-01
52608|1.935|1.715|2.255|2.035|2026-04-01
52611|2.079|1.794|2.379|2.094|2026-04-01
52614|2.057|1.739|2.407|2.089|2026-04-01
52617|1.839|1.739|2.199|2.099|2026-04-01
52621|NA|1.824|NA|2.119|2026-04-01
52623|1.949|1.749|2.249|2.049|2026-04-01
52624|1.759|1.759|2.139|2.139|2026-04-01
52626|1.94|1.72|2.26|2.04|2026-04-01
52632|1.839|1.739|2.199|2.099|2026-04-01
52633|1.957|1.737|2.265|2.045|2026-04-01
52635|NA|1.719|NA|2.079|2026-04-01
52637|1.957|1.737|2.265|2.045|2026-04-01
52639|1.949|1.739|2.259|2.049|2026-04-01
52640|1.999|1.749|2.309|2.059|2026-04-01
52642|1.998|1.798|2.349|2.149|2026-04-01
52645|1.937|1.717|2.255|2.035|2026-04-01
52647|1.699|1.699|2.099|2.099|2026-04-01
52653|1.958|1.706|2.351|2.099|2026-04-01
52654|1.849|1.849|2.249|2.249|2026-04-01
52656|1.929|1.729|2.259|2.059|2026-04-01
52664|1.929|1.719|2.309|2.099|2026-04-01
52665|1.979|1.979|2.339|2.139|2026-04-01
52667|1.709|1.709|2.049|2.049|2026-04-01
52668|1.925|1.745|2.275|2.095|2026-04-01
52669|1.94|1.73|2.25|2.04|2026-04-01
52673|1.937|1.717|2.26|2.04|2026-04-01
52674|1.759|1.759|2.099|2.099|2026-04-01
52677|NA|1.759|NA|2.099|2026-04-01
52679|1.827|1.717|2.143|2.033|2026-04-01
52683|1.779|NA|2.149|NA|2026-04-01
52684|1.759|NA|2.099|NA|2026-04-01
52687|1.942|1.732|2.258|2.048|2026-04-01
52688|NA|1.887|NA|1.977|2026-04-01
52689|1.799|1.799|2.099|2.099|2026-04-01
52695|1.967|1.742|2.263|2.048|2026-04-01
52696|NA|1.869|NA|2.099|2026-04-01
52703|1.999|NA|2.199|NA|2026-04-01
52720|1.909|1.759|2.279|2.129|2026-04-01
52723|1.699|1.699|2.049|2.049|2026-04-01
52724|1.919|1.719|2.269|2.069|2026-04-01
52726|1.745|1.745|2.035|2.035|2026-04-01
52730|1.739|1.739|2.069|2.069|2026-04-01
52737|1.95|NA|NA|NA|2026-04-01
52740|1.706|NA|2.076|NA|2026-04-01
52743|1.899|NA|1.999|NA|2026-04-01
52744|1.899|NA|2.099|NA|2026-04-01
52745|NA|1.739|NA|2.089|2026-04-01
52746|NA|1.719|NA|2.029|2026-04-01
52749|1.925|1.715|2.239|2.029|2026-04-01
52750|2.099|1.799|2.429|2.129|2026-04-01
52754|NA|1.729|NA|2.039|2026-04-01
52756|2.149|1.799|2.429|2.079|2026-04-01
52760|1.942|1.732|2.255|2.045|2026-04-01
52761|2.209|1.759|2.519|2.099|2026-04-01
52763|NA|1.829|NA|2.149|2026-04-01
52765|1.79|1.79|1.999|1.999|2026-04-01
52766|1.957|1.737|2.26|2.04|2026-04-01
52768|1.717|1.717|2.059|2.059|2026-04-01
52771|1.942|1.732|2.245|2.035|2026-04-01
52774|1.799|1.799|2.039|2.039|2026-04-01
52775|1.959|1.759|2.349|2.149|2026-04-01
52777|NA|1.769|NA|2.019|2026-04-01
52781|NA|1.749|NA|2.079|2026-04-01
52785|1.889|1.709|2.269|2.089|2026-04-01
52786|NA|1.749|NA|2.129|2026-04-01
52787|NA|1.699|NA|2.059|2026-04-01
52788|2.109|1.899|2.209|1.999|2026-04-01
52790|NA|1.699|NA|2.069|2026-04-01
52792|1.839|NA|2.139|NA|2026-04-01
52795|NA|1.799|NA|2.149|2026-04-01
52799|1.799|NA|2.079|NA|2026-04-01
52802|1.859|1.859|2.169|2.169|2026-04-01
52803|NA|1.749|NA|2.079|2026-04-01
52804|1.729|1.729|2.249|2.049|2026-04-01
52807|1.925|1.715|2.245|2.035|2026-04-01
52809|NA|1.715|NA|2.055|2026-04-01
52810|NA|1.715|NA|2.059|2026-04-01
52811|NA|1.715|NA|2.059|2026-04-01
52812|1.915|1.715|2.249|2.049|2026-04-01
52815|1.829|1.699|2.125|2.059|2026-04-01
52816|NA|1.729|NA|2.069|2026-04-01
52817|NA|1.759|NA|2.059|2026-04-01
52818|NA|1.766|NA|2.066|2026-04-01
52819|1.915|1.715|2.245|2.045|2026-04-01
52820|1.849|1.749|2.089|1.989|2026-04-01
52822|NA|1.699|NA|2.069|2026-04-01
52823|1.859|1.729|2.099|2.059|2026-04-01
52826|1.766|1.766|2.065|2.065|2026-04-01
52828|2.059|1.759|2.429|2.129|2026-04-01
52831|NA|1.769|NA|2.129|2026-04-01
52834|1.994|1.726|2.334|2.066|2026-04-01
52835|1.959|1.759|2.299|2.099|2026-04-01
52838|1.747|1.747|2.057|2.057|2026-04-01
52839|2.069|1.769|2.379|2.079|2026-04-01
52840|1.935|1.715|2.255|2.035|2026-04-01
52841|1.929|1.719|2.279|2.069|2026-04-01
52843|1.859|1.859|2.079|2.079|2026-04-01
52844|1.959|1.759|2.279|2.079|2026-04-01
52855|1.937|1.717|2.255|2.035|2026-04-01
52857|1.999|1.799|2.299|2.099|2026-04-01
52858|1.739|1.739|NA|NA|2026-04-01
52861|1.809|1.729|2.119|2.039|2026-04-01
52862|1.839|1.839|2.069|2.069|2026-04-01
52863|1.799|1.799|2.079|2.079|2026-04-01
52864|1.945|1.735|2.258|2.048|2026-04-01
52865|1.779|1.779|2.029|2.029|2026-04-01
52866|1.835|1.835|2.065|2.065|2026-04-01
52867|1.839|1.839|2.099|2.099|2026-04-01
52871|NA|1.697|NA|2.037|2026-04-01
52873|1.799|1.799|2.099|2.099|2026-04-01
52874|1.789|1.789|2.089|2.089|2026-04-01
52876|1.784|1.784|2.179|2.179|2026-04-01
52879|1.927|1.717|2.243|2.033|2026-04-01
52886|NA|1.739|NA|2.099|2026-04-01
52891|1.769|1.719|2.149|2.099|2026-04-01
52892|1.769|1.769|2.149|2.149|2026-04-01
52895|NA|1.688|NA|2.058|2026-04-01
52896|1.959|1.749|2.289|2.079|2026-04-01
52897|1.879|1.729|2.189|2.039|2026-04-01
52902|NA|1.749|NA|2.039|2026-04-01
52903|NA|1.759|NA|2.099|2026-04-01
52905|1.957|1.737|2.293|2.073|2026-04-01
52906|NA|1.715|NA|2.069|2026-04-01
52907|NA|1.755|NA|2.045|2026-04-01
52910|1.759|1.669|2.139|2.049|2026-04-01
52912|1.937|1.712|2.253|2.028|2026-04-01
52914|1.957|1.737|2.273|2.053|2026-04-01
52917|1.967|1.747|2.283|2.063|2026-04-01
52919|2.099|1.699|2.349|2.099|2026-04-01
52922|1.779|1.779|2.159|2.159|2026-04-01
52924|1.969|1.759|2.299|2.089|2026-04-01
52926|1.957|1.737|2.265|2.045|2026-04-01
52928|NA|1.749|NA|2.039|2026-04-01
52929|1.949|1.799|2.299|2.149|2026-04-01
52938|1.942|1.732|2.235|2.025|2026-04-01
52944|2.119|1.819|2.449|2.149|2026-04-01
52945|NA|1.799|NA|2.079|2026-04-01
52946|1.76|1.76|2.09|2.09|2026-04-01
52948|2.039|1.759|2.329|2.049|2026-04-01
52952|NA|1.709|NA|2.099|2026-04-01
52953|1.779|1.779|2.049|2.049|2026-04-01
52954|1.952|1.732|2.265|2.045|2026-04-01
52956|1.799|NA|2.059|NA|2026-04-01
52960|1.942|1.732|2.258|2.048|2026-04-01
52961|NA|1.699|NA|2.099|2026-04-01
52964|1.658|1.658|2.029|2.029|2026-04-01
52966|2.029|1.779|2.399|2.149|2026-04-01
52968|1.969|1.769|2.289|2.089|2026-04-01
52970|1.729|1.729|2.069|2.069|2026-04-01
52971|1.949|1.799|2.309|2.159|2026-04-01
52972|1.957|1.732|2.27|2.045|2026-04-01
52978|NA|1.759|NA|2.139|2026-04-01
52980|NA|1.749|NA|2.129|2026-04-01
52981|NA|1.729|NA|2.129|2026-04-01
52983|NA|1.779|NA|2.099|2026-04-01
52984|1.819|1.749|2.099|2.029|2026-04-01
52986|NA|1.749|NA|2.139|2026-04-01
52987|NA|1.789|NA|2.169|2026-04-01
52990|1.745|1.745|2.065|2.065|2026-04-01
52991|1.759|1.759|2.099|2.099|2026-04-01
52993|1.887|NA|2.272|NA|2026-04-01
52997|1.709|1.709|1.989|1.989|2026-04-01
53001|1.889|1.739|2.269|2.119|2026-04-01
53011|NA|1.739|NA|2.149|2026-04-01
53014|2.197|1.797|2.497|2.097|2026-04-01
53016|1.945|1.735|2.225|2.015|2026-04-01
53021|1.768|1.768|2.078|2.078|2026-04-01
53024|NA|1.769|NA|2.099|2026-04-01
53026|NA|1.685|NA|2.025|2026-04-01
53027|1.799|NA|2.099|NA|2026-04-01
53028|2.009|1.759|2.319|2.069|2026-04-01
53032|1.969|1.789|2.279|2.099|2026-04-01
53033|1.909|1.729|2.229|2.049|2026-04-01
53036|1.738|1.738|2.098|2.098|2026-04-01
53037|1.735|1.735|2.079|2.079|2026-04-01
53039|1.739|1.739|2.069|2.069|2026-04-01
53041|2.197|1.797|2.497|2.097|2026-04-01
53042|2.197|1.797|2.497|2.097|2026-04-01
53043|2.189|1.799|2.459|2.069|2026-04-01
53045|2.189|1.789|2.469|2.069|2026-04-01
53046|2.189|1.789|2.469|2.069|2026-04-01
53047|2.197|1.797|2.497|2.097|2026-04-01
53051|1.779|NA|2.049|NA|2026-04-01
53052|1.917|1.697|2.255|2.035|2026-04-01
53054|2.179|1.779|2.449|2.049|2026-04-01
53055|1.735|1.735|2.024|2.024|2026-04-01
53056|1.899|1.899|2.199|2.199|2026-04-01
53057|2.099|1.749|2.429|2.079|2026-04-01
53059|1.739|1.739|2.059|2.059|2026-04-01
53060|1.767|1.767|2.057|2.057|2026-04-01
53061|1.957|1.737|2.253|2.033|2026-04-01
53063|NA|1.779|NA|2.099|2026-04-01
53064|NA|1.749|NA|2.149|2026-04-01
53065|NA|1.699|NA|2.079|2026-04-01
53066|NA|1.739|NA|2.149|2026-04-01
53067|NA|1.799|NA|2.099|2026-04-01
53068|NA|1.779|NA|2.119|2026-04-01
53069|NA|1.729|NA|2.099|2026-04-01
53070|1.758|1.758|1.998|1.998|2026-04-01
53071|1.73|1.73|2.05|2.05|2026-04-01
53072|NA|1.732|NA|2.048|2026-04-01
53073|NA|1.769|NA|2.099|2026-04-01
53074|NA|1.729|NA|2.129|2026-04-01
53075|NA|1.749|NA|2.099|2026-04-01
53078|1.899|1.899|1.999|1.999|2026-04-01
53079|1.819|1.819|2.059|2.059|2026-04-01
53081|1.799|1.799|2.069|2.069|2026-04-01
53082|NA|1.749|NA|2.099|2026-04-01
53086|1.799|1.799|2.139|2.139|2026-04-01
53087|1.92|NA|1.99|NA|2026-04-01
53095|NA|1.749|NA|2.159|2026-04-01
53105|2.019|1.769|2.379|2.129|2026-04-01
53109|1.9|1.7|2.249|2.049|2026-04-01
53111|2.239|1.889|2.579|2.229|2026-04-01
53114|1.859|1.729|2.199|2.069|2026-04-01
53115|1.929|1.729|2.279|2.079|2026-04-01
53118|1.969|1.759|2.299|2.089|2026-04-01
53120|1.957|1.737|2.265|2.045|2026-04-01
53123|1.94|1.72|2.253|2.033|2026-04-01
53128|1.925|1.795|2.225|2.095|2026-04-01
53130|1.935|1.745|2.259|2.069|2026-04-01
53134|NA|1.699|NA|2.059|2026-04-01
53135|1.98|1.76|2.309|2.089|2026-04-01
53137|1.799|NA|2.099|NA|2026-04-01
53138|1.699|NA|2.039|NA|2026-04-01
53142|1.729|NA|2.059|NA|2026-04-01
53143|1.729|NA|2.059|NA|2026-04-01
53144|1.949|1.749|2.319|2.119|2026-04-01
53146|1.729|NA|2.059|NA|2026-04-01
53147|1.729|NA|2.059|NA|2026-04-01
53148|1.759|NA|2.059|NA|2026-04-01
53150|1.699|NA|2.059|NA|2026-04-01
53151|1.699|NA|2.059|NA|2026-04-01
53152|1.699|NA|2.059|NA|2026-04-01
53153|NA|1.709|NA|2.059|2026-04-01
53154|1.799|NA|2.099|NA|2026-04-01
53155|1.799|NA|2.099|NA|2026-04-01
53156|1.799|NA|2.099|NA|2026-04-01
53157|NA|1.699|NA|2.049|2026-04-01
53158|1.799|NA|2.099|NA|2026-04-01
53159|NA|1.799|NA|2.099|2026-04-01
53161|1.775|1.775|2.077|2.077|2026-04-01
53162|NA|1.789|NA|2.129|2026-04-01
53163|NA|1.709|NA|2.049|2026-04-01
53164|2.059|1.809|2.419|2.169|2026-04-01
53166|NA|1.719|NA|2.059|2026-04-01
53167|2.026|1.776|2.336|2.086|2026-04-01
53168|1.957|1.737|2.273|2.053|2026-04-01
53169|NA|1.719|NA|2.059|2026-04-01
53173|1.969|1.759|2.289|2.079|2026-04-01
53174|1.999|1.799|2.299|2.099|2026-04-01
53175|1.729|NA|2.099|NA|2026-04-01
53176|1.959|1.749|2.279|2.069|2026-04-01
53181|NA|1.899|NA|1.999|2026-04-01
53182|1.749|1.729|1.999|1.979|2026-04-01
53183|1.799|NA|2.099|NA|2026-04-01
53186|NA|1.735|NA|2.035|2026-04-01
53187|NA|1.739|NA|2.039|2026-04-01
53189|NA|1.729|NA|2.049|2026-04-01
53190|NA|1.869|NA|2.099|2026-04-01
53192|NA|1.739|NA|2.049|2026-04-01
53193|2.199|1.819|2.539|2.159|2026-04-01
53195|1.959|1.739|2.279|2.059|2026-04-01
53196|1.717|1.717|2.07|2.07|2026-04-01
53197|1.752|1.752|1.999|1.999|2026-04-01
53198|2.009|1.759|2.399|2.149|2026-04-01
53199|1.889|1.689|2.309|2.109|2026-04-01
53201|1.909|1.759|2.259|2.109|2026-04-01
53204|NA|1.729|NA|2.099|2026-04-01
53205|1.758|NA|2.049|NA|2026-04-01
53207|NA|1.789|NA|2.099|2026-04-01
53208|1.756|1.756|2.099|2.099|2026-04-01
53209|NA|1.769|NA|2.089|2026-04-01
53210|NA|1.699|NA|2.049|2026-04-01
53211|NA|1.709|NA|2.049|2026-04-01
53212|NA|1.719|NA|2.059|2026-04-01
53213|NA|1.719|NA|2.099|2026-04-01
53214|NA|1.729|NA|2.109|2026-04-01
53215|NA|1.699|NA|2.049|2026-04-01
53216|NA|1.699|NA|2.049|2026-04-01
53218|1.804|1.804|2.144|2.144|2026-04-01
53219|NA|1.709|NA|2.049|2026-04-01
53222|1.759|1.759|2.139|2.139|2026-04-01
53223|1.799|NA|2.099|NA|2026-04-01
53227|1.869|1.739|2.169|2.039|2026-04-01
53231|1.685|1.685|2.029|2.029|2026-04-01
53234|1.949|1.749|2.289|2.089|2026-04-01
53238|2.029|1.779|2.399|2.149|2026-04-01
53239|1.909|1.709|2.299|2.099|2026-04-01
53240|1.749|1.749|2.048|2.048|2026-04-01
53242|1.749|1.749|2.048|2.048|2026-04-01
53243|1.749|1.749|2.049|2.049|2026-04-01
53245|NA|1.759|NA|2.129|2026-04-01
53247|2.039|1.759|2.369|2.129|2026-04-01
53248|NA|1.739|NA|2.049|2026-04-01
53249|NA|1.739|NA|2.049|2026-04-01
53251|1.949|1.749|2.279|2.079|2026-04-01
53253|1.949|1.749|2.279|2.079|2026-04-01
53257|1.999|1.799|2.299|2.099|2026-04-01
53258|NA|1.744|NA|2.094|2026-04-01
53260|NA|1.744|NA|2.094|2026-04-01
53261|NA|1.799|NA|2.189|2026-04-01
53262|NA|1.744|NA|2.094|2026-04-01
53263|NA|1.749|NA|2.069|2026-04-01
53264|NA|1.799|NA|2.149|2026-04-01
53266|1.848|1.698|2.208|2.058|2026-04-01
53267|1.739|NA|2.059|NA|2026-04-01
53269|2.019|1.819|2.319|2.119|2026-04-01
53270|1.745|1.745|2.065|2.065|2026-04-01
53274|1.889|1.889|2.099|2.099|2026-04-01
53275|1.759|1.759|2.089|2.089|2026-04-01
53276|1.769|1.769|2.069|2.069|2026-04-01
53278|1.949|1.749|2.249|2.049|2026-04-01
53279|1.967|1.747|2.273|2.053|2026-04-01
53280|1.957|1.737|2.273|2.053|2026-04-01
53281|1.939|1.729|2.259|2.049|2026-04-01
53284|1.859|1.759|2.149|2.049|2026-04-01
53287|1.759|1.759|2.089|2.089|2026-04-01
53291|2.029|1.799|2.319|2.099|2026-04-01
53292|1.794|1.794|2.119|2.119|2026-04-01
53293|1.779|NA|2.129|NA|2026-04-01
53298|2.069|1.819|2.409|2.159|2026-04-01
53299|NA|1.759|NA|2.119|2026-04-01
53300|2.109|1.789|2.179|2.129|2026-04-01
53302|NA|1.754|NA|2.059|2026-04-01
53304|1.779|NA|2.149|NA|2026-04-01
53306|NA|1.669|NA|2.069|2026-04-01
53309|2.149|1.799|2.499|2.149|2026-04-01
53311|NA|1.739|NA|2.059|2026-04-01
53314|NA|1.699|NA|2.059|2026-04-01
53315|1.979|1.779|2.349|2.149|2026-04-01
53316|1.869|1.749|2.199|2.079|2026-04-01
53320|1.987|1.787|2.197|1.997|2026-04-01
53321|1.957|1.737|2.293|2.073|2026-04-01
53323|1.787|NA|2.057|NA|2026-04-01
53324|1.787|NA|2.057|NA|2026-04-01
53325|NA|1.787|NA|2.048|2026-04-01
53326|1.787|1.787|2.057|2.057|2026-04-01
53327|1.787|NA|2.057|NA|2026-04-01
53328|1.967|1.747|2.265|2.045|2026-04-01
53329|1.995|1.785|2.289|2.079|2026-04-01
53330|1.979|1.779|2.289|2.089|2026-04-01
53336|1.957|1.737|2.265|2.045|2026-04-01
53340|2.009|1.819|2.279|2.089|2026-04-01
53341|NA|1.809|NA|2.199|2026-04-01
53344|1.729|1.729|2.099|2.099|2026-04-01
53345|1.957|1.737|2.27|2.05|2026-04-01
53346|NA|1.737|NA|2.053|2026-04-01
53347|1.799|1.739|2.129|2.069|2026-04-01
53349|1.955|1.735|2.26|2.04|2026-04-01
53354|1.773|1.773|2.074|2.074|2026-04-01
53355|1.949|1.739|2.349|2.139|2026-04-01
53356|2.249|1.869|2.599|2.219|2026-04-01
53357|2.158|1.929|2.368|2.139|2026-04-01
53358|1.779|1.729|2.149|2.099|2026-04-01
53360|2.179|1.779|2.449|2.049|2026-04-01
53361|1.819|1.819|2.099|2.099|2026-04-01
53362|2.009|1.799|2.339|2.129|2026-04-01
53364|NA|1.745|NA|2.095|2026-04-01
53366|2.057|1.796|2.427|2.166|2026-04-01
53370|2.009|1.829|2.279|2.099|2026-04-01
53372|1.967|1.742|2.26|2.035|2026-04-01
53376|1.957|1.737|2.265|2.045|2026-04-01
53377|NA|1.769|NA|2.169|2026-04-01
53378|NA|1.749|NA|2.159|2026-04-01
53379|1.838|1.838|2.098|2.098|2026-04-01
53382|1.937|1.717|2.253|2.033|2026-04-01
53383|1.957|1.737|2.273|2.053|2026-04-01
53385|1.915|1.712|2.218|2.028|2026-04-01
53390|NA|1.727|NA|2.057|2026-04-01
53392|1.899|NA|2.299|NA|2026-04-01
53393|NA|1.697|NA|2.027|2026-04-01
53394|NA|1.799|NA|1.989|2026-04-01
53397|NA|1.719|NA|2.079|2026-04-01
53399|1.847|1.847|2.095|2.095|2026-04-01
53401|1.967|1.742|2.27|2.045|2026-04-01
53402|NA|1.739|NA|2.079|2026-04-01
53403|NA|1.739|NA|2.059|2026-04-01
53406|1.96|1.72|2.319|2.079|2026-04-01
53408|1.769|1.769|2.099|2.099|2026-04-01
53409|1.957|1.737|2.273|2.053|2026-04-01
53417|1.799|1.699|2.139|2.039|2026-04-01
53420|1.839|1.739|2.229|2.129|2026-04-01
53424|1.919|1.719|2.279|2.079|2026-04-01
53425|1.919|1.719|2.279|2.079|2026-04-01
53426|1.848|1.728|2.168|2.048|2026-04-01
53427|1.785|1.785|2.099|2.099|2026-04-01
53428|2.019|1.799|2.319|2.099|2026-04-01
53429|NA|1.749|NA|2.099|2026-04-01
53437|NA|1.727|NA|2.017|2026-04-01
53441|1.969|1.729|2.309|2.069|2026-04-01
53443|1.989|1.779|2.359|2.149|2026-04-01
53448|1.937|1.717|2.273|2.053|2026-04-01
53449|1.979|1.779|2.349|2.149|2026-04-01
53450|1.955|1.735|2.253|2.033|2026-04-01
53452|NA|1.799|NA|2.039|2026-04-01
53457|1.758|1.758|2.058|2.058|2026-04-01
53460|1.725|1.725|2.089|2.089|2026-04-01
53461|NA|1.715|NA|2.085|2026-04-01
53462|NA|1.959|NA|2.189|2026-04-01
53463|1.917|1.737|2.237|2.057|2026-04-01
53469|1.949|1.749|2.269|2.069|2026-04-01
53470|1.909|1.809|2.289|2.189|2026-04-01
53471|1.957|1.737|2.273|2.053|2026-04-01
53473|1.73|NA|2.05|NA|2026-04-01
53474|1.799|1.699|2.089|1.989|2026-04-01
53476|1.789|1.789|2.039|2.039|2026-04-01
53477|2.003|1.779|2.323|2.099|2026-04-01
53478|1.839|1.839|2.099|2.099|2026-04-01
53479|1.779|NA|2.049|NA|2026-04-01
53483|1.957|1.737|2.273|2.053|2026-04-01
53485|1.869|1.769|2.229|2.129|2026-04-01
53486|1.775|NA|2.135|NA|2026-04-01
53493|1.93|1.72|2.238|2.028|2026-04-01
53495|NA|1.729|NA|2.059|2026-04-01
53497|NA|1.695|NA|2.035|2026-04-01
53498|1.949|1.759|2.289|2.099|2026-04-01
53499|NA|1.719|NA|2.049|2026-04-01
53500|2.009|1.799|2.259|2.049|2026-04-01
53501|1.769|1.769|2.099|2.039|2026-04-01
53502|NA|1.635|NA|1.865|2026-04-01
53503|NA|1.759|NA|2.089|2026-04-01
53504|1.909|1.759|2.299|2.149|2026-04-01
53509|2.219|1.769|2.509|2.059|2026-04-01
53510|NA|1.689|NA|2.129|2026-04-01
53512|1.759|1.759|2.159|2.159|2026-04-01
53513|NA|1.732|NA|2.068|2026-04-01
53519|1.729|1.729|2.059|2.059|2026-04-01
53521|1.957|1.737|2.26|2.04|2026-04-01
53523|1.942|1.732|2.245|2.035|2026-04-01
53525|1.739|NA|2.099|NA|2026-04-01
53527|NA|1.759|NA|2.119|2026-04-01
53528|NA|1.689|NA|2.059|2026-04-01
53529|NA|1.769|NA|2.129|2026-04-01
53530|NA|1.749|NA|2.039|2026-04-01
53534|1.961|1.861|2.267|2.167|2026-04-01
53535|1.957|1.737|2.253|2.033|2026-04-01
53536|1.937|1.717|2.253|2.033|2026-04-01
53538|1.749|1.749|2.099|2.099|2026-04-01
53539|1.942|1.732|2.258|2.048|2026-04-01
53542|NA|1.799|NA|2.129|2026-04-01
53545|1.879|1.879|2.189|2.189|2026-04-01
53546|NA|1.729|NA|2.159|2026-04-01
53550|NA|1.699|NA|1.999|2026-04-01
53551|1.799|1.799|2.149|2.149|2026-04-01
53552|1.95|1.73|2.268|2.048|2026-04-01
53556|2.098|1.849|2.378|2.129|2026-04-01
53557|1.599|1.599|1.649|1.649|2026-04-01
53560|2.079|1.779|2.449|2.149|2026-04-01
53563|1.999|1.799|2.279|2.079|2026-04-01
53564|1.909|1.699|2.269|2.059|2026-04-01
53567|1.755|1.755|2.093|2.093|2026-04-01
53568|1.749|1.749|2.099|2.099|2026-04-01
53569|1.909|1.699|2.299|2.089|2026-04-01
53570|1.759|NA|2.059|NA|2026-04-01
53572|NA|1.777|NA|2.077|2026-04-01
53573|1.989|1.779|2.397|2.117|2026-04-01
53574|2.007|1.797|2.347|2.087|2026-04-01
53575|2.097|1.897|2.297|2.097|2026-04-01
53578|2.019|1.819|2.339|2.139|2026-04-01
53579|NA|1.769|NA|2.129|2026-04-01
53580|NA|1.729|NA|2.069|2026-04-01
53581|1.999|1.999|2.099|2.099|2026-04-01
53584|1.919|1.719|2.259|2.059|2026-04-01
53585|1.999|1.999|2.099|2.099|2026-04-01
53586|1.779|1.779|2.149|2.149|2026-04-01
53589|1.749|1.749|2.099|2.099|2026-04-01
53591|1.789|NA|2.099|NA|2026-04-01
53596|1.957|1.737|2.273|2.053|2026-04-01
53597|1.863|1.739|2.263|2.139|2026-04-01
53598|NA|1.779|NA|2.089|2026-04-01
53599|2.039|1.879|2.289|2.039|2026-04-01
53600|1.859|1.859|2.091|2.091|2026-04-01
53601|NA|1.699|NA|1.999|2026-04-01
53603|1.937|1.717|2.26|2.04|2026-04-01
53604|1.829|1.829|2.129|2.129|2026-04-01
53609|1.754|1.754|2.099|2.099|2026-04-01
53610|1.697|1.697|2.057|2.057|2026-04-01
53614|1.969|1.769|2.188|1.988|2026-04-01
53615|1.799|1.799|2.139|2.049|2026-04-01
53619|NA|1.739|NA|2.099|2026-04-01
53620|1.93|1.71|2.228|2.008|2026-04-01
53623|NA|1.739|NA|2.099|2026-04-01
53624|1.718|1.718|2.044|2.044|2026-04-01
53625|1.819|NA|2.139|NA|2026-04-01
53626|1.957|1.737|2.253|2.033|2026-04-01
53628|1.942|1.732|2.255|2.045|2026-04-01
53629|1.965|1.715|2.285|2.035|2026-04-01
53630|NA|1.739|NA|2.059|2026-04-01
53635|1.957|1.737|2.273|2.053|2026-04-01
53641|1.927|1.777|2.295|2.145|2026-04-01
53643|NA|1.739|NA|2.149|2026-04-01
53644|2.146|1.796|2.508|2.158|2026-04-01
53645|NA|1.798|NA|2.148|2026-04-01
53648|1.717|1.717|2.087|2.087|2026-04-01
53650|1.769|1.769|2.069|2.069|2026-04-01
53656|1.809|1.809|2.119|2.119|2026-04-01
53657|NA|1.739|NA|2.059|2026-04-01
53660|NA|1.679|NA|1.999|2026-04-01
53661|NA|1.899|NA|1.989|2026-04-01
53662|2.039|1.739|2.389|2.089|2026-04-01
53664|1.999|1.749|2.369|2.119|2026-04-01
53665|1.979|1.769|2.309|2.099|2026-04-01
53666|1.859|1.759|2.179|2.079|2026-04-01
53667|1.859|1.759|2.179|2.079|2026-04-01
53671|1.819|1.719|2.189|2.089|2026-04-01
53673|2.089|1.829|2.409|2.139|2026-04-01
53675|NA|1.779|NA|1.999|2026-04-01
53676|2.113|1.856|2.413|2.156|2026-04-01
53679|2.049|1.799|2.399|2.149|2026-04-01
53680|1.798|1.798|2.048|2.048|2026-04-01
53681|2.077|1.737|2.377|2.037|2026-04-01
53683|1.915|1.705|2.245|2.035|2026-04-01
53685|NA|1.747|NA|2.049|2026-04-01
53687|1.829|1.829|2.069|2.069|2026-04-01
53688|1.689|1.689|1.979|1.979|2026-04-01
53689|1.739|1.739|2.099|2.099|2026-04-01
53691|NA|1.739|NA|2.069|2026-04-01
53692|1.957|1.737|2.265|2.045|2026-04-01
53693|1.737|1.737|2.047|2.047|2026-04-01
53694|1.955|1.735|2.255|2.035|2026-04-01
53696|1.93|1.719|2.28|2.069|2026-04-01
53698|1.979|1.779|2.309|2.109|2026-04-01
53699|1.799|1.799|2.099|2.099|2026-04-01
53700|1.782|1.782|2.106|2.106|2026-04-01
53704|1.957|1.737|2.265|2.045|2026-04-01
53706|1.769|1.769|2.169|2.169|2026-04-01
53707|1.909|1.779|2.189|2.059|2026-04-01
53708|1.889|1.739|2.299|2.149|2026-04-01
53709|NA|1.659|NA|1.599|2026-04-01
53710|2.139|1.789|2.509|2.159|2026-04-01
53711|1.935|1.725|2.255|2.045|2026-04-01
53712|1.957|1.737|2.273|2.053|2026-04-01
53713|NA|1.799|NA|2.169|2026-04-01
53714|2.199|1.698|2.499|2.249|2026-04-01
53715|2.099|1.799|2.399|2.099|2026-04-01
53716|NA|1.739|NA|2.079|2026-04-01
53717|NA|1.699|NA|2.049|2026-04-01
53718|1.779|1.699|2.069|1.989|2026-04-01
53720|NA|1.779|NA|2.039|2026-04-01
53721|1.749|NA|2.079|NA|2026-04-01
53725|NA|1.699|NA|1.719|2026-04-01
53727|1.949|1.769|2.327|2.167|2026-04-01
53730|1.829|1.829|2.213|2.213|2026-04-01
53731|1.759|1.759|2.089|2.089|2026-04-01
53732|1.957|1.737|2.253|2.033|2026-04-01
53735|1.949|1.779|2.199|2.149|2026-04-01
53736|2.188|1.793|2.468|2.094|2026-04-01
53738|1.952|1.742|2.258|2.048|2026-04-01
53739|1.929|1.729|2.159|1.959|2026-04-01
53740|1.759|1.759|2.139|2.139|2026-04-01
53742|1.749|1.749|2.079|2.079|2026-04-01
53748|1.952|1.732|2.255|2.035|2026-04-01
53749|1.999|1.799|2.349|2.149|2026-04-01
53751|1.957|1.737|2.255|2.035|2026-04-01
53752|1.894|1.772|2.201|2.08|2026-04-01
53753|NA|1.729|NA|2.099|2026-04-01
53754|1.969|1.739|1.907|1.677|2026-04-01
53755|1.799|NA|2.099|NA|2026-04-01
53756|1.952|1.732|2.268|2.048|2026-04-01
53757|1.945|1.735|2.22|2.01|2026-04-01
53762|1.937|1.717|2.238|2.028|2026-04-01
53763|NA|1.749|NA|2.029|2026-04-01
53766|NA|1.799|NA|2.099|2026-04-01
53768|NA|1.809|NA|2.119|2026-04-01
53769|1.957|1.737|2.253|2.033|2026-04-01
53771|1.699|1.699|1.989|1.989|2026-04-01
53772|1.957|1.746|2.337|2.126|2026-04-01
53774|NA|1.697|NA|2.069|2026-04-01
53775|1.937|1.717|2.255|2.035|2026-04-01
53778|NA|1.655|NA|2.069|2026-04-01
53781|2.169|1.819|2.469|2.119|2026-04-01
53783|1.778|1.778|2.058|2.058|2026-04-01
53791|1.769|1.769|2.099|2.099|2026-04-01
53793|1.709|1.709|2.119|2.119|2026-04-01
53797|1.709|1.709|1.999|1.999|2026-04-01
53799|1.759|1.759|2.079|2.079|2026-04-01
53800|NA|1.729|NA|2.089|2026-04-01
53801|NA|1.739|NA|2.059|2026-04-01
53811|1.769|1.769|2.129|2.129|2026-04-01
53812|1.929|1.729|2.289|2.089|2026-04-01
53814|NA|1.758|NA|2.047|2026-04-01
53815|NA|1.717|NA|2.098|2026-04-01
53816|NA|1.728|NA|2.058|2026-04-01
53817|NA|1.728|NA|2.098|2026-04-01
53818|1.719|1.719|2.049|2.049|2026-04-01
53819|1.753|1.753|2.099|2.099|2026-04-01
53820|NA|1.751|NA|2.128|2026-04-01
53821|1.947|1.734|2.297|2.084|2026-04-01
53822|NA|1.799|NA|2.079|2026-04-01
53823|1.819|1.819|2.159|2.159|2026-04-01
53824|1.819|NA|2.159|NA|2026-04-01
53825|NA|1.799|NA|2.099|2026-04-01
53826|1.745|1.745|1.999|1.999|2026-04-01
53827|NA|1.709|NA|2.019|2026-04-01
53828|1.799|1.799|2.099|2.099|2026-04-01
53829|1.699|NA|2.089|NA|2026-04-01
53831|NA|1.709|NA|2.019|2026-04-01
53832|NA|1.759|NA|2.119|2026-04-01
53833|1.679|1.679|2.039|2.039|2026-04-01
53836|1.999|NA|1.999|NA|2026-04-01
53837|1.959|1.759|2.299|2.099|2026-04-01
53840|2.057|1.837|2.319|2.099|2026-04-01
53842|2.164|1.804|2.484|2.124|2026-04-01
53844|2.089|1.789|2.359|2.059|2026-04-01
53845|1.957|1.737|2.27|2.05|2026-04-01
53846|NA|1.769|NA|2.149|2026-04-01
53847|1.779|1.779|2.079|2.079|2026-04-01
53852|1.898|1.799|2.178|2.079|2026-04-01
53853|NA|1.729|NA|2.099|2026-04-01
53857|1.957|1.737|2.255|2.035|2026-04-01
53859|1.939|1.739|2.299|2.099|2026-04-01
53860|1.937|1.717|2.255|2.035|2026-04-01
53862|NA|1.799|NA|2.129|2026-04-01
53864|NA|1.729|NA|2.099|2026-04-01
53866|NA|1.737|NA|2.047|2026-04-01
53867|1.959|1.759|2.349|2.149|2026-04-01
53871|1.989|1.789|2.359|2.159|2026-04-01
53872|1.957|1.737|2.26|2.04|2026-04-01
53874|1.829|1.729|2.199|2.099|2026-04-01
53875|1.737|1.737|2.047|2.047|2026-04-01
53876|1.749|NA|2.059|NA|2026-04-01
53877|NA|1.799|NA|2.198|2026-04-01
53878|1.717|1.717|1.999|1.999|2026-04-01
53880|NA|1.749|NA|2.089|2026-04-01
53881|1.745|1.745|2.149|2.149|2026-04-01
53883|1.859|1.759|2.149|2.049|2026-04-01
53885|1.952|1.732|2.255|2.035|2026-04-01
53886|1.945|1.735|2.245|2.035|2026-04-01
53887|1.859|1.759|2.179|2.079|2026-04-01
53888|1.859|1.759|2.179|2.079|2026-04-01
53889|1.942|1.732|2.258|2.048|2026-04-01
53891|NA|1.739|NA|2.069|2026-04-01
53892|1.849|1.699|2.249|2.099|2026-04-01
53895|1.949|1.749|2.219|NA|2026-04-01
53897|1.729|1.709|2.139|2.119|2026-04-01
53898|1.869|1.769|2.199|2.099|2026-04-01
53899|NA|1.669|NA|2.029|2026-04-01
53900|1.799|1.699|2.129|2.029|2026-04-01
53903|1.999|1.799|2.349|2.149|2026-04-01
53904|1.979|1.749|2.349|2.119|2026-04-01
53907|NA|1.729|NA|2.099|2026-04-01
53909|1.73|1.73|2.069|2.069|2026-04-01
53910|1.849|1.705|2.035|2.035|2026-04-01
53912|1.699|1.699|2.059|2.059|2026-04-01
53913|2.029|1.819|2.359|2.149|2026-04-01
53917|1.955|1.735|2.255|2.035|2026-04-01
53919|1.939|1.749|2.339|2.149|2026-04-01
53920|1.898|1.898|1.998|1.998|2026-04-01
53924|1.729|1.729|2.049|2.049|2026-04-01
53925|NA|1.739|NA|2.059|2026-04-01
53928|1.759|1.759|2.089|2.089|2026-04-01
53929|NA|1.729|NA|2.099|2026-04-01
53930|1.779|1.699|2.069|1.989|2026-04-01
53931|NA|1.759|NA|2.129|2026-04-01
53934|NA|1.737|NA|2.053|2026-04-01
53935|1.819|1.819|2.159|2.159|2026-04-01
53937|1.942|1.732|2.238|2.028|2026-04-01
53940|NA|1.789|NA|2.049|2026-04-01
53941|2.139|1.789|2.455|2.105|2026-04-01
53942|2.139|1.789|2.455|2.105|2026-04-01
53943|NA|1.739|NA|2.079|2026-04-01
53944|2.019|1.769|2.399|2.149|2026-04-01
53945|NA|1.759|NA|2.079|2026-04-01
53946|NA|1.759|NA|2.079|2026-04-01
53947|NA|1.759|NA|2.079|2026-04-01
53948|NA|1.759|NA|2.079|2026-04-01
53949|NA|1.759|NA|2.079|2026-04-01
53950|NA|1.759|NA|2.047|2026-04-01
53951|1.967|1.747|2.283|2.063|2026-04-01
53956|1.969|1.769|2.349|2.149|2026-04-01
53957|2.109|1.809|2.439|2.139|2026-04-01
53959|1.779|NA|2.099|NA|2026-04-01
53962|1.999|1.789|2.309|2.099|2026-04-01
53965|2.199|1.799|2.529|2.099|2026-04-01
53966|1.739|1.739|2.099|2.099|2026-04-01
53970|NA|1.699|NA|2.029|2026-04-01
53971|NA|NA|2.265|2.045|2026-04-01
53972|2.039|1.789|2.499|2.249|2026-04-01
53975|NA|1.719|NA|2.019|2026-04-01
53976|1.725|1.725|2.065|2.065|2026-04-01
53977|1.773|1.773|2.167|2.167|2026-04-01
53978|1.919|1.709|2.219|2.009|2026-04-01
53980|1.919|1.729|2.299|2.109|2026-04-01
53983|NA|1.739|NA|2.059|2026-04-01
53988|1.749|1.749|2.069|2.069|2026-04-01
53990|1.708|1.708|2.018|2.018|2026-04-01
53991|1.728|1.728|2.089|2.089|2026-04-01
53993|1.957|1.737|2.265|2.045|2026-04-01
53994|1.759|1.759|1.999|1.999|2026-04-01
53995|NA|1.859|NA|2.059|2026-04-01
53997|NA|1.759|NA|2.129|2026-04-01
53998|1.769|NA|2.119|NA|2026-04-01
53999|1.942|1.732|2.245|2.035|2026-04-01
54000|NA|1.729|NA|2.059|2026-04-01
54001|1.957|1.737|2.253|2.033|2026-04-01
54002|NA|1.799|NA|2.129|2026-04-01
54004|1.799|1.799|2.189|2.189|2026-04-01
54005|NA|1.739|NA|2.065|2026-04-01
54007|1.957|1.737|2.265|2.045|2026-04-01
54008|1.949|1.749|2.299|2.099|2026-04-01
54011|2.029|1.779|2.349|2.099|2026-04-01
54012|1.709|NA|2.039|NA|2026-04-01
54014|NA|1.699|NA|2.049|2026-04-01
54015|1.817|1.717|2.167|2.067|2026-04-01
54018|1.897|1.747|2.247|2.097|2026-04-01
54019|2.014|1.755|2.358|2.099|2026-04-01
54021|NA|1.699|NA|2.049|2026-04-01
54022|1.909|1.729|2.319|2.139|2026-04-01
54026|NA|1.739|NA|2.099|2026-04-01
54032|1.957|1.737|2.255|2.035|2026-04-01
54033|1.869|1.749|2.179|2.059|2026-04-01
54034|1.799|1.799|2.139|2.139|2026-04-01
54038|NA|1.719|NA|1.999|2026-04-01
54040|NA|1.789|NA|1.699|2026-04-01
54041|1.799|NA|1.999|NA|2026-04-01
54042|1.957|1.737|2.253|2.033|2026-04-01
54043|1.749|NA|2.049|NA|2026-04-01
54044|1.957|1.737|2.253|2.033|2026-04-01
54046|1.979|1.769|2.309|2.099|2026-04-01
54047|1.84|1.699|2.209|2.029|2026-04-01
54048|1.969|1.759|2.349|2.139|2026-04-01
54049|1.889|1.679|2.169|1.959|2026-04-01
54050|1.949|1.739|2.289|2.079|2026-04-01
54051|NA|1.779|NA|2.145|2026-04-01
54052|NA|1.779|NA|2.145|2026-04-01
54056|1.73|1.73|2.05|2.05|2026-04-01
54057|NA|1.759|NA|2.129|2026-04-01
54059|NA|1.759|NA|2.119|2026-04-01
54061|1.957|1.737|2.26|2.04|2026-04-01
54062|1.749|NA|1.999|NA|2026-04-01
54065|1.993|1.759|2.323|2.089|2026-04-01
54067|1.95|1.725|2.253|2.028|2026-04-01
54068|NA|1.759|NA|2.069|2026-04-01
54071|1.829|NA|2.209|NA|2026-04-01
54074|1.942|1.732|2.258|2.048|2026-04-01
54075|NA|1.739|NA|2.029|2026-04-01
54076|NA|1.759|NA|2.069|2026-04-01
54078|2.009|1.799|2.309|2.099|2026-04-01
54079|1.935|1.725|2.255|2.045|2026-04-01
54081|NA|1.689|NA|2.029|2026-04-01
54082|1.759|1.759|1.939|1.939|2026-04-01
54083|1.737|1.737|2.047|2.047|2026-04-01
54084|NA|1.719|NA|2.089|2026-04-01
54085|NA|1.747|NA|2.077|2026-04-01
54086|1.749|1.719|2.119|2.089|2026-04-01
54089|1.959|1.759|2.309|2.109|2026-04-01
54092|1.879|1.879|2.189|2.189|2026-04-01
54094|1.789|1.789|2.089|2.089|2026-04-01
54095|1.718|1.718|2.089|2.028|2026-04-01
54096|NA|1.759|NA|2.119|2026-04-01
54097|NA|1.759|NA|2.069|2026-04-01
54099|1.999|1.799|2.299|2.099|2026-04-01
54100|NA|1.759|NA|2.099|2026-04-01
54101|1.729|1.729|2.099|2.099|2026-04-01
54102|NA|1.749|NA|2.099|2026-04-01
54105|NA|1.859|NA|2.199|2026-04-01
54106|NA|1.729|NA|2.039|2026-04-01
54108|1.969|1.719|2.329|2.079|2026-04-01
54109|NA|1.789|NA|2.089|2026-04-01
54110|NA|1.789|NA|2.149|2026-04-01
54111|1.955|1.735|2.245|NA|2026-04-01
54114|1.865|1.765|2.199|2.099|2026-04-01
54116|1.798|1.798|2.098|2.098|2026-04-01
54119|1.957|1.737|2.265|2.045|2026-04-01
54120|NA|1.745|NA|2.065|2026-04-01
54123|1.909|1.719|2.289|2.099|2026-04-01
54124|1.967|1.697|2.327|2.057|2026-04-01
54125|1.797|NA|2.097|NA|2026-04-01
54126|1.875|1.875|2.094|2.094|2026-04-01
54128|1.719|1.719|1.999|1.999|2026-04-01
54129|NA|1.732|NA|2.035|2026-04-01
54130|1.939|1.739|2.289|2.089|2026-04-01
54134|1.799|1.799|2.099|2.099|2026-04-01
54137|NA|1.799|NA|2.099|2026-04-01
54138|2.029|1.779|2.299|2.049|2026-04-01
54140|NA|1.789|NA|2.069|2026-04-01
54142|1.739|1.739|2.069|2.069|2026-04-01
54143|1.957|1.737|2.265|2.045|2026-04-01
54144|NA|2.099|NA|NA|2026-04-01
54145|1.669|1.669|2.019|2.019|2026-04-01
54146|2.109|1.809|2.469|2.169|2026-04-01
54148|1.955|1.735|2.233|2.013|2026-04-01
54150|1.957|1.737|2.265|2.045|2026-04-01
54151|NA|1.727|NA|2.033|2026-04-01
54152|1.942|1.732|2.255|2.045|2026-04-01
54156|NA|1.739|NA|2.049|2026-04-01
54160|1.699|1.699|2.029|2.029|2026-04-01
54161|1.699|NA|2.029|NA|2026-04-01
54163|1.969|1.739|2.329|2.099|2026-04-01
54164|1.939|1.739|2.269|2.069|2026-04-01
54165|1.939|1.749|2.269|2.079|2026-04-01
54166|1.909|1.729|2.219|2.049|2026-04-01
54169|1.959|1.759|2.329|2.129|2026-04-01
54170|1.929|1.699|2.269|2.039|2026-04-01
54173|1.749|1.749|2.039|2.039|2026-04-01
54174|1.919|NA|2.149|NA|2026-04-01
54178|1.937|1.717|2.255|2.035|2026-04-01
54179|1.955|1.735|2.273|2.053|2026-04-01
54180|NA|1.799|NA|2.149|2026-04-01
54181|1.779|1.779|2.099|2.099|2026-04-01
54182|1.955|1.745|2.299|2.089|2026-04-01
54184|1.942|1.732|2.245|2.035|2026-04-01
54186|1.957|1.737|2.265|2.045|2026-04-01
54194|1.907|1.757|2.199|2.049|2026-04-01
54195|NA|1.809|NA|2.129|2026-04-01
54198|NA|1.819|NA|2.149|2026-04-01
54199|NA|NA|2.265|2.045|2026-04-01
54202|NA|1.809|NA|2.209|2026-04-01
54203|1.739|1.739|2.099|2.099|2026-04-01
54204|NA|1.729|NA|2.059|2026-04-01
54205|NA|1.726|NA|2.076|2026-04-01
54207|1.819|1.719|2.199|2.099|2026-04-01
54209|1.878|1.728|2.248|2.098|2026-04-01
54210|1.699|1.699|2.089|2.089|2026-04-01
54212|1.809|1.709|2.189|2.089|2026-04-01
54213|NA|1.729|NA|2.119|2026-04-01
54214|2.009|1.809|2.359|2.159|2026-04-01
54215|1.939|1.739|2.299|2.099|2026-04-01
54221|1.957|1.737|2.259|2.039|2026-04-01
54223|2.049|1.799|2.399|2.149|2026-04-01
54225|1.927|1.717|2.3|2.045|2026-04-01
54227|1.777|NA|2.097|NA|2026-04-01
54229|1.949|1.749|2.269|2.069|2026-04-01
54231|1.767|1.767|2.099|2.099|2026-04-01
54232|1.777|1.777|2.022|2.022|2026-04-01
54233|NA|1.688|NA|2.058|2026-04-01
54234|NA|1.698|NA|2.018|2026-04-01
54235|NA|1.698|NA|2.038|2026-04-01
54236|1.939|1.769|2.269|2.099|2026-04-01
54237|1.949|1.749|2.269|2.069|2026-04-01
54238|1.759|1.759|2.119|2.119|2026-04-01
54239|NA|1.779|NA|2.099|2026-04-01
54240|2.019|1.769|2.339|2.089|2026-04-01
54241|2.029|1.779|2.349|2.099|2026-04-01
54244|2.039|1.789|2.399|2.149|2026-04-01
54246|1.919|1.749|2.229|2.059|2026-04-01
54247|1.929|1.739|2.289|2.099|2026-04-01
54248|1.957|1.737|2.265|2.045|2026-04-01
54249|1.769|1.769|2.149|2.149|2026-04-01
54251|NA|1.779|NA|2.119|2026-04-01
54253|NA|1.799|NA|2.139|2026-04-01
54254|NA|1.739|NA|2.069|2026-04-01
54255|NA|1.729|NA|2.099|2026-04-01
54256|1.689|1.689|1.989|1.989|2026-04-01
54258|1.899|1.749|2.249|2.099|2026-04-01
54259|1.739|1.739|2.089|2.089|2026-04-01
54261|1.923|1.713|2.285|2.095|2026-04-01
54264|1.739|1.739|2.129|2.129|2026-04-01
54266|1.942|1.732|2.255|2.045|2026-04-01
54267|NA|1.749|NA|2.099|2026-04-01
54270|NA|1.709|NA|2.099|2026-04-01
54271|1.949|1.749|2.289|2.089|2026-04-01
54272|1.965|1.745|2.325|2.105|2026-04-01
54274|1.957|1.737|2.273|2.053|2026-04-01
54275|1.88|1.73|NA|NA|2026-04-01
54279|1.98|1.675|2.27|1.965|2026-04-01
54280|1.745|1.745|2.095|2.095|2026-04-01
54281|1.839|1.839|2.239|2.239|2026-04-01
54282|1.939|1.739|2.289|2.089|2026-04-01
54285|1.769|1.769|2.111|2.111|2026-04-01
54286|1.789|1.739|2.059|2.009|2026-04-01
54287|1.955|1.735|2.273|2.053|2026-04-01
54288|1.819|NA|2.039|NA|2026-04-01
54289|1.769|1.769|2.099|2.099|2026-04-01
54290|1.729|1.729|2.059|2.059|2026-04-01
54294|NA|1.749|NA|2.069|2026-04-01
54295|1.899|1.689|2.229|2.019|2026-04-01
54300|1.849|1.849|2.099|2.099|2026-04-01
54301|NA|1.769|NA|2.099|2026-04-01
54302|1.799|1.699|2.159|2.059|2026-04-01
54303|NA|1.685|NA|2.015|2026-04-01
54304|1.973|1.739|2.313|2.079|2026-04-01
54309|NA|1.748|NA|2.058|2026-04-01
54311|1.799|1.799|1.919|1.919|2026-04-01
54313|1.725|1.725|2.025|2.025|2026-04-01
54314|1.725|1.725|2.025|2.025|2026-04-01
54315|NA|1.759|NA|1.999|2026-04-01
54317|1.942|1.732|2.245|2.035|2026-04-01
54318|1.942|1.732|2.245|2.035|2026-04-01
54321|1.937|1.717|2.253|2.033|2026-04-01
54322|1.899|1.799|2.259|2.159|2026-04-01
54323|1.769|NA|2.099|NA|2026-04-01
54327|1.999|1.799|2.299|2.099|2026-04-01
54328|NA|1.749|NA|2.079|2026-04-01
54332|1.779|1.699|2.109|2.029|2026-04-01
54335|NA|1.759|NA|2.079|2026-04-01
54336|NA|1.759|NA|2.079|2026-04-01
54337|1.73|1.73|2.05|2.05|2026-04-01
54339|1.789|1.789|2.099|2.099|2026-04-01
54340|1.897|1.897|2.097|2.097|2026-04-01
54341|1.739|NA|2.099|NA|2026-04-01
54342|1.699|NA|2.049|NA|2026-04-01
54344|NA|1.789|NA|2.099|2026-04-01
54345|1.759|1.759|2.119|2.119|2026-04-01
54346|1.937|1.712|2.253|2.028|2026-04-01
54347|1.955|1.735|2.273|2.053|2026-04-01
54348|1.957|1.737|2.253|2.033|2026-04-01
54349|1.957|1.737|2.273|2.053|2026-04-01
54355|1.789|1.719|2.189|2.119|2026-04-01
54357|1.849|1.729|2.179|2.059|2026-04-01
54359|NA|1.699|NA|2.039|2026-04-01
54360|1.942|1.732|2.245|2.035|2026-04-01
54361|2.028|1.728|2.348|2.048|2026-04-01
54365|2.069|1.819|2.399|2.149|2026-04-01
54366|1.929|1.729|2.249|2.049|2026-04-01
54367|1.929|1.749|2.239|2.059|2026-04-01
54380|1.978|1.789|2.397|2.108|2026-04-01
54384|2.149|1.799|2.519|2.169|2026-04-01
54385|1.918|1.718|2.258|2.058|2026-04-01
54386|NA|1.826|NA|1.996|2026-04-01
54393|1.719|1.719|2.109|2.109|2026-04-01
54394|1.769|1.769|2.069|2.069|2026-04-01
54395|NA|1.733|NA|2.058|2026-04-01
54396|1.699|1.699|1.999|1.999|2026-04-01
54397|NA|NA|2.26|2.035|2026-04-01
54398|1.915|1.705|2.265|2.055|2026-04-01
54401|2.009|1.819|2.159|2.099|2026-04-01
54403|NA|1.699|NA|2.069|2026-04-01
54404|1.739|1.739|2.129|2.129|2026-04-01
54405|NA|1.74|NA|2.04|2026-04-01
54410|2.099|1.799|2.449|2.149|2026-04-01
54411|1.824|1.824|2.174|2.174|2026-04-01
54413|NA|1.699|NA|2.069|2026-04-01
54414|NA|1.769|NA|2.129|2026-04-01
54415|NA|1.699|NA|2.039|2026-04-01
54416|NA|1.699|NA|2.159|2026-04-01
54417|1.957|1.737|2.255|2.035|2026-04-01
54420|1.887|1.887|2.107|2.107|2026-04-01
54421|NA|1.779|NA|2.105|2026-04-01
54423|1.749|1.749|1.996|1.996|2026-04-01
54424|1.719|NA|2.099|NA|2026-04-01
54427|1.867|1.697|2.168|1.997|2026-04-01
54428|1.769|1.769|2.049|2.049|2026-04-01
54430|2.019|2.019|2.245|2.245|2026-04-01
54436|NA|1.719|NA|2.06|2026-04-01
54437|1.749|1.735|2.079|2.065|2026-04-01
54439|2.069|1.769|2.379|2.079|2026-04-01
54441|1.799|1.699|2.199|2.099|2026-04-01
54442|NA|1.719|NA|2.099|2026-04-01
54446|2.009|1.799|2.309|2.099|2026-04-01
54447|1.789|1.789|2.159|2.159|2026-04-01
54448|1.907|1.746|2.267|2.106|2026-04-01
54449|1.725|1.725|2.025|2.025|2026-04-01
54450|1.929|1.779|2.289|2.139|2026-04-01
54452|2.059|1.759|2.399|2.099|2026-04-01
54455|1.839|1.839|1.734|1.734|2026-04-01
54457|1.949|1.759|2.269|2.079|2026-04-01
54458|1.957|1.737|2.26|2.04|2026-04-01
54459|NA|1.729|NA|2.099|2026-04-01
54460|1.979|1.769|2.329|2.119|2026-04-01
54461|NA|1.749|NA|2.099|2026-04-01
54464|1.979|1.779|2.295|2.095|2026-04-01
54466|1.779|1.779|2.049|2.049|2026-04-01
54467|1.989|1.779|2.329|2.119|2026-04-01
54470|1.799|1.799|2.099|2.099|2026-04-01
54473|1.999|1.799|2.349|2.149|2026-04-01
54475|1.769|1.769|2.059|2.059|2026-04-01
54480|1.912|1.739|2.185|2.035|2026-04-01
54481|NA|1.749|NA|2.139|2026-04-01
54482|NA|1.732|NA|2.035|2026-04-01
54487|2.089|1.799|2.419|2.129|2026-04-01
54488|1.829|1.729|2.229|2.129|2026-04-01
54489|1.839|1.799|2.169|2.129|2026-04-01
54491|1.969|1.749|2.349|2.129|2026-04-01
54501|1.879|1.879|2.179|2.179|2026-04-01
54502|1.699|1.699|1.979|1.979|2026-04-01
54503|1.759|1.759|2.059|2.059|2026-04-01
54506|1.779|1.779|2.029|2.029|2026-04-01
54517|1.795|1.795|2.145|2.145|2026-04-01
54518|1.799|NA|2.087|NA|2026-04-01
54519|1.957|1.747|2.263|2.053|2026-04-01
54520|1.799|1.799|2.139|2.139|2026-04-01
54524|1.699|1.699|2.059|2.059|2026-04-01
54525|1.979|1.779|2.249|2.049|2026-04-01
54527|NA|1.735|NA|2.01|2026-04-01
54528|1.779|1.779|2.099|2.099|2026-04-01
54529|1.776|1.776|2.126|2.126|2026-04-01
54530|1.739|1.739|2.099|2.099|2026-04-01
54531|1.839|NA|2.139|NA|2026-04-01
54533|2.099|NA|2.398|NA|2026-04-01
54534|1.899|1.739|2.239|2.089|2026-04-01
54535|1.899|1.739|2.239|2.089|2026-04-01
54537|1.899|1.899|2.098|2.098|2026-04-01
54538|1.799|NA|2.099|NA|2026-04-01
54539|1.799|1.699|2.159|2.059|2026-04-01
54541|1.809|1.749|2.129|2.069|2026-04-01
54542|1.979|1.779|2.349|2.149|2026-04-01
54544|NA|1.799|NA|2.069|2026-04-01
54546|1.957|1.737|2.253|2.033|2026-04-01
54550|1.789|1.789|2.059|2.059|2026-04-01
54551|1.779|1.779|2.099|2.099|2026-04-01
54552|1.957|1.737|2.255|2.035|2026-04-01
54561|1.799|1.799|2.039|2.039|2026-04-01
54562|NA|1.779|NA|2.179|2026-04-01
54565|1.999|1.769|2.319|2.089|2026-04-01
54566|1.759|1.759|2.059|2.059|2026-04-01
54568|1.957|1.737|2.273|2.053|2026-04-01
54569|1.779|1.779|2.079|2.079|2026-04-01
54571|1.969|1.769|2.299|2.099|2026-04-01
54572|1.809|1.809|2.149|2.149|2026-04-01
54573|NA|1.759|NA|2.059|2026-04-01
54578|1.959|1.759|2.319|2.119|2026-04-01
54579|1.945|1.725|2.255|2.035|2026-04-01
54580|1.939|1.729|2.179|2.049|2026-04-01
54583|1.952|1.732|2.265|2.045|2026-04-01
54584|NA|1.699|NA|2.067|2026-04-01
54585|2.019|1.789|2.349|2.119|2026-04-01
54586|1.949|1.749|2.299|2.099|2026-04-01
54587|NA|1.779|NA|2.059|2026-04-01
54588|1.749|1.699|2.119|2.069|2026-04-01
54589|2.019|1.739|2.339|2.059|2026-04-01
54592|2.037|1.769|2.407|2.139|2026-04-01
54594|2.019|1.819|2.369|2.169|2026-04-01
54595|1.925|1.715|2.218|2.008|2026-04-01
54596|1.729|1.729|2.039|2.039|2026-04-01
54597|1.759|NA|2.059|NA|2026-04-01
54599|NA|1.779|NA|2.121|2026-04-01
54601|1.865|1.645|2.145|1.925|2026-04-01
54602|1.799|1.799|2.099|2.099|2026-04-01
54604|NA|1.749|NA|2.099|2026-04-01
54605|1.799|1.799|2.129|2.129|2026-04-01
54606|1.739|1.739|2.069|2.069|2026-04-01
54608|NA|1.799|NA|2.149|2026-04-01
54613|1.969|1.789|2.289|2.109|2026-04-01
54614|1.959|1.759|2.299|2.099|2026-04-01
54615|1.799|NA|2.079|NA|2026-04-01
54619|NA|1.739|NA|2.069|2026-04-01
54622|1.745|1.745|2.075|2.075|2026-04-01
54624|NA|1.759|NA|1.999|2026-04-01
54626|1.94|1.72|2.233|2.033|2026-04-01
54627|NA|1.719|NA|2.039|2026-04-01
54629|1.952|1.742|2.255|2.045|2026-04-01
54630|1.949|1.749|2.249|2.049|2026-04-01
54631|1.957|1.737|2.253|2.033|2026-04-01
54633|1.957|1.737|2.255|2.035|2026-04-01
54634|NA|1.799|NA|2.099|2026-04-01
54635|1.957|1.737|2.273|2.053|2026-04-01
54636|2.059|1.759|2.449|2.149|2026-04-01
54637|2.009|1.759|2.399|2.149|2026-04-01
54638|NA|1.749|NA|2.099|2026-04-01
54639|2.109|1.759|2.499|2.149|2026-04-01
54640|1.919|1.749|2.309|2.139|2026-04-01
54643|1.759|1.759|2.079|2.079|2026-04-01
54645|1.839|1.719|2.179|2.059|2026-04-01
54646|1.957|1.737|2.273|2.053|2026-04-01
54650|1.979|1.769|2.329|2.119|2026-04-01
54651|NA|1.669|NA|2.029|2026-04-01
54652|1.755|1.755|2.105|2.105|2026-04-01
54659|NA|1.789|NA|2.099|2026-04-01
54660|1.959|1.759|2.269|2.069|2026-04-01
54663|1.899|1.739|2.259|2.099|2026-04-01
54665|1.967|1.747|2.273|2.053|2026-04-01
54666|1.814|1.814|2.125|2.125|2026-04-01
54667|1.789|1.749|2.099|2.049|2026-04-01
54668|1.937|1.717|2.253|2.033|2026-04-01
54669|NA|1.719|NA|2.034|2026-04-01
54670|1.958|1.758|2.288|2.088|2026-04-01
54673|2.119|1.779|2.569|2.159|2026-04-01
54674|2.031|1.719|2.401|2.089|2026-04-01
54676|1.999|1.749|2.349|2.099|2026-04-01
54678|1.929|1.739|2.289|2.099|2026-04-01
54680|1.909|1.759|2.249|2.099|2026-04-01
54681|NA|1.749|NA|2.049|2026-04-01
54683|1.899|1.699|2.269|2.069|2026-04-01
54694|1.769|1.769|2.069|2.069|2026-04-01
54696|NA|1.729|NA|2.079|2026-04-01
54697|1.799|1.799|2.05|2.05|2026-04-01
54698|NA|1.759|NA|2.059|2026-04-01
54699|NA|1.759|NA|2.129|2026-04-01
54703|1.868|1.868|2.146|2.146|2026-04-01
54704|NA|1.759|NA|2.139|2026-04-01
54705|1.957|1.737|NA|NA|2026-04-01
54706|1.957|1.737|2.253|2.033|2026-04-01
54709|2.119|1.919|2.489|2.259|2026-04-01
54710|2.119|1.919|2.489|2.269|2026-04-01
54711|2.119|1.919|2.489|2.259|2026-04-01
54714|NA|1.749|NA|2.099|2026-04-01
54715|NA|1.849|NA|2.119|2026-04-01
54716|NA|1.809|NA|2.099|2026-04-01
54717|1.758|1.758|2.098|2.098|2026-04-01
54718|1.955|1.735|2.265|2.045|2026-04-01
54720|1.922|1.712|2.245|2.035|2026-04-01
54721|1.779|1.779|2.169|2.169|2026-04-01
54722|1.977|1.766|2.247|2.036|2026-04-01
54723|NA|1.723|NA|2.059|2026-04-01
54724|NA|1.735|NA|2.065|2026-04-01
54725|NA|1.699|NA|2.029|2026-04-01
54726|NA|1.819|NA|2.149|2026-04-01
54727|1.889|1.699|2.259|2.069|2026-04-01
54728|NA|1.699|NA|2.059|2026-04-01
54729|1.939|1.749|2.279|2.089|2026-04-01
54731|2.197|1.797|2.497|2.097|2026-04-01
54736|1.699|1.699|1.999|1.999|2026-04-01
54737|NA|1.699|NA|2.079|2026-04-01
54738|1.799|1.799|2.139|2.139|2026-04-01
54739|1.719|1.719|2.049|2.049|2026-04-01
54742|1.957|1.732|2.273|2.048|2026-04-01
54744|1.689|1.689|1.989|1.989|2026-04-01
54745|1.759|1.759|2.059|2.059|2026-04-01
54746|1.879|1.719|2.249|2.089|2026-04-01
54752|NA|1.735|NA|2.035|2026-04-01
54757|NA|1.787|NA|2.169|2026-04-01
54758|1.829|1.739|2.189|2.099|2026-04-01
54761|1.729|1.729|2.069|2.069|2026-04-01
54762|1.729|1.729|2.069|2.069|2026-04-01
54763|2.029|1.819|2.309|2.099|2026-04-01
54765|NA|1.749|NA|2.089|2026-04-01
54768|2.099|1.899|2.289|2.089|2026-04-01
54769|2.269|1.889|2.569|2.269|2026-04-01
54771|NA|1.779|NA|2.089|2026-04-01
54772|2.009|1.799|2.309|2.099|2026-04-01
54773|2.177|1.877|2.38|2.08|2026-04-01
54774|1.729|1.729|2.069|2.069|2026-04-01
54776|1.769|1.769|2.029|2.029|2026-04-01
54778|1.989|1.789|2.299|2.099|2026-04-01
54780|1.93|1.89|2.19|2.15|2026-04-01
54781|1.789|1.789|1.999|1.999|2026-04-01
54783|1.839|NA|2.139|NA|2026-04-01
54785|NA|1.718|NA|1.978|2026-04-01
54786|1.899|1.899|2.099|2.099|2026-04-01
54787|1.769|1.749|2.079|2.079|2026-04-01
54788|1.937|1.712|2.253|2.028|2026-04-01
54790|1.967|1.742|2.273|2.048|2026-04-01
54791|1.775|1.775|1.997|1.997|2026-04-01
54793|1.952|1.732|2.268|2.048|2026-04-01
54794|NA|1.664|NA|1.619|2026-04-01
54797|NA|1.799|NA|2.129|2026-04-01
54799|2.099|NA|2.199|NA|2026-04-01
54801|1.937|1.717|2.253|2.033|2026-04-01
54802|1.957|1.737|2.273|2.053|2026-04-01
54804|1.769|1.769|2.119|2.119|2026-04-01
54805|NA|1.769|NA|2.099|2026-04-01
54813|NA|1.749|NA|2.099|2026-04-01
54817|2.079|1.799|2.409|2.129|2026-04-01
54828|1.949|1.699|2.279|2.029|2026-04-01
54829|1.749|1.749|2.079|2.079|2026-04-01
54830|NA|1.759|NA|2.139|2026-04-01
54832|2.039|1.839|2.349|2.149|2026-04-01
54833|NA|1.729|NA|2.069|2026-04-01
54839|1.929|1.719|2.269|2.059|2026-04-01
54841|1.829|1.729|2.099|1.999|2026-04-01
54842|2.029|1.849|2.299|2.119|2026-04-01
54844|NA|1.739|NA|2.059|2026-04-01
54846|NA|1.687|NA|2.057|2026-04-01
54849|2.009|1.769|2.309|2.069|2026-04-01
54850|1.759|NA|2.089|NA|2026-04-01
54851|1.979|1.769|2.275|2.065|2026-04-01
54855|1.969|1.719|2.359|2.109|2026-04-01
54857|NA|1.799|NA|2.179|2026-04-01
54861|NA|1.779|NA|2.099|2026-04-01
54862|2.029|1.879|2.289|2.139|2026-04-01
54867|1.999|1.759|2.329|2.089|2026-04-01
54868|1.669|NA|1.599|NA|2026-04-01
54869|NA|1.774|NA|2.124|2026-04-01
54870|NA|1.739|NA|2.099|2026-04-01
54872|2.246|1.896|2.447|2.097|2026-04-01
54873|1.949|1.739|2.239|2.029|2026-04-01
54874|NA|1.737|NA|2.069|2026-04-01
54875|1.869|1.749|2.159|2.039|2026-04-01
54876|1.935|1.805|2.225|2.095|2026-04-01
54877|1.797|NA|2.097|NA|2026-04-01
54878|NA|1.737|NA|2.045|2026-04-01
54879|1.988|1.738|2.348|2.098|2026-04-01
54880|1.969|1.759|2.319|2.109|2026-04-01
54883|1.828|1.738|2.179|2.089|2026-04-01
54884|1.779|1.779|2.129|2.129|2026-04-01
54885|NA|1.759|NA|2.079|2026-04-01
54889|1.929|1.739|2.289|2.099|2026-04-01
54890|1.942|1.732|2.245|2.035|2026-04-01
54891|NA|1.719|NA|2.029|2026-04-01
54892|1.899|1.799|2.169|2.069|2026-04-01
54897|1.805|1.805|2.135|2.135|2026-04-01
54900|2.009|1.779|2.319|2.089|2026-04-01
54901|1.765|1.765|2.039|2.039|2026-04-01
54904|1.829|1.729|2.179|2.079|2026-04-01
54905|2.109|1.799|2.409|2.099|2026-04-01
54907|1.769|1.769|2.089|2.089|2026-04-01
54911|NA|1.759|NA|2.099|2026-04-01
54912|NA|1.749|NA|2.119|2026-04-01
54914|NA|1.737|NA|2.071|2026-04-01
54915|1.789|1.689|NA|2.029|2026-04-01
54916|NA|1.737|NA|2.03|2026-04-01
54917|2.066|1.762|2.334|2.12|2026-04-01
54918|NA|1.735|NA|2.045|2026-04-01
54920|1.665|1.665|2.055|2.055|2026-04-01
54922|1.739|1.739|2.099|2.099|2026-04-01
54924|NA|1.759|NA|2.099|2026-04-01
54926|1.829|1.729|2.199|2.099|2026-04-01
54929|1.749|1.749|2.099|2.099|2026-04-01
54930|1.94|1.72|2.253|2.033|2026-04-01
54933|1.929|1.779|2.259|2.109|2026-04-01
54934|NA|1.699|NA|2.059|2026-04-01
54937|NA|1.784|NA|1.754|2026-04-01
54940|NA|1.799|NA|2.099|2026-04-01
54941|1.969|1.769|2.289|2.089|2026-04-01
54942|NA|1.759|NA|2.039|2026-04-01
54943|2.029|1.729|2.349|2.049|2026-04-01
54946|NA|1.698|NA|2.079|2026-04-01
54947|1.955|1.735|2.255|2.035|2026-04-01
54948|1.957|1.737|2.273|2.053|2026-04-01
54952|1.869|1.719|2.229|2.079|2026-04-01
54953|2.179|1.869|2.409|2.099|2026-04-01
54954|1.719|1.719|2.078|2.078|2026-04-01
54956|1.745|1.745|2.055|2.055|2026-04-01
54957|1.94|1.715|2.253|2.028|2026-04-01
54958|NA|1.759|NA|2.047|2026-04-01
54959|2.009|1.759|2.339|2.089|2026-04-01
54960|NA|1.799|NA|2.109|2026-04-01
54961|NA|1.739|NA|2.099|2026-04-01
54963|NA|1.737|NA|2.04|2026-04-01
54965|1.93|1.69|2.309|2.069|2026-04-01
54966|NA|1.749|NA|2.099|2026-04-01
54967|1.967|1.747|2.259|2.039|2026-04-01
54968|1.945|1.725|2.255|2.035|2026-04-01
54970|NA|1.759|NA|2.099|2026-04-01
54971|2.129|1.779|2.399|2.049|2026-04-01
54972|NA|1.735|NA|2.049|2026-04-01
54975|NA|1.759|NA|2.099|2026-04-01
54976|1.799|1.739|2.119|2.059|2026-04-01
54978|1.889|1.699|2.189|1.999|2026-04-01
54980|NA|1.719|NA|2.149|2026-04-01
54981|1.769|1.769|2.049|2.049|2026-04-01
54982|1.967|1.747|2.273|2.053|2026-04-01
54983|NA|1.715|NA|2.045|2026-04-01
54985|1.819|1.743|2.123|2.046|2026-04-01
54986|1.922|1.712|2.245|2.035|2026-04-01
54987|1.799|1.799|2.149|2.149|2026-04-01
54989|1.729|1.729|2.099|2.099|2026-04-01
54990|NA|1.729|NA|2.099|2026-04-01
54991|1.729|1.729|2.099|2.099|2026-04-01
54995|2.009|1.799|2.369|2.159|2026-04-01
54997|NA|1.759|NA|2.099|2026-04-01
54998|NA|1.739|NA|2.029|2026-04-01
55000|2.037|1.819|2.377|2.159|2026-04-01
55002|1.689|1.689|2.014|2.014|2026-04-01
55004|2.114|1.904|2.344|2.134|2026-04-01
55007|NA|1.719|NA|1.629|2026-04-01
55008|2.024|1.719|2.374|2.069|2026-04-01
55010|1.969|1.749|2.299|2.079|2026-04-01
55011|1.957|1.737|2.265|2.045|2026-04-01
55014|1.845|1.635|2.125|1.915|2026-04-01
55016|NA|1.769|NA|2.129|2026-04-01
55017|1.955|1.735|2.255|2.035|2026-04-01
55018|1.719|1.719|2.019|2.019|2026-04-01
55019|1.969|1.759|2.309|2.099|2026-04-01
55020|NA|1.779|NA|2.119|2026-04-01
55021|1.949|1.735|2.087|2.045|2026-04-01
55024|2.079|1.879|2.309|2.109|2026-04-01
55025|NA|1.737|NA|2.045|2026-04-01
55027|1.955|1.735|2.248|2.028|2026-04-01
55028|1.838|1.739|2.168|2.069|2026-04-01
55029|NA|1.739|NA|2.059|2026-04-01
55033|1.799|1.699|2.129|2.029|2026-04-01
55035|NA|1.737|NA|2.053|2026-04-01
55036|1.839|1.839|2.159|2.159|2026-04-01
55037|1.809|1.809|2.119|2.119|2026-04-01
55038|NA|1.729|NA|2.099|2026-04-01
55040|1.7|1.7|2.089|2.089|2026-04-01
55043|1.935|1.725|2.245|2.035|2026-04-01
55044|NA|1.849|NA|2.129|2026-04-01
55045|NA|1.749|NA|2.089|2026-04-01
55046|NA|1.737|NA|2.053|2026-04-01
55047|1.929|1.729|2.269|2.069|2026-04-01
55048|NA|1.799|NA|2.099|2026-04-01
55049|NA|1.84|NA|2.12|2026-04-01
55050|1.957|1.737|2.26|2.04|2026-04-01
55054|NA|1.694|NA|2.039|2026-04-01
55055|NA|1.714|NA|2.069|2026-04-01
55056|1.859|1.729|2.169|2.039|2026-04-01
55057|1.942|1.732|2.245|2.035|2026-04-01
55059|NA|1.732|NA|2.035|2026-04-01
55065|1.949|1.749|2.249|2.049|2026-04-01
55067|1.957|1.732|2.253|2.028|2026-04-01
55068|1.729|1.729|2.059|2.059|2026-04-01
55070|1.859|1.729|2.129|2.059|2026-04-01
55071|1.899|1.799|2.099|1.999|2026-04-01
55072|NA|1.797|NA|2.097|2026-04-01
55074|1.739|NA|2.129|NA|2026-04-01
55076|1.969|1.759|2.269|2.059|2026-04-01
55077|NA|1.769|NA|2.089|2026-04-01
55078|NA|1.739|NA|2.059|2026-04-01
55079|1.965|1.715|2.285|2.035|2026-04-01
55080|1.717|1.717|2.057|2.057|2026-04-01
55082|NA|1.729|NA|NA|2026-04-01
55083|1.957|1.737|2.273|2.053|2026-04-01
55084|1.829|1.759|2.209|2.139|2026-04-01
55086|1.957|1.737|2.273|2.053|2026-04-01
55088|1.936|1.736|2.256|2.056|2026-04-01
55089|NA|1.739|NA|2.059|2026-04-01
55090|NA|1.725|NA|2.025|2026-04-01
55091|1.957|1.737|2.253|2.033|2026-04-01
55092|1.799|1.719|2.159|2.079|2026-04-01
55094|1.909|1.709|2.249|2.049|2026-04-01
55095|NA|1.739|NA|2.099|2026-04-01
55096|1.942|1.732|2.255|2.045|2026-04-01
55097|2.076|1.762|2.374|2.12|2026-04-01
55098|1.937|1.717|2.253|2.033|2026-04-01
55099|NA|1.739|NA|2.089|2026-04-01
55100|NA|1.747|NA|2.017|2026-04-01
55101|1.759|1.679|2.139|2.059|2026-04-01
55102|1.769|1.769|2.109|2.109|2026-04-01
55103|NA|1.759|NA|2.099|2026-04-01
55105|NA|1.737|NA|2.053|2026-04-01
55106|1.95|1.73|2.24|2.02|2026-04-01
55107|1.705|1.705|2.025|2.025|2026-04-01
55108|1.819|NA|2.169|NA|2026-04-01
55110|1.942|1.732|2.258|2.048|2026-04-01
55112|1.949|1.749|2.289|2.089|2026-04-01
55115|1.939|1.739|2.269|2.069|2026-04-01
55116|1.799|NA|2.129|NA|2026-04-01
55117|1.919|1.729|2.289|2.099|2026-04-01
55118|NA|1.727|NA|2.075|2026-04-01
55119|NA|1.735|NA|2.045|2026-04-01
55121|1.899|1.899|2.059|2.059|2026-04-01
55122|2.049|1.799|2.409|2.159|2026-04-01
55123|1.801|1.801|2.151|2.151|2026-04-01
55124|1.699|1.699|2.039|2.039|2026-04-01
55125|1.759|1.679|2.139|2.059|2026-04-01
55126|1.789|1.789|2.149|2.149|2026-04-01
55128|NA|1.715|NA|2.035|2026-04-01
55130|1.957|1.737|2.26|2.04|2026-04-01
55133|1.935|1.795|2.225|2.085|2026-04-01
55135|NA|1.765|NA|2.039|2026-04-01
55136|1.957|1.732|2.26|2.035|2026-04-01
55139|2.049|1.795|2.353|2.099|2026-04-01
55141|1.969|1.779|2.289|2.099|2026-04-01
55142|NA|1.759|NA|2.079|2026-04-01
55144|1.739|1.739|1.699|1.699|2026-04-01
55146|1.795|NA|2.1|NA|2026-04-01
55147|1.93|1.717|2.26|2.04|2026-04-01
55148|1.925|1.717|2.245|2.033|2026-04-01
55149|2.069|1.819|2.359|2.109|2026-04-01
55150|NA|1.829|NA|2.049|2026-04-01
55151|1.766|NA|2.086|NA|2026-04-01
55153|1.73|1.73|2.05|2.05|2026-04-01
55154|NA|1.729|NA|2.089|2026-04-01
55155|2.029|1.729|2.359|2.059|2026-04-01
55156|1.748|1.748|2.098|2.098|2026-04-01
55158|1.899|1.759|2.159|2.069|2026-04-01
55162|1.922|1.712|2.255|2.045|2026-04-01
55164|1.909|1.779|2.249|2.119|2026-04-01
55166|1.729|1.729|2.099|2.099|2026-04-01
55168|1.957|1.737|2.273|2.053|2026-04-01
55169|2.019|1.819|2.369|2.169|2026-04-01
55170|NA|1.747|NA|2.053|2026-04-01
55171|2.049|1.799|2.369|2.119|2026-04-01
55172|1.945|1.725|2.265|2.045|2026-04-01
55173|NA|1.737|NA|2.047|2026-04-01
55174|NA|1.729|NA|2.099|2026-04-01
55175|1.789|1.689|2.159|2.059|2026-04-01
55176|NA|1.759|NA|2.139|2026-04-01
55177|NA|1.759|NA|2.089|2026-04-01
55179|NA|1.739|NA|2.059|2026-04-01
55180|NA|1.719|NA|2.099|2026-04-01
55182|1.829|1.689|2.179|2.039|2026-04-01
55184|NA|1.737|NA|2.05|2026-04-01
55185|1.869|1.799|2.179|2.109|2026-04-01
55186|NA|1.732|NA|2.04|2026-04-01
55188|1.789|1.789|2.089|2.089|2026-04-01
55189|1.844|1.725|2.039|2.028|2026-04-01
55191|1.679|1.679|1.999|1.999|2026-04-01
55193|2.049|1.749|2.359|2.059|2026-04-01
55194|NA|1.759|NA|2.129|2026-04-01
55195|1.92|1.695|2.273|2.048|2026-04-01
55197|NA|1.739|NA|2.129|2026-04-01
55198|1.959|1.759|2.299|2.099|2026-04-01
55200|1.779|1.779|2.089|2.089|2026-04-01
55201|1.957|1.737|2.273|2.053|2026-04-01
55202|NA|1.729|NA|2.099|2026-04-01
55204|1.937|1.717|2.238|2.028|2026-04-01
55205|NA|1.719|NA|2.039|2026-04-01
55206|1.839|1.759|2.119|2.039|2026-04-01
55210|1.957|1.737|2.255|2.035|2026-04-01
55211|NA|1.779|NA|2.099|2026-04-01
55214|NA|1.749|NA|2.089|2026-04-01
55215|NA|1.739|NA|2.059|2026-04-01
55216|1.942|1.732|2.245|2.035|2026-04-01
55220|1.937|1.717|2.253|2.033|2026-04-01
55221|1.735|1.735|2.085|2.085|2026-04-01
55223|NA|1.737|NA|2.045|2026-04-01
55224|1.967|1.747|2.28|2.06|2026-04-01
55225|2.049|1.799|2.399|2.149|2026-04-01
55226|1.94|1.73|2.23|2.02|2026-04-01
55227|2.159|1.759|2.399|2.089|2026-04-01
55228|2.099|1.769|2.319|2.019|2026-04-01
55231|1.739|1.739|2.049|2.049|2026-04-01
55232|NA|1.779|NA|2.099|2026-04-01
55233|1.799|1.729|2.129|2.059|2026-04-01
55234|1.819|NA|2.049|NA|2026-04-01
55236|1.738|1.738|2.028|2.028|2026-04-01
55237|1.967|1.742|2.283|2.059|2026-04-01
55243|1.848|1.749|2.238|2.139|2026-04-01
55245|1.889|1.739|2.279|2.129|2026-04-01
55246|2.039|1.839|2.319|2.119|2026-04-01
55250|1.779|NA|2.039|NA|2026-04-01
55251|1.963|1.756|2.253|2.046|2026-04-01
55253|1.849|1.729|2.219|2.099|2026-04-01
55254|2.069|1.819|2.399|2.149|2026-04-01
55256|1.839|1.699|2.169|2.029|2026-04-01
55257|1.789|1.789|2.139|2.139|2026-04-01
55258|NA|1.739|NA|2.059|2026-04-01
55259|1.889|1.759|2.119|2.079|2026-04-01
55261|1.984|1.769|2.304|2.089|2026-04-01
55264|NA|1.759|NA|2.069|2026-04-01
55265|1.919|1.719|2.269|2.069|2026-04-01
55269|1.769|1.769|2.069|2.069|2026-04-01
55270|1.719|1.719|1.999|1.999|2026-04-01
55271|1.942|1.732|2.258|2.048|2026-04-01
55274|NA|1.739|NA|2.069|2026-04-01
55275|1.979|1.779|2.349|2.149|2026-04-01
55277|1.969|1.759|2.269|2.059|2026-04-01
55278|1.699|1.699|2.039|2.039|2026-04-01
55279|NA|1.719|NA|2.099|2026-04-01
55283|1.899|1.699|2.239|2.039|2026-04-01
55285|1.952|1.742|2.268|2.058|2026-04-01
55287|1.749|1.749|2.099|2.099|2026-04-01
55288|NA|1.749|NA|2.099|2026-04-01
55289|NA|1.739|NA|2.099|2026-04-01
55292|1.919|1.739|2.249|2.069|2026-04-01
55294|1.947|1.736|2.297|2.086|2026-04-01
55295|1.937|1.726|2.287|2.076|2026-04-01
55296|1.729|1.729|2.059|2.059|2026-04-01
55297|2.019|1.769|2.339|2.099|2026-04-01
55298|1.939|1.739|2.319|2.119|2026-04-01
55300|1.879|1.779|2.219|2.119|2026-04-01
55301|1.845|1.755|2.185|2.095|2026-04-01
55302|1.699|1.699|2.039|2.039|2026-04-01
55303|NA|1.729|NA|2.079|2026-04-01
55306|NA|1.729|NA|2.089|2026-04-01
55307|NA|1.859|NA|2.189|2026-04-01
55308|1.879|1.879|2.099|2.099|2026-04-01
55309|2.129|1.769|2.529|2.169|2026-04-01
55310|1.819|1.819|2.079|2.079|2026-04-01
55311|1.858|1.759|2.248|2.149|2026-04-01
55312|2.057|1.839|2.367|2.149|2026-04-01
55313|NA|1.679|2.049|2.049|2026-04-01
55314|NA|1.769|NA|2.099|2026-04-01
55315|1.879|1.689|2.229|2.039|2026-04-01
55316|2.076|2.076|2.423|2.423|2026-04-01
55317|1.979|1.769|2.301|2.111|2026-04-01
55319|1.989|1.779|2.289|2.079|2026-04-01
55320|NA|1.699|NA|1.999|2026-04-01
55323|1.799|1.799|2.089|2.089|2026-04-01
55324|NA|1.727|NA|2.044|2026-04-01
55326|1.705|1.705|2.058|2.058|2026-04-01
55329|1.859|1.759|2.169|2.069|2026-04-01
55330|1.717|1.717|2.033|2.033|2026-04-01
55331|1.889|NA|1.999|NA|2026-04-01
55332|NA|1.799|NA|2.159|2026-04-01
55333|1.959|1.759|2.279|2.079|2026-04-01
55335|NA|1.809|NA|2.199|2026-04-01
55339|1.749|1.749|2.149|2.149|2026-04-01
55340|2.079|1.799|2.339|2.059|2026-04-01
55342|1.942|1.732|2.238|2.028|2026-04-01
55345|NA|1.899|NA|2.249|2026-04-01
55347|NA|1.762|NA|2.065|2026-04-01
55355|1.759|1.759|2.119|2.119|2026-04-01
55357|1.989|1.779|2.309|2.099|2026-04-01
55360|1.957|1.737|2.265|2.045|2026-04-01
55361|NA|1.746|NA|2.066|2026-04-01
55362|2.178|1.798|2.444|2.089|2026-04-01
55367|1.698|1.698|1.978|1.978|2026-04-01
55368|NA|1.717|NA|2.033|2026-04-01
55371|1.949|1.849|2.189|2.089|2026-04-01
55372|1.749|NA|2.049|NA|2026-04-01
55374|1.748|1.748|2.118|2.118|2026-04-01
55375|2.049|1.849|2.269|2.069|2026-04-01
55377|NA|1.799|NA|1.999|2026-04-01
55379|NA|1.737|NA|2.037|2026-04-01
55380|NA|1.695|NA|2.045|2026-04-01
55381|1.939|1.739|2.309|2.109|2026-04-01
55383|1.899|1.899|1.999|1.999|2026-04-01
55389|1.997|1.786|2.327|2.116|2026-04-01
55396|2.009|1.759|2.349|2.099|2026-04-01
55403|1.962|1.742|2.278|2.058|2026-04-01
55404|NA|1.769|NA|2.189|2026-04-01
55405|1.967|1.747|2.283|2.063|2026-04-01
55406|1.727|1.727|1.997|1.997|2026-04-01
55408|1.749|1.749|2.059|2.059|2026-04-01
55410|1.789|1.789|2.089|2.089|2026-04-01
55413|1.939|1.729|2.249|2.039|2026-04-01
55414|1.759|1.759|2.079|2.079|2026-04-01
55417|1.709|1.709|1.989|1.989|2026-04-01
55420|1.877|1.777|2.199|2.099|2026-04-01
55425|1.889|1.789|2.219|2.119|2026-04-01
55426|1.829|1.729|2.149|2.049|2026-04-01
55428|1.819|1.719|2.199|2.099|2026-04-01
55432|1.94|1.72|2.26|2.04|2026-04-01
55434|1.799|1.799|2.109|2.109|2026-04-01
55435|1.769|1.769|2.099|2.099|2026-04-01
55436|1.949|1.729|2.309|2.089|2026-04-01
55439|1.829|1.829|2.163|2.163|2026-04-01
55443|1.957|1.737|2.273|2.053|2026-04-01
55444|1.89|1.69|2.249|2.049|2026-04-01
55448|1.739|1.739|2.029|2.029|2026-04-01
55449|2.006|1.779|2.326|2.099|2026-04-01
55452|1.779|1.779|2.139|2.139|2026-04-01
55454|NA|1.769|NA|2.059|2026-04-01
55456|1.759|1.759|2.099|2.099|2026-04-01
55457|1.995|1.785|2.335|2.125|2026-04-01
55460|1.789|NA|2.089|NA|2026-04-01
55461|1.96|1.75|2.279|2.069|2026-04-01
55462|1.909|1.699|2.239|2.029|2026-04-01
55465|1.922|1.712|2.238|2.028|2026-04-01
55466|1.786|NA|2.146|NA|2026-04-01
55469|1.797|1.797|2.037|2.037|2026-04-01
55473|1.899|1.899|1.999|1.999|2026-04-01
55475|1.955|1.745|2.305|2.095|2026-04-01
55478|1.957|1.737|2.255|2.035|2026-04-01
55481|1.953|1.737|2.251|2.035|2026-04-01
55482|1.729|1.729|2.049|2.049|2026-04-01
55483|2.189|2.189|2.249|2.249|2026-04-01
55484|2.189|2.189|2.249|2.249|2026-04-01
55486|1.819|NA|2.179|NA|2026-04-01
55487|1.879|1.729|2.249|2.099|2026-04-01
55489|1.739|NA|2.109|NA|2026-04-01
55491|NA|1.799|NA|2.099|2026-04-01
55492|NA|1.799|NA|2.099|2026-04-01
55496|1.719|1.719|2.029|2.029|2026-04-01
55498|1.719|1.719|2.029|2.029|2026-04-01
55499|1.839|1.689|2.139|1.989|2026-04-01
55500|1.729|1.729|2.099|2.099|2026-04-01
55502|NA|1.732|NA|2.048|2026-04-01
55503|1.979|1.779|2.349|2.149|2026-04-01
55507|1.937|1.717|2.255|2.035|2026-04-01
55511|1.957|1.737|2.27|2.05|2026-04-01
55514|2.054|1.774|2.384|2.104|2026-04-01
55516|1.829|NA|2.109|NA|2026-04-01
55517|2.059|1.859|2.359|2.159|2026-04-01
55518|NA|1.739|NA|1.979|2026-04-01
55519|NA|1.717|NA|2.037|2026-04-01
55520|1.839|1.839|2.189|2.189|2026-04-01
55522|NA|1.802|NA|2.152|2026-04-01
55523|NA|1.779|NA|2.149|2026-04-01
55525|1.989|1.789|2.299|2.099|2026-04-01
55527|1.749|1.749|2.069|2.069|2026-04-01
55528|1.779|1.779|2.119|2.119|2026-04-01
55530|NA|1.739|NA|2.059|2026-04-01
55532|1.799|1.799|2.099|2.099|2026-04-01
55533|1.735|1.735|NA|NA|2026-04-01
55534|2.054|1.779|2.404|2.114|2026-04-01
55535|NA|1.789|NA|2.179|2026-04-01
55538|NA|1.85|NA|2.1|2026-04-01
55540|2.079|1.729|2.429|2.079|2026-04-01
55541|1.749|1.749|1.999|1.999|2026-04-01
55542|1.849|1.699|2.219|2.069|2026-04-01
55543|1.799|NA|2.019|NA|2026-04-01
55545|1.769|1.769|1.869|1.869|2026-04-01
55547|1.735|NA|2.055|NA|2026-04-01
55549|1.949|1.749|2.329|2.129|2026-04-01
55550|NA|1.698|NA|2.018|2026-04-01
55553|1.789|1.789|2.129|2.129|2026-04-01
55554|NA|1.779|NA|2.119|2026-04-01
55556|1.789|1.789|2.119|2.119|2026-04-01
55560|1.719|1.719|2.079|2.079|2026-04-01
55562|NA|1.749|NA|2.099|2026-04-01
55563|1.92|1.695|2.21|1.985|2026-04-01
55568|NA|1.799|NA|2.119|2026-04-01
55569|1.797|1.797|2.139|2.139|2026-04-01
55570|1.979|1.764|2.289|2.074|2026-04-01
55571|NA|1.769|NA|2.099|2026-04-01
55572|NA|1.739|NA|2.069|2026-04-01
55574|1.979|1.769|2.309|2.099|2026-04-01
55576|1.925|1.745|2.275|2.095|2026-04-01
55578|1.999|NA|2.209|NA|2026-04-01
55579|1.759|NA|2.079|NA|2026-04-01
55583|NA|1.765|NA|2.055|2026-04-01
55585|NA|1.839|NA|2.159|2026-04-01
55588|2.154|1.849|2.389|2.089|2026-04-01
55590|1.727|1.727|2.037|2.037|2026-04-01
55591|1.689|1.689|2.019|2.019|2026-04-01
55592|1.927|1.717|2.243|2.033|2026-04-01
55595|1.789|1.789|2.099|2.099|2026-04-01
55601|NA|1.719|NA|2.059|2026-04-01
55602|1.949|1.739|2.309|2.099|2026-04-01
55603|2.139|1.889|2.349|2.099|2026-04-01
55604|NA|1.699|NA|2.069|2026-04-01
55605|1.759|1.759|2.049|2.049|2026-04-01
55606|1.759|NA|2.049|NA|2026-04-01
55607|1.957|1.737|2.273|2.053|2026-04-01
55608|1.932|1.732|2.272|2.072|2026-04-01
55609|1.932|1.732|2.272|2.072|2026-04-01
55613|1.949|1.739|2.309|2.099|2026-04-01
55615|1.879|1.749|2.179|2.049|2026-04-01
55616|1.999|1.799|2.349|2.149|2026-04-01
55621|1.787|1.787|2.072|2.072|2026-04-01
55626|NA|1.799|NA|2.139|2026-04-01
55630|1.937|1.717|2.255|2.035|2026-04-01
55632|1.979|1.729|2.279|2.029|2026-04-01
55633|1.719|1.719|2.059|2.059|2026-04-01
55634|NA|1.789|NA|2.119|2026-04-01
55636|2.059|1.759|2.399|2.099|2026-04-01
55637|1.942|1.732|2.258|2.048|2026-04-01
55638|1.849|1.699|2.149|1.999|2026-04-01
55642|1.922|1.712|2.238|2.028|2026-04-01
55643|1.879|1.779|2.209|2.109|2026-04-01
55645|1.889|1.679|2.269|2.059|2026-04-01
55646|1.719|NA|2.089|NA|2026-04-01
55647|NA|1.849|NA|2.159|2026-04-01
55648|1.768|1.768|2.138|2.138|2026-04-01
55649|1.969|1.799|2.319|2.149|2026-04-01
55650|1.889|1.689|2.259|2.059|2026-04-01
55651|1.749|1.749|2.099|2.099|2026-04-01
55652|2.009|1.759|2.329|2.079|2026-04-01
55655|1.94|1.72|2.253|2.033|2026-04-01
55656|NA|1.749|NA|2.059|2026-04-01
55657|1.694|1.694|2.049|2.049|2026-04-01
55658|1.939|1.789|2.309|2.159|2026-04-01
55659|2.169|1.969|2.099|1.889|2026-04-01
55661|1.957|1.737|2.269|2.049|2026-04-01
55663|NA|1.726|NA|2.086|2026-04-01
55666|2.019|1.819|2.309|2.109|2026-04-01
55667|1.947|1.737|2.263|2.053|2026-04-01
55669|NA|1.759|NA|2.159|2026-04-01
55671|1.899|1.699|2.269|2.069|2026-04-01
55672|1.819|1.819|2.149|2.149|2026-04-01
55673|NA|1.735|NA|2.035|2026-04-01
55675|1.839|1.739|2.199|2.099|2026-04-01
55676|1.737|1.737|2.047|2.047|2026-04-01
55678|1.719|1.719|2.059|2.059|2026-04-01
55679|1.859|1.659|1.869|1.669|2026-04-01
55681|NA|1.779|NA|2.099|2026-04-01
55688|1.889|1.679|2.259|2.049|2026-04-01
55690|NA|1.749|NA|2.099|2026-04-01
55693|NA|1.737|NA|2.067|2026-04-01
55696|1.94|1.715|2.24|2.015|2026-04-01
55698|NA|2.099|NA|NA|2026-04-01
55699|1.769|1.769|1.999|1.999|2026-04-01
55700|1.937|1.717|2.265|2.045|2026-04-01
55701|NA|1.729|NA|2.059|2026-04-01
55702|1.769|1.699|2.149|2.079|2026-04-01
55703|NA|1.759|NA|2.059|2026-04-01
55706|1.759|1.759|2.099|2.099|2026-04-01
55707|NA|1.749|NA|2.129|2026-04-01
55709|1.897|1.697|2.227|2.027|2026-04-01
55710|1.809|1.729|2.139|2.059|2026-04-01
55711|2.067|1.837|2.427|2.197|2026-04-01
55712|1.929|1.729|2.289|2.089|2026-04-01
55713|2.049|1.829|2.419|2.199|2026-04-01
55716|1.922|1.712|2.238|2.028|2026-04-01
55720|1.93|1.72|2.245|2.035|2026-04-01
55721|NA|1.779|NA|2.099|2026-04-01
55722|1.957|1.737|2.255|2.035|2026-04-01
55725|1.769|1.769|2.149|2.149|2026-04-01
55727|1.959|1.759|2.189|1.989|2026-04-01
55728|1.829|1.729|2.179|2.079|2026-04-01
55732|1.945|1.725|2.253|2.033|2026-04-01
55733|1.969|1.759|2.265|2.055|2026-04-01
55734|NA|1.725|NA|2.045|2026-04-01
55738|NA|1.689|NA|2.049|2026-04-01
55739|1.979|1.729|2.279|2.029|2026-04-01
55740|2.129|1.779|2.509|2.159|2026-04-01
55741|NA|1.759|NA|2.129|2026-04-01
55748|1.947|1.732|2.25|2.035|2026-04-01
55758|2.039|1.789|2.409|2.159|2026-04-01
55759|1.947|1.737|2.273|2.053|2026-04-01
55760|2.028|1.728|2.338|2.038|2026-04-01
55761|1.986|1.786|2.316|2.116|2026-04-01
55762|1.989|1.779|2.319|2.109|2026-04-01
55763|1.958|1.658|1.878|1.578|2026-04-01
55764|NA|1.799|NA|2.089|2026-04-01
55765|1.718|1.718|2.048|2.048|2026-04-01
55766|1.718|1.718|2.048|2.048|2026-04-01
55767|1.799|1.799|1.999|1.999|2026-04-01
55768|1.999|1.799|2.349|2.149|2026-04-01
55771|2.285|1.89|2.552|2.157|2026-04-01
55772|1.718|1.718|2.087|2.087|2026-04-01
55773|1.95|1.73|2.253|2.033|2026-04-01
55774|NA|1.739|NA|2.059|2026-04-01
55775|1.819|1.819|1.779|1.779|2026-04-01
55782|1.86|1.86|2.13|2.13|2026-04-01
55783|NA|1.749|NA|2.079|2026-04-01
55784|1.799|1.799|2.159|2.159|2026-04-01
55785|1.819|1.819|2.249|2.099|2026-04-01
55786|NA|1.737|NA|NA|2026-04-01
55787|1.922|1.712|2.24|2.03|2026-04-01
55788|2.039|1.739|2.379|2.079|2026-04-01
55789|NA|1.769|NA|2.159|2026-04-01
55790|NA|1.799|NA|2.099|2026-04-01
55795|NA|1.799|NA|2.079|2026-04-01
55796|1.769|1.769|2.069|2.069|2026-04-01
55798|1.999|1.999|2.259|2.259|2026-04-01
55800|1.739|1.739|2.079|2.079|2026-04-01
55803|1.942|1.732|2.238|2.028|2026-04-01
55805|1.949|1.699|2.249|1.999|2026-04-01
55806|NA|1.779|NA|2.129|2026-04-01
55807|NA|1.889|NA|1.999|2026-04-01
55811|NA|1.732|NA|2.048|2026-04-01
55814|1.925|1.745|2.275|2.095|2026-04-01
55816|1.942|1.732|2.273|2.063|2026-04-01
55817|2.039|1.839|2.329|2.129|2026-04-01
55819|1.779|1.779|2.139|2.139|2026-04-01
55823|NA|1.779|NA|2.099|2026-04-01
55824|NA|1.735|NA|2.015|2026-04-01
55825|1.999|1.799|2.319|2.119|2026-04-01
55830|1.989|1.739|2.249|1.999|2026-04-01
55831|1.915|1.695|2.279|2.059|2026-04-01
55832|1.818|1.719|2.238|2.139|2026-04-01
55833|1.909|1.689|2.269|2.049|2026-04-01
55835|1.767|1.767|2.103|2.103|2026-04-01
55836|1.999|1.799|2.349|2.149|2026-04-01
55837|1.869|1.769|2.189|2.089|2026-04-01
55843|NA|1.789|NA|1.999|2026-04-01
55846|NA|1.824|NA|2.084|2026-04-01
55850|1.937|1.717|2.255|2.035|2026-04-01
55852|1.909|1.769|2.239|2.099|2026-04-01
55855|NA|1.739|NA|1.989|2026-04-01
55856|1.799|1.799|2.109|2.109|2026-04-01
55857|1.764|1.764|2.035|2.035|2026-04-01
55858|1.989|1.789|2.269|2.069|2026-04-01
55859|NA|1.839|NA|2.129|2026-04-01
55860|1.939|1.739|2.309|2.109|2026-04-01
55862|1.794|1.694|2.096|1.996|2026-04-01
55863|1.789|1.789|2.089|2.089|2026-04-01
55865|NA|1.719|NA|1.999|2026-04-01
55866|1.699|1.699|2.069|2.069|2026-04-01
55867|NA|1.697|NA|2.057|2026-04-01
55868|1.719|1.719|2.089|2.089|2026-04-01
55869|1.687|1.687|2.045|2.045|2026-04-01
55870|1.995|1.785|2.329|2.119|2026-04-01
55876|1.919|1.719|2.269|2.069|2026-04-01
55879|1.829|1.829|2.139|2.139|2026-04-01
55880|2.119|1.919|2.299|2.199|2026-04-01
55881|1.95|1.73|2.253|2.033|2026-04-01
55882|NA|1.773|NA|2.074|2026-04-01
55884|1.859|NA|2.199|NA|2026-04-01
55886|NA|1.789|NA|2.089|2026-04-01
55891|1.869|1.729|2.229|2.089|2026-04-01
55892|NA|1.799|NA|2.159|2026-04-01
55894|1.959|1.759|2.259|2.059|2026-04-01
55895|NA|1.759|NA|2.099|2026-04-01
55896|1.995|1.785|2.309|2.099|2026-04-01
55900|NA|1.715|NA|2.069|2026-04-01
55901|1.957|1.737|2.291|2.071|2026-04-01
55902|NA|1.699|NA|2.059|2026-04-01
55903|1.789|1.699|2.139|2.049|2026-04-01
55904|2.089|1.889|2.059|1.859|2026-04-01
55905|1.859|1.859|2.099|2.099|2026-04-01
55909|1.779|1.779|2.119|2.119|2026-04-01
55910|1.779|1.779|2.159|2.159|2026-04-01
55911|NA|1.639|NA|1.879|2026-04-01
55912|1.942|1.732|2.25|2.04|2026-04-01
55913|NA|1.739|NA|2.039|2026-04-01
55915|1.889|1.889|2.099|2.099|2026-04-01
55918|2.069|1.819|2.349|2.099|2026-04-01
55919|2.069|1.819|2.349|2.099|2026-04-01
55932|1.669|1.669|1.939|1.939|2026-04-01
55937|NA|1.739|NA|2.099|2026-04-01
55938|1.849|1.759|2.179|2.089|2026-04-01
55939|NA|1.689|NA|1.999|2026-04-01
55940|NA|1.749|NA|2.079|2026-04-01
55941|1.759|1.759|2.079|2.079|2026-04-01
55944|1.889|1.739|2.199|2.049|2026-04-01
55945|1.828|1.729|2.238|2.139|2026-04-01
55946|1.999|1.699|2.329|2.029|2026-04-01
55948|2.019|1.769|2.349|2.099|2026-04-01
55949|2.009|1.789|2.159|2.119|2026-04-01
55951|NA|1.719|NA|2.069|2026-04-01
55952|NA|1.749|NA|2.059|2026-04-01
55956|1.859|1.759|2.199|2.099|2026-04-01
55957|NA|1.759|NA|2.069|2026-04-01
55959|NA|1.739|NA|2.099|2026-04-01
55960|1.819|1.819|2.149|2.149|2026-04-01
55961|NA|1.769|NA|2.159|2026-04-01
55962|1.999|1.799|2.319|2.119|2026-04-01
55963|1.779|NA|2.099|NA|2026-04-01
55964|NA|1.719|NA|2.049|2026-04-01
55965|1.729|1.729|1.997|1.997|2026-04-01
55966|1.709|1.709|2.039|2.039|2026-04-01
55967|1.729|1.729|2.029|2.029|2026-04-01
55968|1.979|1.779|2.349|2.149|2026-04-01
55971|NA|1.747|NA|2.089|2026-04-01
55972|1.747|1.747|1.987|1.987|2026-04-01
55975|1.999|1.779|2.369|2.149|2026-04-01
55976|NA|1.719|NA|2.049|2026-04-01
55977|1.885|1.675|2.195|1.985|2026-04-01
55979|1.955|1.735|2.265|2.045|2026-04-01
55980|1.979|1.719|2.279|2.015|2026-04-01
55985|1.957|1.737|2.255|2.035|2026-04-01
55986|2.04|1.815|2.26|2.035|2026-04-01
55987|NA|1.737|NA|2.04|2026-04-01
55988|NA|1.819|NA|2.149|2026-04-01
55989|1.969|1.769|2.299|2.099|2026-04-01
55990|1.989|1.779|2.349|2.139|2026-04-01
55992|1.949|1.779|2.199|2.139|2026-04-01
55994|1.989|1.739|2.349|2.099|2026-04-01
55995|2.077|1.767|2.407|2.087|2026-04-01
55997|1.942|1.732|2.245|2.035|2026-04-01
55998|1.959|1.759|2.309|2.109|2026-04-01
55999|NA|1.719|NA|2.089|2026-04-01
56000|1.769|NA|2.009|NA|2026-04-01
56001|1.739|1.739|2.099|2.099|2026-04-01
56002|NA|1.7|NA|2.064|2026-04-01
56003|1.939|1.729|2.239|2.029|2026-04-01
56005|NA|1.799|NA|2.099|2026-04-01
56006|NA|1.739|NA|2.099|2026-04-01
56007|NA|1.729|NA|1.999|2026-04-01
56011|1.919|1.719|2.279|2.079|2026-04-01
56012|NA|1.658|NA|1.998|2026-04-01
56017|NA|1.739|NA|2.059|2026-04-01
56018|1.669|1.669|1.989|1.989|2026-04-01
56022|1.74|1.74|2.06|2.06|2026-04-01
56024|1.935|1.715|2.245|2.025|2026-04-01
56025|1.925|1.715|2.258|2.048|2026-04-01
56027|1.795|1.795|2.145|2.145|2026-04-01
56030|1.769|1.769|2.099|2.099|2026-04-01
56032|NA|1.729|NA|2.089|2026-04-01
56033|2.139|1.789|2.455|2.105|2026-04-01
56034|1.909|1.659|1.969|1.719|2026-04-01
56036|NA|1.769|NA|2.109|2026-04-01
56037|NA|1.859|NA|2.095|2026-04-01
56039|NA|1.879|NA|2.099|2026-04-01
56041|2.097|1.797|2.397|2.097|2026-04-01
56042|NA|1.769|NA|2.069|2026-04-01
56043|NA|1.789|NA|2.109|2026-04-01
56044|NA|1.719|NA|2.069|2026-04-01
56045|NA|1.729|NA|2.059|2026-04-01
56046|1.959|1.769|2.309|2.119|2026-04-01
56048|1.749|1.749|2.099|2.099|2026-04-01
56049|2.189|1.989|2.409|2.209|2026-04-01
56050|1.945|1.725|2.283|2.045|2026-04-01
56051|NA|1.749|NA|2.119|2026-04-01
56052|2.049|1.749|2.359|2.059|2026-04-01
56053|1.779|1.779|2.079|2.079|2026-04-01
56054|1.999|1.699|2.369|2.069|2026-04-01
56058|1.899|1.829|2.159|2.079|2026-04-01
56059|1.689|1.689|2.039|2.039|2026-04-01
56060|1.778|1.728|2.128|2.078|2026-04-01
56061|2.009|1.756|2.319|2.066|2026-04-01
56062|1.739|1.739|2.039|2.039|2026-04-01
56063|NA|1.759|NA|2.059|2026-04-01
56064|NA|1.799|NA|2.149|2026-04-01
56066|1.749|NA|2.079|NA|2026-04-01
56067|1.805|1.605|2.125|1.925|2026-04-01
56068|2.099|1.799|2.399|2.099|2026-04-01
56070|2.109|1.809|2.389|2.089|2026-04-01
56071|1.759|1.759|2.109|2.109|2026-04-01
56075|1.749|NA|2.029|NA|2026-04-01
56076|2.089|1.759|2.339|2.109|2026-04-01
56078|1.698|1.698|2.025|2.025|2026-04-01
56079|1.819|1.819|1.739|1.739|2026-04-01
56080|NA|1.769|NA|2.129|2026-04-01
56081|1.729|1.729|2.099|2.099|2026-04-01
56082|1.979|1.779|2.299|2.099|2026-04-01
56083|1.769|1.729|2.129|2.089|2026-04-01
56085|1.699|1.699|2.019|2.019|2026-04-01
56087|NA|1.729|NA|2.099|2026-04-01
56088|NA|1.759|NA|2.099|2026-04-01
56089|NA|1.829|NA|2.179|2026-04-01
56090|NA|1.759|NA|2.159|2026-04-01
56091|1.959|1.719|2.269|2.029|2026-04-01
56092|2.059|1.829|2.339|2.109|2026-04-01
56094|1.879|1.679|2.179|1.979|2026-04-01
56096|1.959|1.749|2.249|2.039|2026-04-01
56097|1.869|1.769|2.199|2.099|2026-04-01
56098|1.739|1.739|2.049|2.049|2026-04-01
56099|1.999|1.799|2.329|2.129|2026-04-01
56100|1.969|1.769|2.299|2.099|2026-04-01
56102|NA|1.759|NA|2.129|2026-04-01
56103|NA|1.719|NA|2.069|2026-04-01
56105|NA|1.752|NA|2.01|2026-04-01
56106|1.889|1.889|2.089|2.089|2026-04-01
56107|2.009|1.789|2.339|2.119|2026-04-01
56108|1.967|1.747|2.273|2.053|2026-04-01
56112|1.927|NA|1.887|NA|2026-04-01
56113|1.749|NA|2.059|NA|2026-04-01
56114|1.697|1.697|2.054|2.054|2026-04-01
56115|1.952|1.742|2.258|2.048|2026-04-01
56116|1.952|1.742|2.258|2.048|2026-04-01
56117|NA|1.799|NA|2.099|2026-04-01
56118|NA|1.739|NA|2.039|2026-04-01
56119|1.859|NA|2.179|NA|2026-04-01
56120|1.779|1.779|2.179|2.179|2026-04-01
56123|1.689|NA|2.039|NA|2026-04-01
56127|2.006|1.796|2.316|2.106|2026-04-01
56130|1.942|1.732|2.235|2.035|2026-04-01
56131|1.957|1.737|2.273|2.053|2026-04-01
56132|NA|1.835|NA|2.139|2026-04-01
56133|1.997|NA|2.375|NA|2026-04-01
56134|1.969|1.779|2.289|2.099|2026-04-01
56137|1.949|1.759|2.309|2.119|2026-04-01
56138|1.955|1.735|2.265|2.045|2026-04-01
56141|1.779|1.779|2.149|2.149|2026-04-01
56142|1.799|1.799|2.149|2.149|2026-04-01
56147|1.745|1.745|2.095|2.095|2026-04-01
56151|1.806|1.806|2.086|2.086|2026-04-01
56152|NA|1.789|NA|2.139|2026-04-01
56154|1.942|1.732|2.25|2.04|2026-04-01
56155|1.759|NA|2.059|NA|2026-04-01
56156|1.869|1.719|2.219|2.069|2026-04-01
56157|NA|1.739|NA|2.069|2026-04-01
56158|1.719|1.719|2.059|2.059|2026-04-01
56159|NA|1.749|NA|2.069|2026-04-01
56160|1.909|1.699|2.299|2.089|2026-04-01
56165|1.769|1.709|2.109|2.049|2026-04-01
56167|1.695|1.695|2.025|2.025|2026-04-01
56168|1.935|1.725|2.245|2.035|2026-04-01
56169|NA|1.746|NA|2.199|2026-04-01
56170|1.957|1.737|2.273|2.053|2026-04-01
56171|1.957|1.737|2.265|2.045|2026-04-01
56172|1.939|1.799|1.999|1.999|2026-04-01
56173|NA|1.719|NA|2.019|2026-04-01
56174|1.749|NA|2.119|NA|2026-04-01
56175|1.964|1.719|1.854|1.639|2026-04-01
56179|2.371|NA|2.365|NA|2026-04-01
56180|1.999|1.789|2.299|2.089|2026-04-01
56182|1.799|NA|1.997|NA|2026-04-01
56183|1.729|1.729|2.039|2.039|2026-04-01
56184|1.967|1.767|2.299|2.099|2026-04-01
56186|NA|1.689|NA|1.999|2026-04-01
56187|NA|1.689|NA|1.999|2026-04-01
56188|NA|1.689|NA|1.999|2026-04-01
56190|NA|1.739|NA|2.019|2026-04-01
56191|1.869|1.719|2.189|2.039|2026-04-01
56193|1.929|1.739|2.289|2.099|2026-04-01
56195|NA|1.999|NA|2.159|2026-04-01
56196|NA|1.999|NA|2.159|2026-04-01
56197|1.939|1.739|2.359|2.159|2026-04-01
56198|2.019|1.819|2.389|2.189|2026-04-01
56200|2.039|1.839|2.299|2.099|2026-04-01
56202|1.749|NA|2.099|NA|2026-04-01
56203|1.759|NA|2.089|NA|2026-04-01
56204|1.779|1.779|2.129|2.129|2026-04-01
56207|1.799|1.799|2.099|2.099|2026-04-01
56208|1.809|1.809|2.059|2.059|2026-04-01
56209|1.949|1.749|2.219|2.019|2026-04-01
56210|1.749|1.749|2.079|2.079|2026-04-01
56212|1.839|1.739|2.199|2.099|2026-04-01
56213|1.729|1.729|2.039|2.039|2026-04-01
56215|1.95|1.73|2.253|2.033|2026-04-01
56216|2.029|1.779|2.399|2.149|2026-04-01
56217|1.747|1.747|2.068|2.068|2026-04-01
56219|1.769|1.769|2.089|2.089|2026-04-01
56222|1.869|1.869|2.069|2.069|2026-04-01
56224|1.699|1.699|2.039|2.039|2026-04-01
56231|1.96|1.735|2.253|2.028|2026-04-01
56232|1.959|1.759|2.299|2.099|2026-04-01
56233|NA|1.719|NA|2.059|2026-04-01
56234|1.869|1.739|2.199|2.069|2026-04-01
56235|1.789|1.789|1.989|1.989|2026-04-01
56236|1.759|1.759|2.059|2.059|2026-04-01
56238|1.739|1.739|2.069|2.069|2026-04-01
56240|1.952|1.732|2.255|2.035|2026-04-01
56241|1.659|1.659|1.979|1.979|2026-04-01
56242|NA|1.739|NA|2.099|2026-04-01
56243|NA|1.729|NA|2.099|2026-04-01
56244|1.927|1.717|2.243|2.033|2026-04-01
56248|NA|1.719|NA|2.079|2026-04-01
56250|NA|1.679|NA|2.059|2026-04-01
56252|1.739|NA|2.119|NA|2026-04-01
56253|NA|1.725|NA|2.025|2026-04-01
56257|1.749|NA|2.049|NA|2026-04-01
56259|NA|1.739|NA|1.799|2026-04-01
56261|NA|1.749|NA|2.099|2026-04-01
56262|NA|1.689|NA|2.029|2026-04-01
56263|1.889|1.739|2.279|2.129|2026-04-01
56265|1.949|1.759|2.319|2.129|2026-04-01
56271|2.079|1.779|2.379|2.079|2026-04-01
56274|1.789|1.789|2.129|2.129|2026-04-01
56275|1.959|1.759|2.299|2.099|2026-04-01
56276|1.949|1.739|2.349|2.139|2026-04-01
56278|1.949|1.739|2.329|2.119|2026-04-01
56279|1.688|1.688|2.038|2.038|2026-04-01
56287|1.814|1.694|2.187|2.067|2026-04-01
56288|NA|1.779|NA|2.139|2026-04-01
56293|1.859|NA|2.059|NA|2026-04-01
56294|NA|1.699|NA|2.079|2026-04-01
56298|1.719|1.699|2.079|2.059|2026-04-01
56299|1.989|1.799|2.229|1.999|2026-04-01
56300|1.979|1.799|2.279|2.099|2026-04-01
56301|1.889|1.769|2.199|2.079|2026-04-01
56302|1.769|1.769|2.099|2.099|2026-04-01
56303|1.929|1.799|2.129|1.999|2026-04-01
56308|2.009|1.789|2.269|2.049|2026-04-01
56309|2.149|1.899|2.439|2.189|2026-04-01
56314|1.799|1.799|2.179|2.179|2026-04-01
56317|1.699|NA|2.059|NA|2026-04-01
56320|1.699|NA|2.059|NA|2026-04-01
56322|NA|1.78|NA|2.07|2026-04-01
56324|1.919|1.719|2.239|2.039|2026-04-01
56325|1.737|1.737|2.057|2.057|2026-04-01
56326|1.969|1.749|2.329|2.109|2026-04-01
56327|1.769|1.769|2.099|2.099|2026-04-01
56328|1.749|1.749|2.059|2.059|2026-04-01
56329|1.957|1.737|2.273|2.053|2026-04-01
56331|1.849|1.749|2.129|2.029|2026-04-01
56332|1.899|1.709|2.259|2.069|2026-04-01
56334|NA|1.769|NA|2.099|2026-04-01
56337|1.876|1.876|2.176|2.176|2026-04-01
56342|1.684|NA|1.999|NA|2026-04-01
56343|NA|1.769|NA|2.099|2026-04-01
56345|2.049|1.799|2.399|2.149|2026-04-01
56346|2.005|1.755|2.325|2.075|2026-04-01
56347|NA|1.789|NA|2.169|2026-04-01
56350|1.708|NA|2.068|NA|2026-04-01
56351|NA|1.779|NA|2.149|2026-04-01
56353|1.957|1.737|2.273|2.053|2026-04-01
56355|1.929|1.799|2.229|2.099|2026-04-01
56356|2.099|1.799|2.449|2.149|2026-04-01
56357|NA|1.735|NA|2.025|2026-04-01
56358|1.759|1.759|2.099|2.099|2026-04-01
56359|NA|1.737|NA|2.035|2026-04-01
56360|1.937|1.717|2.265|2.045|2026-04-01
56361|2.069|1.819|2.419|2.169|2026-04-01
56362|1.758|1.758|2.098|2.098|2026-04-01
56363|NA|1.737|NA|2.053|2026-04-01
56369|1.869|1.709|2.159|1.999|2026-04-01
56370|NA|1.759|NA|2.059|2026-04-01
56371|1.957|1.737|2.255|2.035|2026-04-01
56372|1.939|1.729|2.249|2.039|2026-04-01
56373|1.739|1.739|2.049|2.049|2026-04-01
56374|1.959|1.799|2.129|2.099|2026-04-01
56375|1.689|1.689|2.029|2.029|2026-04-01
56376|1.908|1.708|2.208|2.008|2026-04-01
56378|1.779|NA|2.139|NA|2026-04-01
56379|NA|1.699|NA|2.039|2026-04-01
56380|1.799|1.799|2.099|2.099|2026-04-01
56381|1.729|1.729|2.069|2.069|2026-04-01
56383|1.779|1.779|2.109|2.109|2026-04-01
56384|NA|1.699|NA|2.029|2026-04-01
56385|1.764|1.764|2.035|2.035|2026-04-01
56386|1.959|1.759|2.349|2.149|2026-04-01
56387|1.797|NA|2.097|NA|2026-04-01
56388|1.759|1.759|2.079|2.079|2026-04-01
56389|1.739|1.739|2.099|2.099|2026-04-01
56390|1.945|1.735|2.245|2.035|2026-04-01
56391|1.799|1.799|1.999|1.999|2026-04-01
56392|1.799|1.699|2.129|2.029|2026-04-01
56393|NA|1.769|NA|2.089|2026-04-01
56394|1.899|1.899|2.129|2.129|2026-04-01
56396|1.919|1.769|2.229|2.079|2026-04-01
56397|1.759|1.759|2.129|2.129|2026-04-01
56398|1.972|1.762|2.335|2.125|2026-04-01
56399|1.969|1.759|2.309|2.099|2026-04-01
56404|1.819|1.729|2.179|2.089|2026-04-01
56405|NA|1.705|NA|2.035|2026-04-01
56413|1.839|1.739|2.199|2.099|2026-04-01
56415|NA|1.739|NA|2.129|2026-04-01
56419|1.829|1.829|2.129|2.129|2026-04-01
56420|2.009|1.809|2.309|2.109|2026-04-01
56422|1.957|1.737|2.273|2.053|2026-04-01
56423|1.95|1.73|2.253|2.033|2026-04-01
56424|1.94|1.73|2.243|2.033|2026-04-01
56425|1.899|NA|2.159|NA|2026-04-01
56426|NA|1.839|NA|NA|2026-04-01
56427|1.999|1.799|2.349|2.149|2026-04-01
56428|1.955|1.745|2.265|2.055|2026-04-01
56431|2.017|1.799|2.297|2.079|2026-04-01
56434|1.979|1.759|2.319|2.099|2026-04-01
56436|1.739|1.739|2.059|2.059|2026-04-01
56437|NA|1.759|NA|2.169|2026-04-01
56438|1.957|1.737|2.27|2.049|2026-04-01
56439|1.849|1.699|2.229|2.079|2026-04-01
56440|1.789|1.789|2.099|2.099|2026-04-01
56441|1.929|1.739|2.219|2.029|2026-04-01
56442|NA|1.75|NA|1.97|2026-04-01
56443|1.839|1.839|2.099|2.099|2026-04-01
56444|NA|1.767|NA|2.107|2026-04-01
56446|1.955|1.735|2.253|2.033|2026-04-01
56448|1.739|1.739|1.999|1.999|2026-04-01
56449|1.729|1.729|2.059|2.059|2026-04-01
56451|1.999|1.789|2.309|2.099|2026-04-01
56452|1.899|1.799|2.249|2.149|2026-04-01
56453|1.979|1.779|2.289|2.089|2026-04-01
56454|1.989|1.779|2.319|2.109|2026-04-01
56455|NA|1.739|NA|2.069|2026-04-01
56456|1.799|1.799|1.999|1.999|2026-04-01
56459|NA|1.679|NA|2.029|2026-04-01
56465|NA|1.739|NA|2.069|2026-04-01
56466|1.959|1.759|2.279|2.079|2026-04-01
56468|NA|1.789|NA|2.099|2026-04-01
56470|1.744|1.674|1.744|1.744|2026-04-01
56472|1.759|NA|2.079|NA|2026-04-01
56474|2.239|1.929|2.529|2.219|2026-04-01
56475|1.769|1.769|2.099|2.099|2026-04-01
56479|1.779|1.779|2.099|2.099|2026-04-01
56480|1.799|1.799|2.099|2.099|2026-04-01
56481|1.899|1.899|2.199|2.199|2026-04-01
56483|NA|1.699|NA|2.049|2026-04-01
56485|1.729|1.729|2.077|2.077|2026-04-01
56486|1.947|1.737|2.255|2.045|2026-04-01
56487|NA|1.799|NA|2.109|2026-04-01
56488|1.879|1.729|2.219|2.069|2026-04-01
56489|1.859|1.759|2.159|2.059|2026-04-01
56492|1.819|1.719|2.189|2.089|2026-04-01
56494|NA|1.739|NA|2.059|2026-04-01
56495|NA|1.739|NA|2.059|2026-04-01
56496|1.719|1.719|2.069|2.069|2026-04-01
56501|NA|1.769|NA|2.099|2026-04-01
56503|NA|1.729|NA|2.049|2026-04-01
56504|1.899|1.699|2.239|2.039|2026-04-01
56505|NA|1.765|NA|2.115|2026-04-01
56507|1.729|1.729|2.099|2.099|2026-04-01
56508|1.838|1.738|2.198|2.098|2026-04-01
56512|1.769|1.769|2.099|2.099|2026-04-01
56513|NA|1.999|NA|2.109|2026-04-01
56516|1.959|1.769|2.309|2.119|2026-04-01
56517|1.879|1.749|2.209|2.079|2026-04-01
56518|1.749|1.749|2.059|2.059|2026-04-01
56519|1.779|1.729|2.089|2.039|2026-04-01
56521|NA|1.739|NA|2.039|2026-04-01
56522|1.789|1.739|NA|2.039|2026-04-01
56523|1.789|1.739|NA|2.019|2026-04-01
56524|1.899|1.699|2.269|2.069|2026-04-01
56525|1.749|1.699|2.049|1.999|2026-04-01
56526|1.819|1.769|2.139|2.089|2026-04-01
56528|1.779|1.729|2.049|1.999|2026-04-01
56529|1.779|1.729|2.039|1.989|2026-04-01
56532|1.935|1.685|2.155|1.905|2026-04-01
56533|NA|1.759|NA|2.099|2026-04-01
56536|1.937|1.717|2.255|2.035|2026-04-01
56538|1.719|1.719|2.089|2.089|2026-04-01
56540|2.001|1.769|2.311|2.079|2026-04-01
56541|1.935|1.725|2.245|2.035|2026-04-01
56542|1.935|1.725|2.245|2.035|2026-04-01
56544|NA|1.739|NA|2.069|2026-04-01
56547|2.009|1.809|2.349|2.149|2026-04-01
56548|1.945|1.725|2.255|2.035|2026-04-01
56558|1.824|1.699|2.184|2.059|2026-04-01
56559|1.957|1.737|2.291|2.071|2026-04-01
56562|NA|1.769|NA|2.099|2026-04-01
56563|2.009|1.759|2.359|2.109|2026-04-01
56566|2.019|1.819|2.349|2.149|2026-04-01
56567|1.939|1.749|2.289|2.099|2026-04-01
56568|1.839|1.699|2.189|2.049|2026-04-01
56570|1.749|1.689|2.109|2.049|2026-04-01
56571|1.942|1.732|2.255|2.045|2026-04-01
56572|1.999|1.799|2.289|2.089|2026-04-01
56574|NA|1.739|NA|2.099|2026-04-01
56578|NA|1.729|NA|2.089|2026-04-01
56582|1.967|1.747|2.273|2.053|2026-04-01
56584|NA|1.749|NA|2.119|2026-04-01
56586|NA|1.759|NA|2.079|2026-04-01
56591|1.757|1.757|2.169|2.169|2026-04-01
56592|1.789|1.789|2.079|2.079|2026-04-01
56593|NA|1.869|NA|2.179|2026-04-01
56594|1.957|1.737|2.255|2.035|2026-04-01
56595|1.959|1.749|2.269|2.059|2026-04-01
56599|1.738|1.688|2.098|2.048|2026-04-01
56602|1.777|1.677|2.099|1.999|2026-04-01
56603|1.957|1.737|2.273|2.053|2026-04-01
56604|NA|1.779|NA|2.149|2026-04-01
56605|1.945|1.73|2.228|2.013|2026-04-01
56609|1.973|1.739|2.323|2.089|2026-04-01
56611|1.949|1.739|2.309|2.099|2026-04-01
56617|NA|1.749|NA|2.119|2026-04-01
56618|NA|1.759|NA|2.099|2026-04-01
56623|2.059|1.839|2.359|2.139|2026-04-01
56625|1.938|1.728|2.302|2.092|2026-04-01
56626|1.947|1.737|2.23|2.02|2026-04-01
56627|1.749|1.749|2.079|2.079|2026-04-01
56628|1.719|1.719|2.099|2.099|2026-04-01
56629|1.864|1.714|2.184|2.034|2026-04-01
56630|1.929|NA|1.989|NA|2026-04-01
56631|1.864|1.714|2.184|2.034|2026-04-01
56633|NA|1.699|NA|2.079|2026-04-01
56637|1.967|1.756|2.317|2.106|2026-04-01
56638|NA|1.739|NA|2.129|2026-04-01
56644|NA|1.779|NA|2.099|2026-04-01
56645|NA|1.729|NA|1.989|2026-04-01
56646|NA|1.669|NA|2.019|2026-04-01
56652|1.957|1.737|2.291|2.071|2026-04-01
56654|1.759|1.759|2.099|2.099|2026-04-01
56655|1.869|1.729|NA|NA|2026-04-01
56656|NA|1.739|NA|NA|2026-04-01
56657|NA|1.739|NA|NA|2026-04-01
56658|NA|1.849|NA|2.049|2026-04-01
56660|1.942|1.732|2.258|2.048|2026-04-01
56661|1.769|1.769|2.099|2.099|2026-04-01
56663|NA|1.759|NA|2.089|2026-04-01
56664|1.879|1.729|2.239|2.089|2026-04-01
56666|1.929|1.729|2.289|2.089|2026-04-01
56667|2.009|1.809|2.279|2.079|2026-04-01
56668|2.029|1.779|2.399|2.149|2026-04-01
56671|2.099|1.849|2.429|2.179|2026-04-01
56673|1.719|1.719|2.059|2.059|2026-04-01
56675|1.799|NA|2.099|NA|2026-04-01
56676|NA|1.759|NA|2.119|2026-04-01
56677|1.919|1.739|2.259|2.099|2026-04-01
56678|1.797|1.797|2.037|2.037|2026-04-01
56679|NA|1.689|NA|2.039|2026-04-01
56680|1.729|1.729|2.059|2.059|2026-04-01
56683|NA|1.769|NA|2.099|2026-04-01
56684|1.937|1.717|2.253|2.029|2026-04-01
56685|NA|1.759|NA|2.099|2026-04-01
56686|1.942|1.732|2.238|2.028|2026-04-01
56688|1.942|1.732|2.258|2.048|2026-04-01
56689|NA|1.779|NA|2.099|2026-04-01
56690|1.729|1.729|2.039|2.039|2026-04-01
56691|1.957|1.737|2.273|2.053|2026-04-01
56693|1.799|1.799|2.099|2.099|2026-04-01
56694|1.799|1.799|2.099|2.099|2026-04-01
56696|NA|1.749|NA|2.089|2026-04-01
56697|1.699|1.699|2.029|2.029|2026-04-01
56700|NA|1.677|NA|2.037|2026-04-01
56704|2.039|1.789|2.369|2.119|2026-04-01
56705|1.829|1.729|2.099|1.999|2026-04-01
56706|1.779|1.759|2.139|2.119|2026-04-01
56708|2.039|1.799|2.389|2.149|2026-04-01
56709|1.749|1.749|2.099|2.099|2026-04-01
56713|2.029|1.839|2.309|2.119|2026-04-01
56717|1.957|1.737|2.273|2.053|2026-04-01
56718|NA|1.759|NA|2.129|2026-04-01
56722|1.799|1.699|2.129|2.029|2026-04-01
56723|NA|1.759|NA|2.099|2026-04-01
56724|NA|1.739|NA|2.099|2026-04-01
56727|NA|1.709|NA|2.099|2026-04-01
56728|1.967|1.747|2.275|2.055|2026-04-01
56729|1.769|1.769|2.079|2.079|2026-04-01
56730|2.088|1.828|2.518|2.258|2026-04-01
56731|NA|1.899|NA|2.1|2026-04-01
56732|1.94|1.72|2.233|2.013|2026-04-01
56733|1.959|1.759|2.339|2.139|2026-04-01
56735|1.739|NA|2.059|NA|2026-04-01
56736|1.785|1.785|2.103|2.103|2026-04-01
56738|1.955|1.735|2.253|2.033|2026-04-01
56740|1.942|1.732|2.258|2.048|2026-04-01
56742|NA|1.725|NA|2.035|2026-04-01
56744|1.937|1.737|2.227|2.027|2026-04-01
56748|1.799|1.799|2.099|2.099|2026-04-01
56749|NA|1.729|NA|2.099|2026-04-01
56750|1.939|1.739|2.269|2.069|2026-04-01
56751|1.779|1.779|2.109|2.109|2026-04-01
56752|NA|1.737|NA|2.073|2026-04-01
56755|1.929|1.749|2.279|2.099|2026-04-01
56756|1.979|1.739|2.319|2.079|2026-04-01
56758|NA|1.819|NA|2.139|2026-04-01
56760|1.919|1.769|2.289|2.139|2026-04-01
56761|NA|1.759|NA|2.099|2026-04-01
56762|1.957|1.737|2.273|2.053|2026-04-01
56763|1.957|1.737|2.265|2.045|2026-04-01
56765|1.779|1.779|2.156|2.156|2026-04-01
56766|1.957|1.737|2.273|2.053|2026-04-01
56769|1.972|1.762|2.288|2.078|2026-04-01
56770|1.799|1.799|2.119|2.119|2026-04-01
56771|2.049|1.799|2.349|2.099|2026-04-01
56772|1.93|1.72|2.25|2.04|2026-04-01
56773|NA|1.769|NA|2.089|2026-04-01
56774|1.889|1.715|2.059|2.035|2026-04-01
56775|1.879|1.729|2.249|2.099|2026-04-01
56780|1.949|1.749|2.259|2.059|2026-04-01
56781|NA|1.849|NA|2.199|2026-04-01
56782|1.979|1.779|2.269|2.069|2026-04-01
56783|NA|1.759|NA|2.059|2026-04-01
56785|1.899|1.799|2.219|2.119|2026-04-01
56786|1.955|1.735|2.255|2.035|2026-04-01
56788|1.967|1.747|2.273|2.053|2026-04-01
56789|1.947|1.737|2.245|2.035|2026-04-01
56790|NA|1.739|NA|2.059|2026-04-01
56791|1.922|1.712|2.245|2.035|2026-04-01
56792|NA|1.826|NA|2.166|2026-04-01
56795|1.999|1.799|2.329|2.129|2026-04-01
56796|1.939|1.729|2.209|1.999|2026-04-01
56797|1.779|1.719|2.149|2.089|2026-04-01
56800|1.744|1.644|2.074|1.974|2026-04-01
56801|NA|1.644|NA|1.974|2026-04-01
56803|1.925|1.745|2.225|2.045|2026-04-01
56804|1.952|1.742|2.268|2.058|2026-04-01
56805|NA|1.739|NA|2.069|2026-04-01
56808|NA|1.739|NA|2.089|2026-04-01
56812|1.879|1.779|2.229|2.129|2026-04-01
56813|NA|1.747|NA|2.045|2026-04-01
56815|1.799|1.799|2.059|2.059|2026-04-01
56818|1.729|NA|2.079|NA|2026-04-01
56819|NA|1.737|NA|2.035|2026-04-01
56820|NA|1.72|NA|2.02|2026-04-01
56823|1.957|1.737|2.245|2.025|2026-04-01
56825|1.769|NA|2.119|NA|2026-04-01
56826|1.789|1.789|2.059|2.059|2026-04-01
56827|1.999|1.759|2.319|2.079|2026-04-01
56828|NA|1.789|NA|2.119|2026-04-01
56830|1.967|1.742|2.273|2.048|2026-04-01
56831|1.97|1.76|2.329|2.119|2026-04-01
56832|1.759|1.759|2.099|2.099|2026-04-01
56834|1.999|1.799|2.259|2.059|2026-04-01
56836|1.999|1.799|2.349|2.149|2026-04-01
56837|1.717|1.717|2.027|2.027|2026-04-01
56838|1.945|1.725|2.253|2.033|2026-04-01
56839|NA|1.819|NA|2.159|2026-04-01
56841|1.813|1.813|2.165|2.165|2026-04-01
56842|1.929|1.779|2.249|2.099|2026-04-01
56843|1.955|1.735|2.273|2.053|2026-04-01
56844|NA|1.735|NA|2.053|2026-04-01
56846|1.697|1.697|2.057|2.057|2026-04-01
56847|1.687|1.687|2.044|2.044|2026-04-01
56848|1.697|1.697|2.057|2.057|2026-04-01
56849|NA|1.697|NA|2.057|2026-04-01
56851|1.949|1.759|2.289|2.099|2026-04-01
56853|1.779|1.729|2.149|2.099|2026-04-01
56854|NA|1.699|NA|2.094|2026-04-01
56856|1.937|1.737|2.227|2.027|2026-04-01
56859|1.889|1.679|1.849|1.639|2026-04-01
56861|1.739|1.739|2.099|2.099|2026-04-01
56862|1.942|1.732|2.255|2.045|2026-04-01
56863|NA|1.658|NA|1.988|2026-04-01
56864|1.957|1.737|2.253|2.033|2026-04-01
56865|1.942|1.732|2.245|2.035|2026-04-01
56866|1.999|1.799|2.399|2.199|2026-04-01
56867|1.947|1.737|2.255|2.045|2026-04-01
56869|2.009|1.799|2.309|2.099|2026-04-01
56871|1.799|1.739|2.179|2.119|2026-04-01
56872|1.942|1.732|2.258|2.048|2026-04-01
56874|NA|1.739|NA|2.059|2026-04-01
56875|1.945|1.725|2.255|2.035|2026-04-01
56876|1.937|1.717|2.255|2.035|2026-04-01
56880|1.799|1.799|2.159|2.159|2026-04-01
56881|1.922|1.712|2.238|2.028|2026-04-01
56882|1.786|1.786|2.088|2.088|2026-04-01
56885|1.945|1.72|2.25|2.025|2026-04-01
56886|1.942|1.732|2.245|2.035|2026-04-01
56888|1.769|NA|2.139|NA|2026-04-01
56890|1.749|1.749|2.129|2.129|2026-04-01
56891|1.789|1.789|2.099|2.099|2026-04-01
56894|1.896|1.896|2.097|2.097|2026-04-01
56895|1.922|1.712|2.238|2.028|2026-04-01
56899|2.246|1.896|2.437|2.087|2026-04-01
56900|1.955|1.735|2.265|2.045|2026-04-01
56901|1.957|1.737|2.273|2.053|2026-04-01
56906|1.799|1.799|2.099|2.099|2026-04-01
56908|1.869|1.719|2.219|2.069|2026-04-01
56909|1.869|1.779|2.189|2.099|2026-04-01
56914|1.769|NA|2.139|NA|2026-04-01
56915|1.697|1.697|1.997|1.997|2026-04-01
56917|1.739|1.739|2.039|2.039|2026-04-01
56920|1.947|1.737|2.229|2.019|2026-04-01
56924|NA|1.819|NA|2.119|2026-04-01
56925|1.759|1.759|2.039|2.039|2026-04-01
56928|NA|1.749|NA|2.149|2026-04-01
56929|1.758|NA|2.098|NA|2026-04-01
56930|1.979|1.779|2.349|2.149|2026-04-01
56932|1.957|1.746|2.337|2.126|2026-04-01
56934|1.799|1.799|2.099|2.099|2026-04-01
56935|1.769|NA|2.099|NA|2026-04-01
56936|1.979|1.759|2.319|2.099|2026-04-01
56937|1.989|1.739|2.389|2.139|2026-04-01
56939|1.739|1.739|2.099|2.099|2026-04-01
56940|1.839|1.839|2.139|2.139|2026-04-01
56942|1.942|1.732|2.245|2.035|2026-04-01
56943|NA|1.779|NA|2.079|2026-04-01
56947|1.719|1.719|2.029|2.029|2026-04-01
56948|1.619|1.619|1.659|1.659|2026-04-01
56949|NA|1.799|NA|2.159|2026-04-01
56953|1.839|1.839|2.109|2.109|2026-04-01
56955|1.729|1.729|2.099|2.099|2026-04-01
56957|1.769|1.769|2.049|2.049|2026-04-01
56958|2.029|1.779|2.399|2.149|2026-04-01
56960|1.749|NA|2.099|NA|2026-04-01
56961|1.949|1.749|2.189|1.989|2026-04-01
56964|NA|1.729|NA|2.049|2026-04-01
56965|NA|1.762|2.288|2.078|2026-04-01
56966|2.013|1.796|2.323|2.099|2026-04-01
56968|NA|1.779|NA|2.099|2026-04-01
56972|1.999|1.789|2.299|2.089|2026-04-01
56973|1.969|1.759|2.329|2.119|2026-04-01
56974|1.699|1.699|1.599|1.599|2026-04-01
56975|1.989|1.779|2.309|2.099|2026-04-01
56976|NA|1.789|NA|2.059|2026-04-01
56977|1.779|1.779|2.099|2.099|2026-04-01
56978|1.759|1.739|2.109|2.089|2026-04-01
56979|1.969|1.719|2.279|2.029|2026-04-01
56980|1.967|1.747|2.283|2.063|2026-04-01
56981|NA|1.739|NA|2.059|2026-04-01
56982|NA|1.699|NA|2.089|2026-04-01
56983|NA|1.729|NA|2.149|2026-04-01
56985|1.845|1.645|2.305|2.105|2026-04-01
56986|1.829|1.829|2.177|2.177|2026-04-01
56989|1.989|1.779|2.309|2.099|2026-04-01
56992|1.799|1.799|2.159|2.159|2026-04-01
56993|NA|1.799|NA|2.149|2026-04-01
56995|1.839|1.699|2.189|2.049|2026-04-01
56997|1.954|1.737|2.27|2.053|2026-04-01
56998|1.839|1.769|2.159|2.089|2026-04-01
56999|NA|1.73|NA|2.03|2026-04-01
57001|1.942|1.732|2.258|2.048|2026-04-01
57002|1.829|1.759|2.069|1.999|2026-04-01
57003|1.738|1.688|2.098|2.048|2026-04-01
57004|1.738|1.688|2.098|2.048|2026-04-01
57010|NA|1.759|NA|1.999|2026-04-01
57011|NA|1.759|NA|1.999|2026-04-01
57012|1.759|1.759|2.099|2.099|2026-04-01
57014|1.899|1.899|2.109|2.109|2026-04-01
57015|NA|1.7|NA|2.015|2026-04-01
57021|1.859|1.859|2.169|2.169|2026-04-01
57023|NA|1.725|NA|2.035|2026-04-01
57024|1.942|1.732|2.255|2.045|2026-04-01
57025|NA|1.769|NA|2.135|2026-04-01
57027|1.799|1.799|2.049|2.049|2026-04-01
57030|NA|1.769|NA|2.019|2026-04-01
57031|1.949|1.749|2.299|2.099|2026-04-01
57033|1.925|1.925|2.215|2.215|2026-04-01
57037|2.029|1.829|2.259|2.059|2026-04-01
57039|NA|1.746|NA|2.052|2026-04-01
57040|1.783|1.783|2.125|2.125|2026-04-01
57041|1.799|NA|2.049|NA|2026-04-01
57043|1.799|1.799|1.999|1.999|2026-04-01
57044|NA|1.769|NA|1.649|2026-04-01
57046|1.857|1.737|2.113|2.053|2026-04-01
57047|1.939|1.729|1.869|1.659|2026-04-01
57051|1.979|1.779|2.349|2.149|2026-04-01
57052|1.999|1.749|2.309|2.059|2026-04-01
57054|1.957|1.737|2.265|2.045|2026-04-01
57055|1.942|1.732|2.258|2.048|2026-04-01
57056|1.937|1.717|2.255|2.035|2026-04-01
57057|1.979|1.735|2.069|2.045|2026-04-01
57058|1.937|1.717|2.238|2.028|2026-04-01
57059|1.869|1.769|2.109|2.109|2026-04-01
57060|NA|1.717|NA|2.033|2026-04-01
57061|1.957|1.737|2.273|2.053|2026-04-01
57062|1.969|1.769|2.249|2.049|2026-04-01
57063|NA|1.739|NA|2.099|2026-04-01
57064|NA|1.739|NA|2.039|2026-04-01
57065|1.939|1.739|2.259|2.059|2026-04-01
57066|1.939|1.739|2.249|2.049|2026-04-01
57072|2.029|1.779|2.389|2.139|2026-04-01
57073|1.942|1.737|2.245|2.04|2026-04-01
57077|1.909|1.759|2.219|2.069|2026-04-01
57078|1.896|NA|2.097|NA|2026-04-01
57081|1.955|1.735|2.253|2.033|2026-04-01
57082|1.942|1.732|2.258|2.048|2026-04-01
57083|NA|1.73|NA|2.03|2026-04-01
57084|1.939|1.729|2.289|2.079|2026-04-01
57085|2.047|1.797|2.347|2.097|2026-04-01
57086|NA|1.728|NA|2.098|2026-04-01
57087|NA|1.739|NA|2.089|2026-04-01
57088|1.979|1.769|2.309|2.099|2026-04-01
57089|1.957|1.737|2.255|2.035|2026-04-01
57090|1.967|1.747|2.283|2.063|2026-04-01
57092|1.929|1.729|2.289|2.089|2026-04-01
57093|1.979|1.759|2.347|2.127|2026-04-01
57094|1.745|1.745|2.065|2.065|2026-04-01
57095|NA|1.715|NA|2.015|2026-04-01
57097|1.759|1.759|2.099|2.099|2026-04-01
57099|1.699|1.699|2.059|2.059|2026-04-01
57100|1.899|1.699|2.299|2.099|2026-04-01
57101|NA|1.697|NA|2.037|2026-04-01
57104|2.054|1.779|2.404|2.114|2026-04-01
57105|2.029|1.779|2.389|2.139|2026-04-01
57107|NA|1.707|NA|2.037|2026-04-01
57108|1.719|1.719|2.099|2.099|2026-04-01
57109|1.949|1.739|2.249|2.039|2026-04-01
57115|1.949|1.719|2.319|2.089|2026-04-01
57118|NA|1.769|NA|1.999|2026-04-01
57120|1.922|1.717|2.24|2.035|2026-04-01
57121|1.969|1.759|2.269|2.059|2026-04-01
57122|1.942|1.732|2.258|2.048|2026-04-01
57124|1.942|1.732|2.245|2.035|2026-04-01
57127|1.839|1.779|2.199|2.139|2026-04-01
57129|2.099|1.999|2.195|2.095|2026-04-01
57131|1.965|1.715|2.285|2.035|2026-04-01
57133|1.839|1.739|2.159|2.059|2026-04-01
57134|2.038|1.788|2.418|2.168|2026-04-01
57135|1.759|NA|2.059|NA|2026-04-01
57136|1.979|1.769|2.289|2.079|2026-04-01
57142|1.799|NA|2.039|NA|2026-04-01
57144|1.848|1.749|2.238|2.139|2026-04-01
57147|NA|1.749|NA|2.069|2026-04-01
57148|1.957|1.737|2.233|2.013|2026-04-01
57149|2.029|1.779|2.369|2.119|2026-04-01
57150|1.898|1.898|2.088|2.088|2026-04-01
57151|1.959|1.769|2.319|2.129|2026-04-01
57152|NA|1.777|NA|2.126|2026-04-01
57154|1.899|1.899|2.109|2.109|2026-04-01
57155|1.739|NA|1.999|NA|2026-04-01
57156|1.739|NA|1.999|NA|2026-04-01
57157|NA|1.979|NA|2.199|2026-04-01
57158|1.679|1.679|2.049|2.049|2026-04-01
57161|NA|1.899|NA|NA|2026-04-01
57162|NA|1.729|NA|2.039|2026-04-01
57163|1.957|1.737|2.26|2.04|2026-04-01
57167|NA|1.769|NA|2.119|2026-04-01
57172|1.759|1.759|2.099|2.099|2026-04-01
57173|1.769|1.769|2.069|2.069|2026-04-01
57174|1.789|1.789|2.089|2.089|2026-04-01
57175|1.789|1.789|2.089|2.089|2026-04-01
57177|1.759|1.759|2.099|2.099|2026-04-01
57178|2.134|1.797|1.994|1.657|2026-04-01
57179|1.999|1.799|2.299|2.099|2026-04-01
57182|NA|1.732|NA|2.035|2026-04-01
57185|1.928|1.868|2.148|2.088|2026-04-01
57187|1.829|1.829|2.099|2.099|2026-04-01
57188|1.959|1.749|2.309|2.099|2026-04-01
57190|NA|1.739|NA|2.079|2026-04-01
57191|1.769|1.769|2.099|2.099|2026-04-01
57192|NA|1.78|NA|2.13|2026-04-01
57196|1.734|1.734|2.054|2.054|2026-04-01
57199|1.839|1.839|2.149|2.149|2026-04-01
57202|1.955|1.775|2.285|2.075|2026-04-01
57203|NA|1.699|NA|2.119|2026-04-01
57204|1.919|1.719|2.269|2.069|2026-04-01
57205|1.889|1.769|2.219|2.099|2026-04-01
57206|2.039|1.789|2.419|2.169|2026-04-01
57208|NA|1.719|NA|1.999|2026-04-01
57209|1.998|1.765|2.368|2.135|2026-04-01
57213|NA|1.75|NA|2.059|2026-04-01
57214|1.899|1.899|2.099|2.099|2026-04-01
57215|NA|1.699|NA|1.999|2026-04-01
57217|NA|1.747|NA|2.077|2026-04-01
57218|NA|1.777|NA|2.099|2026-04-01
57219|NA|1.747|NA|2.077|2026-04-01
57220|1.769|1.749|2.049|2.029|2026-04-01
57221|1.749|1.749|2.139|2.139|2026-04-01
57225|1.697|1.697|1.997|1.997|2026-04-01
57230|1.709|1.709|2.089|2.089|2026-04-01
57233|NA|1.829|NA|2.155|2026-04-01
57237|1.799|1.799|2.131|2.131|2026-04-01
57238|NA|1.718|NA|2.012|2026-04-01
57240|1.929|1.719|2.249|2.039|2026-04-01
57241|NA|1.759|NA|2.099|2026-04-01
57243|NA|1.699|NA|2.019|2026-04-01
57244|NA|1.719|NA|2.079|2026-04-01
57245|NA|1.898|NA|2.198|2026-04-01
57246|NA|1.729|NA|1.599|2026-04-01
57248|NA|1.756|NA|2.046|2026-04-01
57250|NA|1.819|NA|2.149|2026-04-01
57251|NA|1.729|NA|2.059|2026-04-01
57252|1.829|1.619|1.909|1.699|2026-04-01
57253|1.966|1.736|2.325|2.095|2026-04-01
57255|NA|1.789|NA|2.179|2026-04-01
57257|NA|1.829|NA|2.129|2026-04-01
57258|NA|1.737|NA|2.047|2026-04-01
57262|1.759|1.759|2.069|2.069|2026-04-01
57264|1.769|1.769|2.069|2.069|2026-04-01
57265|1.905|1.685|2.235|2.015|2026-04-01
57267|1.778|1.778|2.098|2.098|2026-04-01
57268|1.91|1.76|2.19|2.04|2026-04-01
57269|1.979|1.779|2.299|2.099|2026-04-01
57271|1.804|1.804|2.094|2.094|2026-04-01
57272|1.869|1.739|2.219|2.089|2026-04-01
57273|2.069|1.769|2.399|2.099|2026-04-01
57275|1.949|1.739|2.289|2.079|2026-04-01
57277|1.999|1.759|2.329|2.089|2026-04-01
57278|1.949|1.749|2.279|2.079|2026-04-01
57280|1.889|1.739|2.209|2.059|2026-04-01
57282|NA|1.759|NA|2.149|2026-04-01
57284|1.957|1.737|2.273|2.053|2026-04-01
57285|1.739|1.739|2.059|2.059|2026-04-01
57286|1.729|1.729|2.059|2.059|2026-04-01
57287|1.909|1.719|2.199|2.009|2026-04-01
57288|1.825|1.825|2.155|2.155|2026-04-01
57290|NA|1.779|NA|2.139|2026-04-01
57292|1.95|1.737|2.25|2.04|2026-04-01
57293|NA|1.799|NA|2.099|2026-04-01
57294|1.979|1.769|2.269|2.059|2026-04-01
57295|NA|1.699|NA|2.029|2026-04-01
57300|1.789|1.789|2.169|2.169|2026-04-01
57301|1.739|1.739|2.049|2.049|2026-04-01
57302|1.724|NA|2.024|NA|2026-04-01
57304|NA|1.799|NA|2.149|2026-04-01
57305|1.798|NA|2.099|NA|2026-04-01
57306|1.665|1.665|2.01|2.01|2026-04-01
57309|1.699|1.699|1.889|1.889|2026-04-01
57310|1.949|1.759|2.289|2.099|2026-04-01
57311|1.759|1.759|2.019|2.019|2026-04-01
57313|1.972|1.762|2.288|2.078|2026-04-01
57317|1.729|1.729|2.029|2.029|2026-04-01
57318|1.903|1.686|2.243|2.026|2026-04-01
57319|NA|NA|2.255|2.035|2026-04-01
57320|1.919|1.699|2.279|2.059|2026-04-01
57321|1.929|1.739|2.219|2.029|2026-04-01
57322|NA|1.719|NA|2.069|2026-04-01
57323|1.964|1.739|2.324|2.099|2026-04-01
57324|1.749|1.749|2.099|2.099|2026-04-01
57333|NA|1.729|NA|2.159|2026-04-01
57336|1.729|1.729|2.099|2.099|2026-04-01
57337|NA|1.799|NA|2.129|2026-04-01
57340|1.729|1.729|2.059|2.059|2026-04-01
57342|NA|1.699|NA|2.079|2026-04-01
57343|NA|1.849|NA|2.029|2026-04-01
57344|1.831|1.831|2.067|2.067|2026-04-01
57345|NA|1.719|NA|2.089|2026-04-01
57346|1.929|1.719|2.329|2.119|2026-04-01
57350|NA|1.789|NA|2.159|2026-04-01
57351|NA|1.809|NA|2.079|2026-04-01
57352|1.955|1.735|2.255|2.035|2026-04-01
57353|2.089|1.739|2.439|2.089|2026-04-01
57354|2.107|1.746|2.467|2.106|2026-04-01
57355|1.889|1.679|2.259|2.049|2026-04-01
57356|NA|1.675|NA|1.999|2026-04-01
57358|1.789|1.789|2.089|2.089|2026-04-01
57359|1.957|1.737|2.235|2.033|2026-04-01
57360|NA|1.797|NA|2.137|2026-04-01
57361|1.937|1.717|2.265|2.045|2026-04-01
57362|1.955|1.735|2.255|2.035|2026-04-01
57363|NA|1.759|NA|2.139|2026-04-01
57364|1.989|1.789|2.319|2.119|2026-04-01
57366|1.959|1.779|2.279|2.099|2026-04-01
57369|1.719|NA|2.014|NA|2026-04-01
57373|NA|1.695|NA|2.025|2026-04-01
57374|1.769|NA|2.099|NA|2026-04-01
57375|1.699|1.699|2.039|2.039|2026-04-01
57376|NA|1.699|NA|2.069|2026-04-01
57377|1.699|1.699|2.059|2.059|2026-04-01
57379|1.967|1.747|2.265|2.045|2026-04-01
57380|NA|1.737|NA|2.045|2026-04-01
57381|NA|1.769|NA|2.089|2026-04-01
57382|1.927|1.717|2.245|2.035|2026-04-01
57384|1.999|1.799|2.319|2.119|2026-04-01
57385|1.799|1.799|2.09|2.09|2026-04-01
57387|NA|1.759|NA|2.169|2026-04-01
57388|1.957|1.737|2.273|2.053|2026-04-01
57389|1.957|1.737|2.253|2.033|2026-04-01
57390|1.947|1.727|2.233|2.013|2026-04-01
57391|1.937|1.717|2.255|2.035|2026-04-01
57392|1.937|1.717|2.26|2.04|2026-04-01
57393|1.941|1.72|2.25|NA|2026-04-01
57394|2.009|1.799|2.409|2.199|2026-04-01
57396|1.999|1.799|2.359|2.159|2026-04-01
57399|1.937|1.717|2.265|2.045|2026-04-01
57400|NA|1.719|NA|2.089|2026-04-01
57404|1.942|1.732|2.22|2.01|2026-04-01
57405|1.949|1.769|2.339|2.159|2026-04-01
57406|2.049|1.799|2.399|2.089|2026-04-01
57407|1.709|1.709|2.099|2.099|2026-04-01
57408|1.749|1.709|2.059|2.019|2026-04-01
57409|NA|1.719|NA|NA|2026-04-01
57412|1.957|1.737|2.265|2.045|2026-04-01
57413|NA|1.759|NA|2.129|2026-04-01
57416|NA|1.759|NA|2.149|2026-04-01
57417|1.899|1.719|2.259|2.079|2026-04-01
57418|1.719|1.719|2.129|2.129|2026-04-01
57419|2.039|1.839|2.349|2.149|2026-04-01
57421|NA|1.659|NA|1.927|2026-04-01
57424|1.719|1.719|2.069|2.069|2026-04-01
57428|1.749|1.749|2.029|2.029|2026-04-01
57429|1.94|1.73|2.255|2.045|2026-04-01
57432|1.729|1.729|2.059|2.059|2026-04-01
57433|NA|1.799|NA|2.089|2026-04-01
57434|1.799|1.799|2.089|2.089|2026-04-01
57435|1.739|1.739|2.119|2.119|2026-04-01
57439|2.007|1.796|2.377|2.166|2026-04-01
57440|1.959|1.749|2.309|2.099|2026-04-01
57447|NA|1.759|NA|2.089|2026-04-01
57449|NA|1.819|NA|2.139|2026-04-01
57450|NA|1.736|NA|2.089|2026-04-01
57451|NA|1.787|NA|2.099|2026-04-01
57452|NA|1.699|NA|1.999|2026-04-01
57453|NA|1.799|NA|2.079|2026-04-01
57457|1.942|1.732|2.245|2.035|2026-04-01
57458|NA|1.779|NA|2.089|2026-04-01
57460|1.92|NA|2.32|NA|2026-04-01
57464|2.044|1.774|2.384|2.109|2026-04-01
57467|1.747|1.747|2.097|2.097|2026-04-01
57468|1.839|1.839|2.169|2.169|2026-04-01
57469|2.229|1.849|2.554|2.179|2026-04-01
57470|1.899|1.699|2.199|1.999|2026-04-01
57471|NA|1.949|NA|2.229|2026-04-01
57472|1.745|1.745|2.059|2.059|2026-04-01
57473|1.929|1.729|2.259|2.059|2026-04-01
57474|1.989|1.749|2.299|2.059|2026-04-01
57477|1.969|1.719|2.329|2.079|2026-04-01
57478|NA|1.669|NA|2.049|2026-04-01
57479|NA|1.799|NA|2.069|2026-04-01
57482|NA|1.739|NA|2.019|2026-04-01
57485|1.955|1.735|2.255|2.035|2026-04-01
57486|1.957|1.737|2.265|2.045|2026-04-01
57487|1.957|1.737|2.273|2.053|2026-04-01
57488|1.925|1.717|2.253|2.033|2026-04-01
57489|1.957|1.737|2.273|2.053|2026-04-01
57491|NA|1.757|NA|2.049|2026-04-01
57493|2.099|1.899|2.33|2.13|2026-04-01
57494|1.849|1.749|2.239|2.139|2026-04-01
57495|1.939|1.729|2.249|2.039|2026-04-01
57496|1.937|1.717|2.265|2.045|2026-04-01
57498|NA|1.759|NA|2.069|2026-04-01
57499|1.929|1.719|2.239|2.029|2026-04-01
57506|2.059|1.759|2.389|2.089|2026-04-01
57507|1.998|1.798|2.298|2.098|2026-04-01
57508|1.927|1.717|2.245|2.035|2026-04-01
57509|1.759|1.759|2.059|2.059|2026-04-01
57510|1.969|1.759|2.269|2.059|2026-04-01
57511|1.749|1.749|2.079|2.079|2026-04-01
57513|NA|1.769|NA|2.099|2026-04-01
57515|1.899|1.799|2.189|2.089|2026-04-01
57516|1.957|1.737|2.255|2.035|2026-04-01
57517|1.957|1.737|2.26|2.04|2026-04-01
57518|NA|1.725|NA|2.035|2026-04-01
57519|1.957|1.737|NA|NA|2026-04-01
57520|1.957|1.737|2.273|2.053|2026-04-01
57521|1.957|1.737|2.255|2.035|2026-04-01
57522|1.942|1.732|2.255|2.045|2026-04-01
57524|1.869|1.789|2.269|2.139|2026-04-01
57525|NA|1.769|NA|2.119|2026-04-01
57526|1.799|1.799|2.099|2.099|2026-04-01
57527|NA|1.699|NA|2.099|2026-04-01
57528|1.685|NA|1.995|NA|2026-04-01
57530|1.979|1.779|2.279|2.079|2026-04-01
57533|NA|1.725|NA|2.053|2026-04-01
57534|NA|1.717|NA|2.035|2026-04-01
57535|1.957|1.737|2.273|2.053|2026-04-01
57537|NA|1.72|NA|2.04|2026-04-01
57538|1.859|1.759|2.169|2.069|2026-04-01
57539|NA|1.737|NA|2.053|2026-04-01
57540|1.945|1.725|2.255|2.035|2026-04-01
57541|1.957|1.737|2.253|2.033|2026-04-01
57543|NA|1.729|NA|2.089|2026-04-01
57547|NA|1.705|NA|2.008|2026-04-01
57549|1.736|NA|2.086|NA|2026-04-01
57550|2.009|1.799|2.409|2.199|2026-04-01
57552|1.996|1.786|2.316|2.106|2026-04-01
57553|1.965|1.755|2.355|2.145|2026-04-01
57554|1.942|1.732|2.245|2.035|2026-04-01
57555|1.749|1.749|2.089|2.089|2026-04-01
57556|1.819|1.719|2.119|2.019|2026-04-01
57557|2.049|1.769|2.319|2.039|2026-04-01
57558|1.837|1.687|2.149|1.999|2026-04-01
57560|NA|1.799|NA|2.099|2026-04-01
57561|1.709|1.709|2.099|2.099|2026-04-01
57563|1.918|1.728|2.268|2.078|2026-04-01
57564|1.942|1.732|2.258|2.048|2026-04-01
57565|NA|1.799|NA|2.159|2026-04-01
57569|1.929|1.729|2.269|2.069|2026-04-01
57570|1.779|NA|2.149|NA|2026-04-01
57571|NA|1.759|NA|2.099|2026-04-01
57572|2.149|1.799|2.399|1.989|2026-04-01
57574|1.775|1.775|2.019|2.019|2026-04-01
57575|NA|1.719|NA|2.069|2026-04-01
57576|NA|1.737|NA|2.035|2026-04-01
57578|1.725|1.725|2.115|2.115|2026-04-01
57580|1.952|1.732|2.268|2.048|2026-04-01
57581|1.739|1.739|2.059|2.059|2026-04-01
57582|1.919|1.739|2.219|2.039|2026-04-01
57583|NA|1.729|NA|2.159|2026-04-01
57584|1.806|NA|2.096|NA|2026-04-01
57586|1.989|1.779|2.409|2.199|2026-04-01
57588|NA|1.959|NA|2.159|2026-04-01
57589|1.772|1.772|2.114|2.114|2026-04-01
57592|NA|1.739|NA|NA|2026-04-01
57593|1.937|1.717|2.253|2.033|2026-04-01
57597|1.899|1.899|2.159|2.159|2026-04-01
57599|1.949|1.749|2.289|2.089|2026-04-01
57600|1.999|1.799|2.329|2.129|2026-04-01
57602|1.749|1.749|2.099|2.099|2026-04-01
57604|NA|1.705|NA|2.095|2026-04-01
57607|NA|1.695|NA|2.035|2026-04-01
57608|NA|1.798|NA|2.098|2026-04-01
57610|1.989|1.779|2.339|2.129|2026-04-01
57612|NA|1.775|NA|2.155|2026-04-01
57613|1.759|NA|2.139|NA|2026-04-01
57614|1.899|1.689|2.269|2.059|2026-04-01
57615|1.749|1.749|2.069|2.069|2026-04-01
57616|NA|1.898|NA|2.098|2026-04-01
57617|NA|1.695|NA|2.035|2026-04-01
57620|NA|1.759|NA|2.099|2026-04-01
57622|NA|1.799|NA|2.119|2026-04-01
57623|NA|1.779|NA|2.129|2026-04-01
57624|1.883|1.766|2.2|2.083|2026-04-01
57625|NA|1.759|NA|2.129|2026-04-01
57626|NA|1.739|NA|NA|2026-04-01
57627|1.919|1.799|2.099|2.099|2026-04-01
57630|1.779|1.779|2.119|2.119|2026-04-01
57631|NA|1.749|NA|2.089|2026-04-01
57632|1.942|1.732|2.255|2.045|2026-04-01
57633|1.979|1.729|2.329|2.079|2026-04-01
57634|1.755|1.755|2.095|2.095|2026-04-01
57635|1.895|1.745|2.239|2.089|2026-04-01
57636|1.949|1.799|2.197|2.047|2026-04-01
57638|1.769|1.769|2.129|2.129|2026-04-01
57639|1.957|1.737|2.265|2.045|2026-04-01
57640|1.937|1.717|2.265|2.045|2026-04-01
57642|NA|1.799|NA|2.099|2026-04-01
57645|2.018|1.758|2.358|2.098|2026-04-01
57647|NA|1.739|NA|2.129|2026-04-01
57648|1.905|1.695|2.245|2.035|2026-04-01
57651|1.745|1.745|2.099|2.099|2026-04-01
57653|1.999|1.799|2.349|2.149|2026-04-01
57654|NA|1.735|NA|2.099|2026-04-01
57657|1.789|1.789|2.065|2.065|2026-04-01
57658|1.779|1.779|2.059|2.059|2026-04-01
57659|1.957|1.737|2.273|2.053|2026-04-01
57660|1.957|1.737|2.27|2.049|2026-04-01
57662|1.909|1.759|2.259|2.109|2026-04-01
57663|NA|1.737|NA|2.045|2026-04-01
57665|1.952|1.742|2.25|2.04|2026-04-01
57668|1.959|1.799|2.259|2.099|2026-04-01
57669|1.947|1.737|2.255|2.045|2026-04-01
57673|1.729|1.729|2.049|2.049|2026-04-01
57674|NA|1.729|NA|2.089|2026-04-01
57675|1.959|1.749|2.269|2.059|2026-04-01
57676|NA|1.769|NA|2.129|2026-04-01
57679|1.749|1.669|2.104|2.024|2026-04-01
57680|1.967|1.747|2.283|2.063|2026-04-01
57683|1.935|1.725|2.243|2.033|2026-04-01
57684|1.947|1.737|2.263|2.053|2026-04-01
57687|1.759|1.759|2.119|2.119|2026-04-01
57689|NA|1.749|NA|2.139|2026-04-01
57690|1.929|1.719|2.249|2.039|2026-04-01
57691|1.925|1.715|2.245|2.035|2026-04-01
57692|NA|1.789|NA|1.949|2026-04-01
57694|2.039|1.799|2.339|2.099|2026-04-01
57695|1.919|1.769|2.229|2.079|2026-04-01
57696|NA|1.779|NA|2.169|2026-04-01
57703|1.917|1.697|2.24|2.02|2026-04-01
57704|NA|1.769|NA|2.099|2026-04-01
57705|1.949|1.739|2.249|2.039|2026-04-01
57707|1.967|1.742|2.27|2.045|2026-04-01
57708|NA|1.737|NA|2.053|2026-04-01
57709|NA|1.73|NA|2.04|2026-04-01
57710|2.009|1.759|2.289|2.039|2026-04-01
57711|1.889|1.739|2.269|2.119|2026-04-01
57717|1.955|1.735|2.255|2.035|2026-04-01
57718|1.737|1.737|2.057|2.057|2026-04-01
57720|2.164|1.964|2.534|2.334|2026-04-01
57722|NA|1.69|NA|2.079|2026-04-01
57723|NA|1.769|NA|2.109|2026-04-01
57725|1.929|1.709|1.849|1.629|2026-04-01
57726|NA|1.739|NA|NA|2026-04-01
57732|2.164|1.964|2.534|2.334|2026-04-01
57733|2.164|1.964|2.534|2.334|2026-04-01
57735|2.164|1.964|2.534|2.334|2026-04-01
57736|2.164|1.964|2.534|2.334|2026-04-01
57737|1.747|1.747|2.097|2.097|2026-04-01
57738|1.819|1.699|2.149|2.029|2026-04-01
57739|1.769|1.769|2.119|2.119|2026-04-01
57740|NA|1.747|NA|2.077|2026-04-01
57741|1.879|1.729|2.219|2.069|2026-04-01
57743|1.799|1.799|2.149|2.149|2026-04-01
57744|NA|1.799|NA|2.149|2026-04-01
57745|1.949|1.739|2.269|2.059|2026-04-01
57747|1.729|1.729|2.059|2.059|2026-04-01
57748|1.989|1.779|2.329|2.119|2026-04-01
57750|1.717|1.717|2.057|2.057|2026-04-01
57751|1.829|1.679|2.139|1.989|2026-04-01
57752|1.799|1.799|2.099|2.099|2026-04-01
57753|1.989|1.789|2.289|2.089|2026-04-01
57755|1.869|1.869|2.125|2.125|2026-04-01
57756|NA|1.899|NA|2.099|2026-04-01
57759|NA|1.732|NA|2.048|2026-04-01
57760|NA|1.737|NA|2.033|2026-04-01
57761|1.799|NA|2.159|NA|2026-04-01
57762|NA|1.719|NA|2.039|2026-04-01
57763|1.919|1.699|2.289|2.069|2026-04-01
57765|NA|1.759|NA|2.139|2026-04-01
57767|1.899|1.899|2.039|2.039|2026-04-01
57768|NA|1.719|NA|2.119|2026-04-01
57770|2.009|1.759|2.369|2.119|2026-04-01
57772|1.988|1.788|2.199|1.999|2026-04-01
57774|1.787|NA|2.067|NA|2026-04-01
57777|1.939|1.739|2.259|2.059|2026-04-01
57779|2.069|1.819|2.409|2.159|2026-04-01
57781|1.921|1.771|2.241|2.091|2026-04-01
57782|NA|1.735|NA|2.115|2026-04-01
57783|1.957|1.737|2.273|2.053|2026-04-01
57785|NA|1.719|NA|1.995|2026-04-01
57789|1.699|1.699|2.059|2.059|2026-04-01
57793|1.759|1.759|2.099|2.099|2026-04-01
57796|1.749|1.699|2.039|1.989|2026-04-01
57798|1.809|1.749|2.169|2.109|2026-04-01
57799|1.989|1.789|2.309|2.099|2026-04-01
57800|1.929|1.729|2.289|2.089|2026-04-01
57807|NA|1.749|NA|2.099|2026-04-01
57809|NA|1.747|NA|2.053|2026-04-01
57812|1.929|1.699|2.299|2.069|2026-04-01
57813|1.769|1.769|2.099|2.099|2026-04-01
57815|1.942|1.732|2.245|2.035|2026-04-01
57816|1.815|1.605|2.04|1.83|2026-04-01
57818|1.987|1.719|2.347|2.079|2026-04-01
57820|2.059|1.899|2.109|1.949|2026-04-01
57821|1.739|1.739|2.039|2.039|2026-04-01
57823|NA|1.739|NA|2.059|2026-04-01
57824|NA|1.679|NA|1.999|2026-04-01
57825|NA|1.799|NA|2.149|2026-04-01
57826|2.009|1.799|2.309|2.099|2026-04-01
57829|1.769|1.769|1.945|1.945|2026-04-01
57833|1.889|1.769|2.119|1.999|2026-04-01
57835|1.949|1.739|2.209|1.999|2026-04-01
57839|NA|1.759|NA|2.079|2026-04-01
57840|NA|1.779|NA|2.149|2026-04-01
57842|1.799|1.799|2.089|2.089|2026-04-01
57843|NA|1.749|NA|2.059|2026-04-01
57844|1.859|1.839|2.169|2.149|2026-04-01
57846|1.957|1.737|2.273|2.053|2026-04-01
57847|NA|1.819|NA|2.099|2026-04-01
57849|1.819|1.819|2.099|2.099|2026-04-01
57850|1.788|1.788|2.098|2.098|2026-04-01
57851|1.957|1.737|2.273|2.053|2026-04-01
57852|NA|1.809|NA|2.036|2026-04-01
57853|1.945|1.725|2.255|2.035|2026-04-01
57854|NA|1.747|NA|NA|2026-04-01
57856|1.957|1.737|2.273|2.053|2026-04-01
57857|1.745|1.735|2.083|2.055|2026-04-01
57858|1.955|1.735|2.255|2.035|2026-04-01
57859|1.825|1.605|2.075|1.855|2026-04-01
57860|1.935|1.717|2.233|2.033|2026-04-01
57861|NA|1.719|NA|2.039|2026-04-01
57862|NA|1.809|NA|2.129|2026-04-01
57865|1.939|1.729|2.279|2.069|2026-04-01
57866|1.875|1.695|2.265|2.085|2026-04-01
57868|1.979|1.769|2.399|2.189|2026-04-01
57870|1.949|1.749|2.319|2.119|2026-04-01
57871|1.658|1.658|1.998|1.998|2026-04-01
57872|1.829|1.829|2.079|2.079|2026-04-01
57873|1.829|1.829|2.079|2.079|2026-04-01
57874|NA|1.759|NA|2.029|2026-04-01
57882|1.906|1.736|2.225|2.055|2026-04-01
57884|1.969|1.759|2.279|2.069|2026-04-01
57885|1.797|1.797|2.197|2.197|2026-04-01
57886|1.899|1.799|2.139|2.039|2026-04-01
57889|1.699|1.699|1.999|1.999|2026-04-01
57891|1.798|1.798|2.098|2.088|2026-04-01
57896|1.942|1.732|2.258|2.048|2026-04-01
57899|1.799|1.799|2.199|2.199|2026-04-01
57900|1.799|1.799|2.199|2.199|2026-04-01
57901|NA|1.737|NA|2.045|2026-04-01
57902|1.849|1.699|2.249|2.099|2026-04-01
57903|1.839|1.739|2.149|2.049|2026-04-01
57905|NA|1.739|NA|2.098|2026-04-01
57906|NA|1.819|NA|2.199|2026-04-01
57907|1.739|1.689|2.069|2.019|2026-04-01
57908|NA|1.729|NA|2.089|2026-04-01
57909|1.719|1.719|2.079|2.079|2026-04-01
57910|NA|1.689|NA|1.929|2026-04-01
57913|1.899|1.799|2.088|1.988|2026-04-01
57914|1.898|1.798|2.088|1.988|2026-04-01
57915|NA|1.719|NA|2.069|2026-04-01
57916|NA|1.699|NA|2.059|2026-04-01
57917|NA|1.799|NA|2.179|2026-04-01
57918|2.039|1.799|2.339|2.099|2026-04-01
57919|1.789|1.789|2.119|2.119|2026-04-01
57920|NA|1.779|NA|2.099|2026-04-01
57921|1.719|1.719|2.079|2.079|2026-04-01
57923|1.947|1.737|2.263|2.053|2026-04-01
57924|1.969|1.759|2.309|2.099|2026-04-01
57927|1.744|1.744|1.994|1.994|2026-04-01
57928|NA|1.697|NA|2.069|2026-04-01
57929|2.076|1.826|2.416|2.166|2026-04-01
57930|1.969|1.749|2.269|2.049|2026-04-01
57931|2.048|1.798|2.399|2.149|2026-04-01
57934|NA|1.739|NA|2.059|2026-04-01
57935|1.759|1.759|2.099|2.099|2026-04-01
57936|1.969|1.769|2.339|2.139|2026-04-01
57938|NA|1.737|NA|2.053|2026-04-01
57939|1.779|1.779|2.059|2.059|2026-04-01
57940|1.798|NA|1.998|NA|2026-04-01
57941|NA|1.719|NA|2.119|2026-04-01
57943|NA|1.73|NA|2.04|2026-04-01
57945|1.749|1.749|2.099|2.099|2026-04-01
57947|1.957|1.732|2.273|2.048|2026-04-01
57948|1.859|1.759|2.129|2.029|2026-04-01
57949|1.939|1.749|2.319|2.129|2026-04-01
57950|1.749|1.749|2.119|2.119|2026-04-01
57952|NA|1.759|NA|2.109|2026-04-01
57954|NA|1.749|NA|2.129|2026-04-01
57957|1.719|1.719|2.059|2.059|2026-04-01
57958|1.783|1.783|2.165|2.165|2026-04-01
57960|1.799|1.699|2.189|2.089|2026-04-01
57961|1.799|1.699|2.189|2.089|2026-04-01
57962|1.819|1.719|2.199|2.099|2026-04-01
57963|1.819|1.719|2.199|2.099|2026-04-01
57964|1.819|1.719|2.199|2.099|2026-04-01
57965|1.784|1.684|2.179|2.079|2026-04-01
57967|1.729|1.729|2.159|2.159|2026-04-01
57970|NA|1.797|NA|2.099|2026-04-01
57971|2.017|1.797|2.279|2.099|2026-04-01
57972|1.895|1.745|2.239|2.089|2026-04-01
57973|1.899|1.709|2.199|2.009|2026-04-01
57974|2.029|1.779|2.349|2.099|2026-04-01
57975|1.95|1.725|2.238|2.025|2026-04-01
57976|NA|1.72|NA|2.058|2026-04-01
57978|1.699|NA|2.029|NA|2026-04-01
57980|1.949|1.869|2.159|2.079|2026-04-01
57981|1.989|1.769|2.319|2.099|2026-04-01
57983|1.874|1.769|2.204|2.099|2026-04-01
57984|NA|1.729|NA|2.099|2026-04-01
57985|NA|1.779|NA|2.139|2026-04-01
57986|1.795|1.795|1.995|1.995|2026-04-01
57987|NA|1.839|NA|2.159|2026-04-01
57990|NA|1.695|NA|2.045|2026-04-01
57991|1.779|1.779|2.069|2.069|2026-04-01
57996|NA|1.739|NA|2.065|2026-04-01
58000|1.929|1.719|2.249|2.039|2026-04-01
58001|2.009|1.759|2.329|2.079|2026-04-01
58002|1.759|1.759|2.099|2.089|2026-04-01
58003|1.759|NA|2.099|NA|2026-04-01
58006|NA|1.699|NA|2.055|2026-04-01
58007|NA|1.739|NA|2.099|2026-04-01
58012|1.825|1.825|2.155|2.155|2026-04-01
58014|1.769|NA|2.059|NA|2026-04-01
58017|1.899|1.699|2.219|2.019|2026-04-01
58018|NA|1.719|NA|2.029|2026-04-01
58019|1.798|NA|2.098|NA|2026-04-01
58021|1.719|1.719|2.019|2.019|2026-04-01
58022|NA|1.764|NA|2.094|2026-04-01
58024|1.679|1.679|2.049|2.049|2026-04-01
58027|1.725|1.725|NA|NA|2026-04-01
58028|NA|1.674|NA|2.028|2026-04-01
58029|1.724|1.724|2.054|2.054|2026-04-01
58031|1.759|1.759|2.059|2.059|2026-04-01
58032|NA|1.799|NA|2.069|2026-04-01
58033|NA|1.779|NA|2.149|2026-04-01
58034|NA|1.73|NA|2.039|2026-04-01
58035|NA|1.799|NA|2.099|2026-04-01
58036|1.957|1.737|2.253|2.033|2026-04-01
58037|1.955|1.735|2.255|2.035|2026-04-01
58042|2.149|1.799|2.509|2.159|2026-04-01
58043|1.729|1.729|1.999|1.999|2026-04-01
58044|NA|1.869|NA|2.099|2026-04-01
58045|NA|1.717|NA|2.035|2026-04-01
58047|1.697|NA|2.037|NA|2026-04-01
58048|1.739|1.739|2.049|2.049|2026-04-01
58052|1.859|1.739|2.179|2.059|2026-04-01
58054|1.945|1.725|2.265|2.045|2026-04-01
58055|1.942|1.732|2.258|2.048|2026-04-01
58059|1.957|1.737|2.255|2.035|2026-04-01
58060|1.748|1.698|2.049|1.999|2026-04-01
58062|NA|1.819|NA|2.149|2026-04-01
58063|NA|1.759|NA|2.099|2026-04-01
58064|NA|1.739|NA|2.109|2026-04-01
58065|1.959|1.709|2.259|2.009|2026-04-01
58066|1.759|1.759|2.099|2.099|2026-04-01
58067|2.069|1.819|2.349|2.099|2026-04-01
58068|1.957|1.737|2.27|2.05|2026-04-01
58069|1.827|1.727|2.197|2.097|2026-04-01
58070|1.699|1.699|2.079|2.079|2026-04-01
58071|1.957|1.737|2.253|2.033|2026-04-01
58072|1.957|1.737|2.265|2.045|2026-04-01
58074|2.069|1.819|2.399|2.149|2026-04-01
58075|2.219|1.809|2.504|2.099|2026-04-01
58076|NA|1.729|NA|2.089|2026-04-01
58077|NA|1.749|NA|2.049|2026-04-01
58078|NA|1.729|NA|2.089|2026-04-01
58079|1.937|1.737|2.235|2.035|2026-04-01
58081|1.955|1.735|2.255|2.035|2026-04-01
58082|2.039|1.839|2.349|2.149|2026-04-01
58083|1.937|1.717|2.253|2.033|2026-04-01
58084|1.942|1.732|2.255|2.045|2026-04-01
58085|1.957|1.737|2.27|2.05|2026-04-01
58086|1.937|1.717|2.253|2.033|2026-04-01
58087|1.937|1.717|2.253|2.033|2026-04-01
58088|1.957|1.737|2.273|2.053|2026-04-01
58089|1.957|1.737|2.255|2.035|2026-04-01
58090|1.957|1.737|2.273|2.053|2026-04-01
58091|1.957|1.737|2.273|2.053|2026-04-01
58092|1.957|1.737|2.255|2.035|2026-04-01
58094|1.695|1.695|2.069|2.069|2026-04-01
58100|1.978|1.719|2.318|2.059|2026-04-01
58101|NA|1.779|NA|2.069|2026-04-01
58102|NA|1.716|NA|2.056|2026-04-01
58103|NA|1.759|NA|2.039|2026-04-01
58104|2.017|1.767|2.349|2.099|2026-04-01
58106|1.735|1.735|2.024|2.024|2026-04-01
58108|1.969|1.769|2.349|2.149|2026-04-01
58109|1.698|1.698|2.018|2.018|2026-04-01
58110|1.799|1.799|2.119|2.119|2026-04-01
58112|1.957|1.737|NA|NA|2026-04-01
58113|NA|1.737|NA|2.053|2026-04-01
58115|2.13|2.13|2.43|2.43|2026-04-01
58118|NA|1.689|NA|1.999|2026-04-01
58119|NA|1.725|NA|1.999|2026-04-01
58120|NA|1.768|NA|2.079|2026-04-01
58121|1.878|1.779|2.198|2.099|2026-04-01
58122|1.759|NA|2.099|NA|2026-04-01
58123|NA|1.725|NA|2.045|2026-04-01
58127|NA|1.737|NA|2.013|2026-04-01
58128|NA|1.727|NA|2.069|2026-04-01
58130|1.749|1.749|2.099|2.099|2026-04-01
58142|NA|1.737|NA|2.045|2026-04-01
58144|1.899|1.759|2.119|2.085|2026-04-01
58145|1.759|1.759|2.109|2.109|2026-04-01
58147|NA|1.779|NA|2.129|2026-04-01
58148|NA|1.799|NA|2.129|2026-04-01
58149|1.949|1.749|2.349|2.149|2026-04-01
58151|1.955|1.735|2.283|NA|2026-04-01
58152|1.957|1.737|2.253|2.033|2026-04-01
58153|1.937|1.717|2.273|2.053|2026-04-01
58154|1.94|1.72|2.253|2.033|2026-04-01
58155|1.799|NA|2.159|NA|2026-04-01
58156|NA|1.735|NA|2.075|2026-04-01
58157|1.949|1.739|2.309|2.099|2026-04-01
58158|NA|1.779|NA|2.099|2026-04-01
58159|1.959|1.759|2.269|2.069|2026-04-01
58160|NA|1.739|NA|2.059|2026-04-01
58162|1.957|1.737|2.265|2.045|2026-04-01
58163|1.957|1.737|2.273|2.053|2026-04-01
58164|1.937|1.717|2.253|2.033|2026-04-01
58166|1.937|1.717|2.253|2.033|2026-04-01
58167|1.942|1.732|2.255|2.045|2026-04-01
58168|1.957|1.737|2.273|2.053|2026-04-01
58175|1.929|1.729|2.309|2.109|2026-04-01
58176|2.069|1.819|2.409|2.159|2026-04-01
58178|NA|1.679|NA|1.988|2026-04-01
58180|2.069|1.819|2.399|2.149|2026-04-01
58181|1.955|1.735|2.253|2.033|2026-04-01
58182|1.957|1.737|2.265|2.045|2026-04-01
58183|NA|1.779|NA|2.099|2026-04-01
58184|1.957|1.737|2.255|2.035|2026-04-01
58185|NA|1.737|NA|2.053|2026-04-01
58186|1.957|1.737|2.255|2.035|2026-04-01
58188|NA|1.717|NA|2.045|2026-04-01
58189|NA|1.759|NA|2.059|2026-04-01
58190|1.929|1.749|2.279|2.099|2026-04-01
58191|NA|1.699|NA|2.019|2026-04-01
58194|1.994|1.779|2.314|2.099|2026-04-01
58195|1.989|1.789|2.319|2.119|2026-04-01
58196|1.749|1.749|2.079|2.079|2026-04-01
58197|1.769|1.769|2.099|2.099|2026-04-01
58198|1.719|1.719|2.019|2.019|2026-04-01
58200|2.199|1.949|2.499|2.249|2026-04-01
58202|1.759|1.739|2.119|2.099|2026-04-01
58203|NA|1.719|NA|2.059|2026-04-01
58204|1.989|1.989|1.979|1.979|2026-04-01
58205|1.899|1.899|2.039|2.039|2026-04-01
58208|1.749|1.749|2.049|2.049|2026-04-01
58209|1.729|1.729|2.079|2.079|2026-04-01
58210|1.957|1.737|2.265|2.045|2026-04-01
58211|1.957|1.737|2.253|2.033|2026-04-01
58212|NA|1.737|NA|2.035|2026-04-01
58213|1.709|NA|2.039|NA|2026-04-01
58214|1.957|1.737|2.265|2.045|2026-04-01
58215|1.95|1.71|2.259|2.019|2026-04-01
58218|1.93|1.72|2.25|2.04|2026-04-01
58220|1.729|1.729|2.079|2.079|2026-04-01
58228|NA|1.725|NA|2.029|2026-04-01
58229|1.957|1.737|2.273|2.053|2026-04-01
58230|1.799|1.799|2.139|2.139|2026-04-01
58231|1.769|1.769|2.099|2.099|2026-04-01
58232|1.937|1.717|2.253|2.033|2026-04-01
58233|1.937|1.717|2.253|2.033|2026-04-01
58234|1.955|1.735|2.255|2.035|2026-04-01
58238|1.957|1.737|2.253|2.033|2026-04-01
58239|1.957|1.737|2.26|2.04|2026-04-01
58240|1.957|1.737|2.255|2.035|2026-04-01
58241|1.957|1.737|2.273|2.053|2026-04-01
58242|NA|1.799|NA|2.119|2026-04-01
58243|1.699|1.699|2.099|2.099|2026-04-01
58246|1.965|1.745|2.298|2.078|2026-04-01
58247|1.945|1.735|2.279|2.069|2026-04-01
58248|2.049|1.799|2.309|2.059|2026-04-01
58249|1.859|1.759|2.149|2.049|2026-04-01
58250|NA|1.737|NA|2.047|2026-04-01
58252|2.009|1.769|2.319|2.079|2026-04-01
58253|NA|1.767|NA|2.045|2026-04-01
58254|2.109|1.809|2.429|2.129|2026-04-01
58255|1.999|1.799|2.398|2.198|2026-04-01
58257|1.939|1.739|2.299|2.099|2026-04-01
58260|1.759|1.759|2.099|2.099|2026-04-01
58264|1.878|1.769|2.258|2.149|2026-04-01
58266|1.869|1.749|2.199|2.079|2026-04-01
58267|NA|1.719|NA|2.099|2026-04-01
58268|NA|1.747|NA|2.037|2026-04-01
58270|1.915|1.735|2.265|2.085|2026-04-01
58275|NA|1.799|NA|1.999|2026-04-01
58276|NA|1.759|NA|2.109|2026-04-01
58277|1.979|1.779|2.349|2.149|2026-04-01
58278|1.955|1.735|2.265|2.045|2026-04-01
58279|1.957|1.737|2.253|2.033|2026-04-01
58280|1.957|1.737|2.273|2.053|2026-04-01
58281|1.937|1.717|2.255|2.035|2026-04-01
58282|1.735|1.735|2.055|2.055|2026-04-01
58283|2.119|1.919|2.489|2.259|2026-04-01
58284|2.119|1.919|2.459|2.259|2026-04-01
58285|NA|1.759|NA|1.999|2026-04-01
58287|1.929|1.749|2.269|2.089|2026-04-01
58288|NA|1.739|NA|2.099|2026-04-01
58289|NA|1.707|NA|2.047|2026-04-01
58293|NA|1.759|NA|2.099|2026-04-01
58294|1.938|1.738|2.328|2.128|2026-04-01
58295|NA|1.717|NA|2.033|2026-04-01
58297|1.957|1.737|2.253|2.033|2026-04-01
58298|1.917|1.717|2.255|2.035|2026-04-01
58299|1.589|1.589|1.669|1.669|2026-04-01
58301|1.679|1.679|2.019|2.019|2026-04-01
58302|NA|1.764|NA|2.112|2026-04-01
58303|1.909|1.719|2.249|2.059|2026-04-01
58304|NA|1.819|NA|2.169|2026-04-01
58306|1.819|1.749|2.099|2.049|2026-04-01
58307|NA|1.749|NA|2.099|2026-04-01
58308|NA|1.737|NA|2.045|2026-04-01
58309|NA|1.709|NA|1.999|2026-04-01
58310|1.895|1.685|2.245|2.035|2026-04-01
58312|2.019|1.769|2.329|2.079|2026-04-01
58313|2.009|1.769|2.355|2.115|2026-04-01
58314|1.959|1.959|2.199|2.199|2026-04-01
58316|1.749|1.749|2.059|2.059|2026-04-01
58317|1.939|1.739|2.279|2.079|2026-04-01
58319|NA|1.719|NA|2.079|2026-04-01
58320|NA|1.709|NA|2.059|2026-04-01
58322|NA|1.829|NA|2.099|2026-04-01
58323|1.769|1.769|2.159|2.159|2026-04-01
58324|NA|1.729|NA|NA|2026-04-01
58325|NA|1.699|NA|NA|2026-04-01
58326|1.939|1.799|2.129|2.099|2026-04-01
58327|NA|1.737|NA|2.047|2026-04-01
58329|1.979|1.779|2.349|2.149|2026-04-01
58330|1.759|1.759|2.019|2.019|2026-04-01
58331|1.759|1.759|2.019|2.019|2026-04-01
58333|1.957|1.737|2.255|2.035|2026-04-01
58334|1.739|1.739|1.999|1.999|2026-04-01
58335|NA|1.735|NA|NA|2026-04-01
58336|1.942|1.732|2.238|2.028|2026-04-01
58337|NA|1.749|NA|2.049|2026-04-01
58338|1.698|1.698|1.969|1.969|2026-04-01
58339|NA|1.759|NA|2.099|2026-04-01
58341|NA|1.679|NA|1.999|2026-04-01
58342|1.799|1.799|2.079|2.079|2026-04-01
58343|1.937|1.717|2.255|2.035|2026-04-01
58344|1.955|1.735|2.265|2.045|2026-04-01
58345|1.957|1.737|2.255|2.035|2026-04-01
58346|NA|1.725|NA|2.033|2026-04-01
58347|1.937|1.717|2.255|2.035|2026-04-01
58348|1.955|1.735|2.255|2.035|2026-04-01
58349|1.95|1.73|2.255|2.035|2026-04-01
58352|NA|1.749|NA|2.069|2026-04-01
58354|NA|1.735|NA|2.035|2026-04-01
58355|2.44|NA|2.44|NA|2026-04-01
58356|1.989|1.779|2.359|2.149|2026-04-01
58357|2.099|1.749|2.489|2.139|2026-04-01
58358|NA|1.699|NA|2.099|2026-04-01
58360|1.949|1.739|2.249|2.039|2026-04-01
58361|1.697|1.697|2.064|2.064|2026-04-01
58362|1.94|1.73|2.243|2.033|2026-04-01
58363|1.989|1.779|2.279|2.069|2026-04-01
58364|NA|1.729|NA|2.069|2026-04-01
58365|1.829|1.829|2.079|2.079|2026-04-01
58369|1.839|1.839|2.179|2.179|2026-04-01
58370|NA|1.739|NA|2.099|2026-04-01
58374|NA|1.749|NA|2.069|2026-04-01
58375|1.957|1.737|2.233|2.033|2026-04-01
58377|1.95|1.73|2.253|2.033|2026-04-01
58378|1.95|1.73|2.253|2.033|2026-04-01
58379|1.94|1.72|2.253|2.033|2026-04-01
58380|1.75|1.75|2.08|2.08|2026-04-01
58382|1.979|1.769|2.299|2.089|2026-04-01
58383|NA|1.747|NA|2.047|2026-04-01
58384|NA|1.769|NA|2.099|2026-04-01
58387|NA|1.739|NA|2.089|2026-04-01
58393|NA|1.769|NA|2.129|2026-04-01
58394|NA|1.735|NA|2.035|2026-04-01
58395|1.957|1.737|2.253|2.033|2026-04-01
58396|NA|1.717|NA|2.033|2026-04-01
58397|1.937|1.717|2.255|2.035|2026-04-01
58398|NA|1.725|NA|2.075|2026-04-01
58399|1.999|1.789|2.309|2.099|2026-04-01
58400|1.789|1.789|2.049|2.049|2026-04-01
58401|1.94|1.77|2.31|2.13|2026-04-01
58402|NA|1.689|NA|2.039|2026-04-01
58404|NA|1.789|NA|2.069|2026-04-01
58405|NA|1.719|NA|2.119|2026-04-01
58407|1.759|1.759|2.069|2.069|2026-04-01
58408|NA|1.689|NA|2.079|2026-04-01
58409|NA|1.759|NA|2.079|2026-04-01
58410|1.739|1.739|2.029|2.029|2026-04-01
58412|NA|1.759|NA|2.059|2026-04-01
58413|1.819|1.759|2.139|2.069|2026-04-01
58416|NA|1.769|NA|2.049|2026-04-01
58417|1.889|1.889|2.039|2.039|2026-04-01
58418|NA|1.717|NA|2.033|2026-04-01
58419|1.729|1.729|2.159|2.159|2026-04-01
58420|NA|1.789|NA|1.999|2026-04-01
58421|2.168|1.769|2.448|2.049|2026-04-01
58423|1.955|1.735|2.265|2.045|2026-04-01
58424|2.099|1.889|2.409|2.199|2026-04-01
58426|NA|1.719|NA|2.069|2026-04-01
58428|NA|1.757|NA|2.127|2026-04-01
58430|1.759|1.759|2.179|2.179|2026-04-01
58431|1.749|1.749|2.069|2.069|2026-04-01
58435|NA|1.799|NA|2.099|2026-04-01
58436|NA|1.759|NA|2.029|2026-04-01
58438|1.947|1.737|2.257|2.047|2026-04-01
58439|1.749|1.749|2.089|2.089|2026-04-01
58440|1.729|1.729|2.059|2.059|2026-04-01
58443|1.729|1.729|2.059|2.059|2026-04-01
58446|1.767|1.767|2.129|2.129|2026-04-01
58449|NA|1.759|NA|2.059|2026-04-01
58450|NA|1.799|NA|2.149|2026-04-01
58451|NA|1.739|NA|2.099|2026-04-01
58453|1.729|1.729|2.059|2.059|2026-04-01
58454|1.729|1.729|2.059|2.059|2026-04-01
58455|NA|1.758|NA|2.108|2026-04-01
58456|1.947|1.797|2.269|2.119|2026-04-01
58458|1.939|1.729|2.269|2.059|2026-04-01
58460|1.909|1.699|2.239|2.029|2026-04-01
58461|1.899|1.749|2.219|2.069|2026-04-01
58462|2.059|1.759|2.429|2.129|2026-04-01
58463|NA|1.799|NA|2.149|2026-04-01
58465|1.799|1.799|2.149|2.149|2026-04-01
58467|1.798|1.798|1.738|1.738|2026-04-01
58468|NA|1.687|NA|2.057|2026-04-01
58469|NA|1.687|NA|2.057|2026-04-01
58471|1.898|1.898|1.798|1.798|2026-04-01
58473|1.726|1.726|2.126|2.126|2026-04-01
58474|1.947|1.737|2.255|2.045|2026-04-01
58475|1.957|1.737|2.273|2.053|2026-04-01
58476|1.95|1.73|2.253|2.033|2026-04-01
58477|1.957|1.737|2.273|2.053|2026-04-01
58478|1.957|1.737|2.253|2.033|2026-04-01
58479|1.95|1.73|NA|NA|2026-04-01
58480|1.957|1.737|2.255|2.035|2026-04-01
58481|1.937|1.717|2.255|2.035|2026-04-01
58482|NA|1.705|NA|2.035|2026-04-01
58484|1.979|1.779|2.309|2.109|2026-04-01
58485|NA|1.759|NA|2.099|2026-04-01
58488|NA|1.739|NA|2.099|2026-04-01
58489|1.789|1.789|2.099|2.099|2026-04-01
58492|NA|1.749|NA|2.049|2026-04-01
58493|1.979|1.979|2.209|2.209|2026-04-01
58497|1.879|1.779|2.159|2.059|2026-04-01
58498|NA|1.732|NA|2.048|2026-04-01
58499|1.999|1.749|2.349|2.099|2026-04-01
58501|NA|1.749|NA|2.079|2026-04-01
58502|NA|1.695|NA|2.035|2026-04-01
58503|1.729|1.729|2.029|2.029|2026-04-01
58504|NA|1.737|NA|2.045|2026-04-01
58505|1.697|1.697|2.047|2.047|2026-04-01
58507|2.059|1.809|2.409|2.159|2026-04-01
58508|1.942|1.732|2.238|2.028|2026-04-01
58509|1.957|1.737|2.273|2.053|2026-04-01
58510|NA|1.767|NA|2.097|2026-04-01
58511|1.739|1.739|2.049|2.049|2026-04-01
58513|1.769|1.769|2.169|2.169|2026-04-01
58514|1.937|1.717|2.265|2.045|2026-04-01
58515|1.937|1.717|2.253|2.033|2026-04-01
58516|2.165|1.795|2.415|2.065|2026-04-01
58518|1.745|1.745|2.055|2.055|2026-04-01
58519|1.959|1.759|2.199|1.999|2026-04-01
58520|1.719|1.719|2.089|2.089|2026-04-01
58522|NA|1.729|NA|2.079|2026-04-01
58523|2.199|1.949|2.499|2.249|2026-04-01
58524|1.86|NA|1.95|NA|2026-04-01
58525|NA|1.735|NA|2.033|2026-04-01
58526|NA|1.717|NA|2.045|2026-04-01
58527|NA|1.678|NA|2.018|2026-04-01
58529|1.957|1.757|2.299|2.099|2026-04-01
58530|NA|1.699|NA|1.999|2026-04-01
58531|1.759|1.759|2.079|2.079|2026-04-01
58532|1.759|NA|2.069|NA|2026-04-01
58533|2.079|1.779|2.409|2.109|2026-04-01
58534|NA|1.719|NA|2.059|2026-04-01
58535|1.759|1.759|2.099|2.099|2026-04-01
58536|1.971|1.759|2.351|2.139|2026-04-01
58537|NA|1.759|NA|2.099|2026-04-01
58539|NA|1.692|NA|2.008|2026-04-01
58541|1.749|1.749|2.029|2.029|2026-04-01
58542|NA|1.719|NA|2.029|2026-04-01
58543|1.798|1.798|2.098|2.098|2026-04-01
58544|1.809|1.729|2.179|2.099|2026-04-01
58547|NA|1.689|NA|2.019|2026-04-01
58548|1.957|1.737|2.273|2.053|2026-04-01
58549|1.922|1.712|2.245|2.035|2026-04-01
58550|1.975|1.785|2.345|2.155|2026-04-01
58551|1.759|NA|2.119|NA|2026-04-01
58552|NA|1.697|NA|2.017|2026-04-01
58554|1.993|1.833|2.355|2.165|2026-04-01
58555|1.894|NA|2.067|NA|2026-04-01
58556|1.937|1.717|2.238|2.028|2026-04-01
58557|1.937|1.717|2.255|2.035|2026-04-01
58558|1.849|1.849|2.169|2.169|2026-04-01
58559|1.93|1.72|2.235|2.025|2026-04-01
58560|NA|1.759|NA|2.139|2026-04-01
58561|1.999|1.799|2.349|2.149|2026-04-01
58562|2.059|1.759|2.399|2.099|2026-04-01
58567|1.931|1.719|2.081|2.069|2026-04-01
58568|1.939|1.759|2.279|2.099|2026-04-01
58569|1.937|1.717|2.255|2.035|2026-04-01
58570|1.957|1.737|2.255|2.035|2026-04-01
58571|2.028|1.728|2.028|1.728|2026-04-01
58572|NA|1.789|NA|2.129|2026-04-01
58573|1.758|1.758|2.14|2.14|2026-04-01
58574|1.983|1.773|2.355|2.165|2026-04-01
58575|NA|1.737|NA|2.05|2026-04-01
58577|1.769|1.769|2.119|2.119|2026-04-01
58578|1.947|1.737|2.263|2.053|2026-04-01
58579|1.937|1.717|2.273|2.053|2026-04-01
58580|1.957|1.737|2.253|2.033|2026-04-01
58581|NA|1.717|NA|2.053|2026-04-01
58582|1.957|1.737|2.273|2.053|2026-04-01
58583|1.957|1.737|2.265|2.045|2026-04-01
58584|1.957|1.737|2.273|2.053|2026-04-01
58585|1.937|1.717|2.253|2.033|2026-04-01
58586|1.957|1.737|2.273|2.053|2026-04-01
58587|1.937|1.712|2.26|2.035|2026-04-01
58588|1.957|1.737|2.265|2.045|2026-04-01
58589|1.955|1.735|2.265|2.045|2026-04-01
58590|1.955|1.735|2.255|2.035|2026-04-01
58591|1.957|1.737|2.255|2.035|2026-04-01
58592|1.957|1.737|2.273|2.053|2026-04-01
58593|1.955|1.735|2.273|2.053|2026-04-01
58594|NA|1.735|NA|2.033|2026-04-01
58595|1.955|1.735|2.253|2.033|2026-04-01
58596|1.899|1.699|2.259|2.059|2026-04-01
58597|1.839|1.839|2.129|2.129|2026-04-01
58598|1.789|1.789|2.099|2.099|2026-04-01
58599|1.799|1.799|2.099|2.099|2026-04-01
58600|NA|1.72|NA|2.04|2026-04-01
58601|1.749|1.749|2.099|2.099|2026-04-01
58602|1.929|1.779|2.299|2.149|2026-04-01
58603|1.719|1.719|1.999|1.999|2026-04-01
58607|1.819|1.819|2.099|2.099|2026-04-01
58608|1.749|1.749|2.029|2.029|2026-04-01
58612|1.957|1.737|2.273|2.053|2026-04-01
58613|NA|1.732|NA|2.048|2026-04-01
58614|NA|1.747|NA|2.027|2026-04-01
58615|1.989|1.779|2.259|2.049|2026-04-01
58616|1.868|1.749|2.258|2.139|2026-04-01
58617|1.839|1.839|2.149|2.149|2026-04-01
58618|1.729|1.729|2.129|2.129|2026-04-01
58619|NA|1.699|NA|2.049|2026-04-01
58620|1.839|1.749|2.155|2.065|2026-04-01
58621|1.789|1.789|2.169|2.169|2026-04-01
58622|1.957|1.737|2.273|2.053|2026-04-01
58623|1.957|1.737|2.273|2.053|2026-04-01
58625|1.815|1.615|1.835|1.635|2026-04-01
58626|1.819|1.759|2.099|2.039|2026-04-01
58627|1.929|1.779|2.299|2.149|2026-04-01
58628|NA|1.697|NA|2.017|2026-04-01
58629|1.968|1.808|2.3|2.11|2026-04-01
58630|1.758|1.758|2.14|2.14|2026-04-01
58631|2.019|1.799|2.349|2.129|2026-04-01
58632|1.745|NA|1.999|NA|2026-04-01
58634|1.939|1.719|2.289|2.069|2026-04-01
58636|1.799|1.799|2.049|2.049|2026-04-01
58638|1.848|1.749|2.178|2.079|2026-04-01
58641|NA|1.799|NA|2.099|2026-04-01
58643|1.772|1.772|2.114|2.114|2026-04-01
58647|2.028|1.728|2.348|2.048|2026-04-01
58649|1.994|1.834|2.305|2.115|2026-04-01
58650|NA|1.737|NA|2.035|2026-04-01
58651|NA|1.715|NA|2.035|2026-04-01
58652|1.769|1.769|2.029|2.029|2026-04-01
58653|1.719|1.719|1.979|1.979|2026-04-01
58654|1.809|1.809|2.059|2.059|2026-04-01
58657|1.809|1.809|2.179|2.179|2026-04-01
58660|1.989|1.749|2.319|2.079|2026-04-01
58661|NA|1.819|NA|2.139|2026-04-01
58663|NA|1.739|NA|2.119|2026-04-01
58664|NA|1.717|NA|2.033|2026-04-01
58665|2.067|1.717|2.477|2.127|2026-04-01
58667|1.759|1.759|2.099|2.099|2026-04-01
58668|NA|1.819|NA|2.149|2026-04-01
58669|1.779|NA|2.079|NA|2026-04-01
58670|1.839|1.739|2.149|2.049|2026-04-01
58671|1.955|1.735|2.265|2.045|2026-04-01
58672|1.957|1.737|2.273|2.053|2026-04-01
58673|NA|1.759|NA|2.099|2026-04-01
58674|1.969|1.759|2.279|2.069|2026-04-01
58675|1.942|1.732|2.258|2.048|2026-04-01
58680|1.688|1.688|2.013|2.013|2026-04-01
58681|NA|1.688|NA|2.013|2026-04-01
58682|2.099|1.799|2.397|2.097|2026-04-01
58683|1.919|1.719|2.269|2.069|2026-04-01
58686|NA|1.779|NA|2.129|2026-04-01
58687|1.769|1.769|2.049|2.049|2026-04-01
58688|NA|1.799|NA|2.129|2026-04-01
58689|2.256|1.899|2.734|2.259|2026-04-01
58691|NA|1.719|NA|2.069|2026-04-01
58692|NA|1.73|NA|2.033|2026-04-01
58693|1.879|1.879|2.279|2.279|2026-04-01
58694|1.715|1.715|2.035|2.035|2026-04-01
58698|NA|1.712|NA|2.028|2026-04-01
58700|1.899|1.899|2.099|2.099|2026-04-01
58702|1.947|1.737|2.263|2.053|2026-04-01
58703|NA|1.799|NA|2.069|2026-04-01
58706|1.699|1.699|2.039|2.039|2026-04-01
58707|NA|1.759|NA|2.099|2026-04-01
58708|NA|1.759|NA|2.119|2026-04-01
58709|1.879|1.879|2.099|2.099|2026-04-01
58710|1.957|1.737|2.273|2.053|2026-04-01
58715|1.957|1.737|2.255|2.035|2026-04-01
58716|1.955|1.735|2.255|2.035|2026-04-01
58717|NA|1.759|NA|2.059|2026-04-01
58719|NA|1.725|NA|2.035|2026-04-01
58721|1.979|1.779|2.339|2.139|2026-04-01
58724|1.965|1.745|2.255|2.035|2026-04-01
58725|2.069|1.719|2.459|2.109|2026-04-01
58726|1.755|1.755|2.093|2.093|2026-04-01
58727|1.789|1.789|2.059|2.059|2026-04-01
58728|NA|1.799|NA|1.999|2026-04-01
58733|NA|1.739|NA|2.139|2026-04-01
58738|1.889|1.889|2.059|2.059|2026-04-01
58739|NA|1.799|NA|2.099|2026-04-01
58740|NA|1.719|NA|2.039|2026-04-01
58741|1.957|1.737|2.255|2.035|2026-04-01
58742|NA|1.719|NA|2.099|2026-04-01
58743|1.945|1.725|2.273|2.053|2026-04-01
58745|NA|1.769|NA|2.109|2026-04-01
58746|1.849|1.749|2.159|2.059|2026-04-01
58747|1.957|1.737|2.273|2.053|2026-04-01
58748|1.955|1.735|2.255|2.035|2026-04-01
58749|1.945|1.725|2.253|2.033|2026-04-01
58750|1.955|1.735|2.255|2.035|2026-04-01
58751|1.955|1.735|2.255|2.035|2026-04-01
58753|1.714|1.714|2.055|2.055|2026-04-01
58754|1.777|1.777|2.127|2.127|2026-04-01
58755|1.737|1.737|2.053|2.053|2026-04-01
58756|1.728|1.728|2.048|2.048|2026-04-01
58757|1.759|1.699|2.089|2.029|2026-04-01
58758|1.83|1.83|2.119|2.119|2026-04-01
58759|1.899|1.699|2.269|2.069|2026-04-01
58760|1.969|1.749|2.279|2.059|2026-04-01
58762|1.789|1.789|2.089|2.089|2026-04-01
58763|NA|1.739|NA|NA|2026-04-01
58764|NA|1.739|NA|NA|2026-04-01
58767|1.949|1.699|2.319|2.069|2026-04-01
58768|1.769|1.769|2.059|2.059|2026-04-01
58769|1.739|1.739|2.039|2.039|2026-04-01
58770|1.919|1.919|2.129|2.129|2026-04-01
58774|1.974|1.739|2.284|2.049|2026-04-01
58775|NA|1.779|NA|2.139|2026-04-01
58776|NA|1.717|NA|2.033|2026-04-01
58777|1.689|1.689|1.998|1.998|2026-04-01
58778|1.957|1.737|2.265|2.045|2026-04-01
58779|1.739|1.739|2.039|2.039|2026-04-01
58780|NA|1.737|NA|2.035|2026-04-01
58781|1.899|1.739|2.209|2.089|2026-04-01
58783|NA|1.737|NA|2.053|2026-04-01
58784|1.749|1.749|2.059|2.059|2026-04-01
58785|NA|1.769|NA|2.129|2026-04-01
58786|NA|1.779|NA|2.169|2026-04-01
58787|NA|1.759|NA|2.029|2026-04-01
58788|1.827|1.747|2.105|2.025|2026-04-01
58791|1.819|1.819|2.159|2.159|2026-04-01
58792|1.929|1.729|2.239|2.039|2026-04-01
58798|NA|1.777|NA|2.126|2026-04-01
58801|1.899|1.799|2.199|2.099|2026-04-01
58805|NA|1.766|NA|2.126|2026-04-01
58807|1.999|1.789|2.309|2.099|2026-04-01
58808|1.937|1.717|2.255|2.035|2026-04-01
58809|NA|1.717|NA|2.033|2026-04-01
58810|1.959|1.779|2.349|2.099|2026-04-01
58811|NA|1.717|NA|2.033|2026-04-01
58812|2.009|1.809|2.369|2.169|2026-04-01
58814|1.909|1.699|2.259|2.049|2026-04-01
58815|1.949|1.739|2.309|2.099|2026-04-01
58818|NA|1.759|NA|2.099|2026-04-01
58819|1.819|1.819|2.059|2.059|2026-04-01
58821|NA|1.739|NA|1.999|2026-04-01
58822|NA|1.699|NA|1.999|2026-04-01
58824|1.957|1.737|2.273|2.053|2026-04-01
58825|1.957|1.737|2.253|2.033|2026-04-01
58826|1.95|1.73|2.253|2.033|2026-04-01
58827|1.957|1.737|2.253|2.033|2026-04-01
58828|1.957|1.737|2.273|2.053|2026-04-01
58829|1.755|1.675|NA|2.045|2026-04-01
58830|1.89|NA|2.12|NA|2026-04-01
58831|NA|1.799|NA|2.149|2026-04-01
58832|1.989|NA|2.339|NA|2026-04-01
58833|NA|1.729|NA|2.109|2026-04-01
58834|1.729|1.729|2.029|2.029|2026-04-01
58836|1.739|1.739|2.099|2.099|2026-04-01
58838|2.199|1.899|2.499|2.199|2026-04-01
58839|1.935|1.715|2.235|2.015|2026-04-01
58840|1.929|1.699|2.315|2.085|2026-04-01
58842|NA|1.779|NA|2.099|2026-04-01
58844|NA|1.739|NA|2.089|2026-04-01
58845|NA|1.759|NA|2.079|2026-04-01
58846|NA|1.759|NA|2.139|2026-04-01
58847|2.169|1.769|2.459|2.059|2026-04-01
58848|1.942|1.732|2.245|2.035|2026-04-01
58852|NA|1.698|NA|2.038|2026-04-01
58856|1.787|1.707|2.137|2.057|2026-04-01
58857|1.759|NA|2.059|NA|2026-04-01
58858|1.983|1.773|2.305|2.115|2026-04-01
58859|NA|1.719|NA|2.079|2026-04-01
58860|1.829|1.829|2.089|2.089|2026-04-01
58861|NA|1.749|NA|2.069|2026-04-01
58862|1.759|1.759|1.999|1.999|2026-04-01
58863|1.94|1.73|2.25|2.04|2026-04-01
58865|1.957|1.737|2.265|2.045|2026-04-01
58866|1.957|1.737|2.273|2.053|2026-04-01
58868|1.719|1.719|2.039|2.039|2026-04-01
58869|1.719|1.719|2.159|2.039|2026-04-01
58870|1.849|1.849|2.109|2.109|2026-04-01
58872|NA|1.799|NA|2.129|2026-04-01
58873|2.079|1.779|2.349|2.049|2026-04-01
58874|1.799|1.799|2.099|2.099|2026-04-01
58876|1.739|NA|1.639|NA|2026-04-01
58877|1.669|NA|1.989|NA|2026-04-01
58878|1.719|1.719|2.009|2.009|2026-04-01
58879|1.745|NA|2.105|NA|2026-04-01
58880|1.957|1.737|2.255|2.035|2026-04-01
58881|1.957|1.737|NA|NA|2026-04-01
58882|1.757|1.757|2.097|2.097|2026-04-01
58884|NA|1.737|NA|2.05|2026-04-01
58885|NA|1.717|NA|2.033|2026-04-01
58886|1.779|1.779|2.099|2.099|2026-04-01
58887|1.739|1.739|2.049|2.049|2026-04-01
58888|1.909|1.699|2.299|2.089|2026-04-01
58889|2.159|1.784|2.504|2.134|2026-04-01
58891|NA|1.717|NA|2.035|2026-04-01
58892|1.955|1.735|NA|NA|2026-04-01
58894|1.947|1.732|2.25|2.035|2026-04-01
58896|NA|1.749|NA|2.069|2026-04-01
58897|1.939|1.939|2.149|2.149|2026-04-01
58898|1.779|1.779|2.079|2.079|2026-04-01
58901|1.788|1.788|2.028|2.028|2026-04-01
58902|1.889|1.699|2.289|2.099|2026-04-01
58903|2.209|1.719|2.539|2.049|2026-04-01
58904|1.739|NA|2.119|NA|2026-04-01
58905|NA|NA|2.185|NA|2026-04-01
58906|1.697|1.697|2.035|2.035|2026-04-01
58908|NA|NA|2.273|2.053|2026-04-01
58909|1.849|1.849|2.109|2.109|2026-04-01
58910|NA|1.789|NA|2.139|2026-04-01
58911|NA|1.725|NA|2.039|2026-04-01
58912|NA|1.717|NA|2.033|2026-04-01
58913|2.099|1.799|2.389|2.089|2026-04-01
58914|NA|1.698|NA|2.058|2026-04-01
58917|1.957|1.737|2.265|2.045|2026-04-01
58918|1.95|1.73|2.253|2.033|2026-04-01
58920|1.997|1.786|2.327|2.116|2026-04-01
58922|NA|1.747|NA|2.087|2026-04-01
58923|1.959|1.739|2.319|2.099|2026-04-01
58924|1.679|1.679|1.999|1.999|2026-04-01
58926|NA|1.699|NA|2.059|2026-04-01
58929|1.9|NA|1.818|NA|2026-04-01
58931|1.979|1.729|2.329|2.079|2026-04-01
58933|1.957|1.737|2.265|2.045|2026-04-01
58934|1.864|1.719|2.169|2.024|2026-04-01
58935|1.957|1.737|2.265|2.045|2026-04-01
58936|NA|1.969|NA|2.238|2026-04-01
58938|NA|1.799|NA|2.099|2026-04-01
58939|NA|1.737|NA|2.045|2026-04-01
58940|1.937|1.717|2.253|2.033|2026-04-01
58941|NA|1.732|NA|2.035|2026-04-01
58942|1.879|1.729|2.229|2.079|2026-04-01
58943|1.898|1.798|2.158|2.058|2026-04-01
58944|1.679|NA|2.029|NA|2026-04-01
58945|1.737|1.737|2.097|2.097|2026-04-01
58946|NA|1.759|NA|2.119|2026-04-01
58947|1.779|1.779|2.019|2.019|2026-04-01
58949|NA|1.735|NA|2.045|2026-04-01
58950|NA|1.735|NA|2.045|2026-04-01
58951|1.769|1.769|2.099|2.099|2026-04-01
58952|NA|1.929|NA|2.199|2026-04-01
58954|1.957|1.737|2.273|2.053|2026-04-01
58955|1.957|1.737|2.255|2.035|2026-04-01
58957|1.937|1.737|2.227|2.027|2026-04-01
58958|NA|1.719|NA|1.999|2026-04-01
58959|1.799|NA|2.099|NA|2026-04-01
58960|1.849|1.749|2.199|2.099|2026-04-01
58961|1.909|1.759|2.249|2.099|2026-04-01
58962|NA|NA|2.255|2.035|2026-04-01
58963|1.945|1.725|2.305|2.085|2026-04-01
58964|1.999|NA|1.899|NA|2026-04-01
58965|1.829|1.729|2.199|2.099|2026-04-01
58967|NA|1.779|NA|2.129|2026-04-01
58968|NA|1.719|NA|2.029|2026-04-01
58970|2.199|1.799|2.469|2.069|2026-04-01
58971|1.899|1.749|2.239|2.089|2026-04-01
58972|1.899|1.749|2.239|2.089|2026-04-01
58973|1.699|1.699|2.079|2.079|2026-04-01
58974|1.749|1.749|2.089|2.069|2026-04-01
58976|1.859|1.679|2.269|2.089|2026-04-01
58977|1.957|1.767|2.287|2.097|2026-04-01
58978|1.719|1.719|2.059|2.059|2026-04-01
58979|1.947|1.737|2.281|2.053|2026-04-01
58980|1.869|1.749|2.199|2.079|2026-04-01
58981|1.709|1.709|2.099|2.099|2026-04-01
58982|NA|1.899|NA|2.069|2026-04-01
58983|1.785|NA|2.145|NA|2026-04-01
58984|1.995|1.775|2.335|2.115|2026-04-01
58985|1.909|NA|2.199|NA|2026-04-01
58986|NA|1.697|NA|2.057|2026-04-01
58989|1.779|1.779|2.099|2.099|2026-04-01
58990|NA|1.738|NA|2.098|2026-04-01
58991|NA|1.719|NA|2.109|2026-04-01
58992|1.957|1.737|2.253|2.033|2026-04-01
58993|NA|1.717|NA|2.035|2026-04-01
58994|2.039|1.789|2.359|2.109|2026-04-01
58995|1.819|1.689|2.049|2.009|2026-04-01
58996|1.759|1.759|2.079|2.079|2026-04-01
58997|NA|1.737|NA|2.035|2026-04-01
58999|NA|1.769|NA|2.069|2026-04-01
59000|1.769|1.769|2.159|2.159|2026-04-01
59002|1.957|1.737|2.273|2.053|2026-04-01
59003|1.749|1.749|2.129|2.129|2026-04-01
59004|NA|1.775|NA|2.095|2026-04-01
59005|1.949|1.749|2.229|2.029|2026-04-01
59006|1.759|1.759|2.059|2.059|2026-04-01
59007|1.94|1.72|2.253|2.033|2026-04-01
59008|1.957|1.737|2.273|2.053|2026-04-01
59009|1.935|1.725|2.235|2.025|2026-04-01
59012|2.124|1.914|2.024|1.814|2026-04-01
59014|1.949|1.739|2.289|2.079|2026-04-01
59015|1.965|1.745|2.315|2.095|2026-04-01
59016|1.957|1.737|2.273|2.053|2026-04-01
59017|1.789|1.739|2.049|1.999|2026-04-01
59020|1.829|1.829|2.069|2.069|2026-04-01
59022|1.829|1.829|2.069|2.069|2026-04-01
59023|NA|1.819|NA|2.099|2026-04-01
59024|NA|1.829|NA|2.099|2026-04-01
59025|1.979|1.779|2.349|2.149|2026-04-01
59026|2.029|1.779|2.359|2.109|2026-04-01
59027|1.899|1.899|2.109|2.109|2026-04-01
59028|1.929|1.719|2.309|2.099|2026-04-01
59029|1.979|1.779|2.199|1.999|2026-04-01
59034|NA|1.699|NA|1.999|2026-04-01
59035|NA|1.779|NA|2.159|2026-04-01
59036|NA|1.819|NA|2.149|2026-04-01
59037|NA|1.725|NA|2.055|2026-04-01
59039|1.999|1.799|2.399|2.199|2026-04-01
59040|NA|1.737|NA|2.053|2026-04-01
59041|1.919|1.729|2.239|2.049|2026-04-01
59042|1.969|1.749|2.259|2.039|2026-04-01
59043|1.779|1.779|2.099|2.099|2026-04-01
59045|1.679|1.679|1.994|1.994|2026-04-01
59046|1.749|1.749|2.029|2.029|2026-04-01
59047|1.969|1.769|2.269|2.069|2026-04-01
59048|1.736|1.736|1.996|1.996|2026-04-01
59049|1.937|1.717|2.273|2.053|2026-04-01
59051|NA|1.709|NA|2.009|2026-04-01
59054|1.729|1.729|2.029|2.029|2026-04-01
59055|1.699|1.699|1.975|1.975|2026-04-01
59056|1.979|1.725|2.323|2.069|2026-04-01
59059|1.699|1.699|2.029|2.029|2026-04-01
59060|1.999|1.799|2.399|2.199|2026-04-01
59061|1.689|1.689|2.039|2.039|2026-04-01
59062|NA|1.739|NA|2.039|2026-04-01
59063|1.719|1.719|2.069|2.069|2026-04-01
59064|1.979|1.829|2.279|2.129|2026-04-01
59065|2.049|1.769|2.329|2.049|2026-04-01
59066|NA|1.675|NA|1.999|2026-04-01
59068|1.769|1.769|2.099|2.099|2026-04-01
59069|NA|1.759|NA|2.059|2026-04-01
59070|NA|1.739|NA|2.059|2026-04-01
59071|1.729|1.729|2.039|2.039|2026-04-01
59072|NA|1.789|NA|2.159|2026-04-01
59073|1.859|1.759|2.189|2.089|2026-04-01
59076|NA|1.735|NA|2.035|2026-04-01
59077|NA|1.749|NA|2.059|2026-04-01
59078|NA|1.7|NA|2.005|2026-04-01
59079|NA|1.818|NA|2.148|2026-04-01
59081|NA|1.685|NA|1.999|2026-04-01
59082|NA|1.729|NA|2.099|2026-04-01
59083|1.999|1.749|2.349|2.149|2026-04-01
59085|1.957|1.737|2.273|2.053|2026-04-01
59086|1.937|1.717|2.255|2.035|2026-04-01
59088|1.955|1.735|2.255|2.035|2026-04-01
59089|1.999|1.799|2.359|2.159|2026-04-01
59090|1.957|1.737|2.265|2.045|2026-04-01
59091|1.957|1.737|2.253|2.033|2026-04-01
59092|1.957|1.737|2.273|2.053|2026-04-01
59093|1.942|1.732|2.258|2.048|2026-04-01
59094|1.957|1.737|2.273|2.053|2026-04-01
59095|1.957|1.737|2.273|2.053|2026-04-01
59096|2.149|1.799|2.509|2.159|2026-04-01
59099|1.95|1.73|2.253|2.033|2026-04-01
59100|1.899|1.769|2.119|2.119|2026-04-01
59101|1.929|1.729|2.269|2.069|2026-04-01
59103|1.769|1.769|2.179|2.179|2026-04-01
59105|2.029|1.779|2.349|2.099|2026-04-01
59106|1.859|1.759|2.199|2.099|2026-04-01
59107|1.779|1.779|2.099|2.099|2026-04-01
59109|1.925|1.717|2.255|2.035|2026-04-01
59110|1.849|1.749|2.199|2.099|2026-04-01
59111|1.909|1.769|2.279|2.139|2026-04-01
59113|1.959|1.759|2.299|2.099|2026-04-01
59114|NA|1.739|NA|2.059|2026-04-01
59118|NA|1.909|NA|2.199|2026-04-01
59119|1.999|1.799|2.299|2.099|2026-04-01
59120|NA|1.749|NA|2.149|2026-04-01
59121|1.955|1.735|2.265|2.045|2026-04-01
59122|2.044|1.737|2.039|2.033|2026-04-01
59123|1.955|1.735|2.253|2.033|2026-04-01
59124|1.945|1.725|2.265|2.045|2026-04-01
59125|1.957|1.737|2.265|2.045|2026-04-01
59126|1.959|1.739|2.304|2.079|2026-04-01
59131|NA|1.749|NA|2.099|2026-04-01
59132|NA|1.732|NA|2.035|2026-04-01
59133|1.997|1.786|2.397|2.186|2026-04-01
59134|1.789|1.789|2.039|2.039|2026-04-01
59135|1.957|1.737|2.291|2.053|2026-04-01
59136|1.799|1.799|2.129|2.129|2026-04-01
59137|1.937|1.717|2.26|2.04|2026-04-01
59139|NA|1.719|NA|2.099|2026-04-01
59140|NA|1.735|NA|1.955|2026-04-01
59141|1.955|1.735|2.253|2.033|2026-04-01
59142|1.945|1.725|2.273|2.053|2026-04-01
59143|1.925|1.717|2.265|2.045|2026-04-01
59144|NA|1.769|NA|2.099|2026-04-01
59145|1.699|1.699|2.089|2.089|2026-04-01
59147|2.029|1.779|2.399|2.149|2026-04-01
59148|1.93|1.705|2.26|2.035|2026-04-01
59150|1.979|1.769|2.289|2.079|2026-04-01
59151|NA|1.739|NA|2.119|2026-04-01
59152|NA|1.829|NA|2.069|2026-04-01
59153|NA|1.789|NA|2.059|2026-04-01
59156|1.799|1.799|2.099|2.099|2026-04-01
59159|NA|1.749|NA|2.099|2026-04-01
59160|1.798|1.749|2.158|2.109|2026-04-01
59161|1.957|1.737|2.273|2.053|2026-04-01
59162|1.957|1.737|2.273|2.053|2026-04-01
59163|1.859|1.799|2.099|2.099|2026-04-01
59164|2.019|1.769|2.349|2.099|2026-04-01
59166|NA|1.739|NA|2.059|2026-04-01
59167|1.717|1.717|2.084|2.084|2026-04-01
59169|1.957|1.737|2.273|2.053|2026-04-01
59172|1.719|1.719|1.999|1.999|2026-04-01
59173|NA|1.715|NA|2.035|2026-04-01
59175|NA|1.705|NA|2.035|2026-04-01
59176|1.999|1.759|2.339|2.099|2026-04-01
59177|1.779|1.779|2.089|2.089|2026-04-01
59179|1.967|1.747|2.273|2.053|2026-04-01
59180|1.937|1.717|2.253|2.033|2026-04-01
59181|NA|1.799|NA|2.179|2026-04-01
59182|NA|1.799|NA|2.169|2026-04-01
59183|1.957|1.737|2.26|2.04|2026-04-01
59184|1.879|1.779|2.149|2.049|2026-04-01
59185|1.959|1.749|2.289|2.079|2026-04-01
59186|1.809|1.729|2.159|2.079|2026-04-01
59188|1.868|1.868|2.079|2.079|2026-04-01
59189|1.999|1.799|2.289|2.149|2026-04-01
59190|1.735|1.735|2.055|2.055|2026-04-01
59191|1.93|1.717|2.24|2.033|2026-04-01
59192|1.759|1.759|2.099|2.099|2026-04-01
59193|1.957|1.737|2.265|2.045|2026-04-01
59194|1.937|1.717|2.255|2.035|2026-04-01
59195|NA|1.779|NA|2.129|2026-04-01
59196|NA|1.749|NA|2.059|2026-04-01
59197|NA|1.799|NA|2.179|2026-04-01
59198|1.759|1.759|2.079|2.079|2026-04-01
59199|NA|1.769|NA|2.099|2026-04-01
59200|NA|1.719|NA|2.039|2026-04-01
59202|NA|1.735|NA|2.053|2026-04-01
59204|1.909|1.719|2.239|2.049|2026-04-01
59205|1.957|1.737|2.273|2.053|2026-04-01
59206|NA|1.89|NA|2.09|2026-04-01
59211|1.719|1.719|2.079|2.079|2026-04-01
59212|1.979|1.829|2.279|2.129|2026-04-01
59213|1.999|1.819|2.329|2.149|2026-04-01
59214|1.799|1.799|2.169|2.169|2026-04-01
59215|NA|1.749|NA|2.069|2026-04-01
59216|NA|1.899|NA|NA|2026-04-01
59218|NA|1.799|NA|2.069|2026-04-01
59220|NA|1.737|NA|2.053|2026-04-01
59221|1.945|1.725|2.255|2.035|2026-04-01
59222|NA|1.737|NA|2.035|2026-04-01
59223|1.957|1.737|2.255|2.035|2026-04-01
59224|1.957|1.737|2.265|2.045|2026-04-01
59225|1.945|1.725|2.273|2.053|2026-04-01
59226|1.955|1.735|2.255|2.035|2026-04-01
59227|1.967|1.737|2.283|2.053|2026-04-01
59228|1.957|1.737|2.265|2.045|2026-04-01
59229|1.955|1.735|2.253|2.033|2026-04-01
59230|1.957|1.737|2.273|2.053|2026-04-01
59231|1.957|1.737|2.255|2.035|2026-04-01
59232|1.937|1.717|2.253|2.033|2026-04-01
59233|1.957|1.737|2.265|2.045|2026-04-01
59235|1.909|1.729|2.279|2.099|2026-04-01
59236|1.799|NA|2.099|NA|2026-04-01
59237|1.937|1.717|2.255|2.035|2026-04-01
59238|1.937|1.717|2.255|2.035|2026-04-01
59239|1.935|1.717|2.255|2.035|2026-04-01
59240|1.945|1.725|2.255|2.035|2026-04-01
59241|NA|1.717|NA|2.035|2026-04-01
59242|1.957|1.737|2.273|2.053|2026-04-01
59243|1.957|1.737|2.255|2.035|2026-04-01
59244|1.957|1.737|2.265|2.045|2026-04-01
59245|1.869|1.869|1.999|1.999|2026-04-01
59246|1.749|NA|2.139|NA|2026-04-01
59247|NA|1.759|NA|2.089|2026-04-01
59248|2.099|NA|2.199|NA|2026-04-01
59249|2.099|NA|2.199|NA|2026-04-01
59250|1.729|1.729|2.019|2.019|2026-04-01
59251|NA|1.735|NA|2.048|2026-04-01
59254|1.737|1.737|2.037|2.037|2026-04-01
59255|NA|1.679|NA|2.049|2026-04-01
59256|NA|1.699|NA|2.016|2026-04-01
59259|NA|1.699|NA|2.079|2026-04-01
59260|1.719|1.719|2.029|2.029|2026-04-01
59261|1.969|1.739|2.299|2.069|2026-04-01
59262|1.949|1.749|2.269|2.069|2026-04-01
59263|1.919|1.729|2.289|2.099|2026-04-01
59264|1.939|1.749|2.269|2.079|2026-04-01
59266|1.919|1.729|2.289|2.099|2026-04-01
59267|1.759|1.699|2.089|2.029|2026-04-01
59270|NA|1.759|NA|2.069|2026-04-01
59271|NA|1.749|NA|2.099|2026-04-01
59272|NA|1.739|NA|2.099|2026-04-01
59273|1.959|1.769|2.329|2.139|2026-04-01
59274|1.972|1.762|2.335|2.125|2026-04-01
59276|1.899|1.899|2.159|2.159|2026-04-01
59277|NA|1.789|NA|2.099|2026-04-01
59279|1.969|1.759|2.269|2.059|2026-04-01
59280|1.749|1.749|2.099|2.099|2026-04-01
59281|1.839|1.739|2.179|2.079|2026-04-01
59283|1.695|1.695|1.995|1.995|2026-04-01
59284|1.669|NA|2.019|NA|2026-04-01
59285|NA|1.759|NA|2.079|2026-04-01
59288|1.959|1.739|2.279|2.059|2026-04-01
59289|NA|1.688|NA|1.998|2026-04-01
59290|NA|1.739|NA|2.099|2026-04-01
59291|1.979|1.749|2.279|2.069|2026-04-01
59292|2.009|1.759|2.319|2.069|2026-04-01
59293|1.979|1.779|2.349|2.149|2026-04-01
59295|NA|1.697|NA|2.038|2026-04-01
59300|1.929|1.739|2.259|2.069|2026-04-01
59301|NA|1.699|NA|2.059|2026-04-01
59303|1.779|1.779|2.062|2.062|2026-04-01
59304|1.799|1.799|2.079|2.079|2026-04-01
59305|NA|1.742|NA|2.045|2026-04-01
59306|NA|1.739|NA|2.099|2026-04-01
59307|1.787|1.787|2.057|2.057|2026-04-01
59308|2.379|2.379|2.679|2.679|2026-04-01
59311|1.939|1.749|2.309|2.119|2026-04-01
59312|1.729|1.729|2.059|2.059|2026-04-01
59313|2.059|1.769|2.289|1.999|2026-04-01
59314|1.739|1.739|2.079|2.079|2026-04-01
59315|1.739|1.739|2.099|2.099|2026-04-01
59318|1.737|1.737|2.147|2.147|2026-04-01
59319|1.839|1.739|2.179|2.079|2026-04-01
59321|1.729|1.729|2.039|2.039|2026-04-01
59323|1.666|1.666|1.985|1.985|2026-04-01
59325|1.942|1.732|2.258|2.048|2026-04-01
59326|1.937|1.717|2.255|2.035|2026-04-01
59327|1.957|1.737|2.255|2.035|2026-04-01
59328|1.937|1.717|2.253|2.033|2026-04-01
59329|1.957|1.737|2.253|2.033|2026-04-01
59330|1.957|1.737|2.253|2.033|2026-04-01
59331|1.945|1.725|2.255|2.035|2026-04-01
59332|NA|1.739|NA|2.109|2026-04-01
59333|1.719|1.719|2.049|2.049|2026-04-01
59335|1.799|1.799|2.099|2.099|2026-04-01
59337|1.929|1.719|2.309|2.099|2026-04-01
59338|1.939|1.739|1.939|2.059|2026-04-01
59340|NA|1.789|NA|2.149|2026-04-01
59341|2.042|1.842|2.368|2.158|2026-04-01
59345|1.82|1.82|2.15|2.15|2026-04-01
59347|1.849|1.699|2.209|2.059|2026-04-01
59348|NA|1.739|NA|2.059|2026-04-01
59349|1.909|1.729|2.269|2.079|2026-04-01
59350|1.899|1.829|2.119|2.049|2026-04-01
59351|1.952|1.742|2.255|2.045|2026-04-01
59352|1.939|1.729|2.349|2.139|2026-04-01
59353|1.769|1.769|2.149|2.149|2026-04-01
59354|1.769|1.769|2.179|2.179|2026-04-01
59355|1.789|1.789|2.189|2.189|2026-04-01
59358|NA|1.73|NA|2.03|2026-04-01
59362|NA|1.675|NA|2.039|2026-04-01
59363|1.909|1.709|2.259|2.059|2026-04-01
59364|NA|1.769|NA|2.099|2026-04-01
59365|1.999|1.799|2.319|2.119|2026-04-01
59367|1.939|1.749|2.289|2.099|2026-04-01
59369|1.937|1.717|2.253|2.033|2026-04-01
59370|NA|1.699|NA|2.019|2026-04-01
59372|NA|1.779|NA|2.049|2026-04-01
59373|1.957|1.737|2.273|2.053|2026-04-01
59374|NA|1.735|NA|2.045|2026-04-01
59375|1.957|1.737|2.265|2.045|2026-04-01
59376|1.979|1.779|2.329|2.129|2026-04-01
59377|NA|1.757|NA|2.087|2026-04-01
59378|1.919|1.719|2.269|2.069|2026-04-01
59379|1.899|NA|2.099|NA|2026-04-01
59381|1.942|1.732|2.245|2.035|2026-04-01
59385|1.859|1.759|2.169|2.069|2026-04-01
59387|1.759|1.759|2.089|2.089|2026-04-01
59388|NA|1.899|NA|2.199|2026-04-01
59390|1.749|1.749|2.099|2.099|2026-04-01
59391|NA|1.763|NA|2.103|2026-04-01
59392|NA|1.739|NA|2.099|2026-04-01
59393|1.909|1.699|2.259|2.049|2026-04-01
59394|NA|8.888|NA|8.888|2026-04-01
59395|1.829|1.729|2.189|2.089|2026-04-01
59398|1.749|1.749|2.099|2.099|2026-04-01
59399|NA|1.769|NA|2.129|2026-04-01
59400|1.695|NA|2.005|NA|2026-04-01
59401|NA|1.719|NA|NA|2026-04-01
59403|NA|1.717|NA|2.035|2026-04-01
59404|1.789|NA|2.059|NA|2026-04-01
59406|1.92|1.71|2.239|2.029|2026-04-01
59407|1.957|1.737|2.291|NA|2026-04-01
59408|1.95|1.73|2.253|2.033|2026-04-01
59409|1.937|1.717|2.255|2.035|2026-04-01
59410|1.957|1.737|2.255|2.035|2026-04-01
59411|1.955|1.735|2.255|2.035|2026-04-01
59412|1.959|1.759|2.299|2.099|2026-04-01
59413|NA|1.739|NA|2.069|2026-04-01
59414|NA|1.779|NA|2.059|2026-04-01
59415|1.859|1.699|2.099|2.039|2026-04-01
59416|1.729|1.729|2.069|2.069|2026-04-01
59419|NA|1.779|NA|2.059|2026-04-01
59420|1.803|1.703|2.113|2.013|2026-04-01
59421|1.727|NA|2.097|NA|2026-04-01
59423|NA|1.737|NA|1.997|2026-04-01
59424|1.899|1.719|2.219|2.039|2026-04-01
59425|1.859|1.739|2.209|2.089|2026-04-01
59426|1.689|1.689|1.569|1.569|2026-04-01
59428|1.935|1.735|2.269|2.069|2026-04-01
59431|1.739|1.739|2.059|2.059|2026-04-01
59432|1.989|1.789|2.349|2.149|2026-04-01
59433|1.937|1.719|2.197|1.979|2026-04-01
59434|NA|1.747|NA|2.077|2026-04-01
59435|1.959|1.749|2.249|2.039|2026-04-01
59438|1.839|1.739|2.199|2.099|2026-04-01
59439|NA|1.712|NA|2.035|2026-04-01
59440|1.719|1.719|2.099|2.099|2026-04-01
59441|1.919|1.719|2.289|2.089|2026-04-01
59444|NA|1.737|NA|2.037|2026-04-01
59446|NA|1.799|NA|2.029|2026-04-01
59448|1.839|1.719|2.149|2.029|2026-04-01
59449|NA|1.769|NA|2.119|2026-04-01
59451|2.246|1.896|2.447|2.097|2026-04-01
59452|NA|1.896|NA|2.097|2026-04-01
59453|2.039|1.757|2.389|2.077|2026-04-01
59454|1.899|1.699|2.199|1.999|2026-04-01
59455|1.739|1.739|2.089|2.089|2026-04-01
59456|1.679|NA|1.979|NA|2026-04-01
59457|NA|1.757|NA|2.049|2026-04-01
59458|1.769|1.769|2.119|2.119|2026-04-01
59461|NA|1.789|NA|2.099|2026-04-01
59462|1.999|1.749|2.309|2.029|2026-04-01
59463|NA|1.759|NA|2.099|2026-04-01
59465|1.799|1.799|2.09|2.09|2026-04-01
59466|1.95|1.73|2.27|2.05|2026-04-01
59467|NA|1.737|NA|2.045|2026-04-01
59468|NA|1.737|NA|2.047|2026-04-01
59469|NA|1.727|NA|1.997|2026-04-01
59470|1.779|1.779|2.099|2.099|2026-04-01
59471|1.739|1.739|2.059|2.059|2026-04-01
59472|NA|1.799|NA|2.099|2026-04-01
59473|1.737|1.737|2.047|2.047|2026-04-01
59474|2.089|1.739|2.499|2.149|2026-04-01
59475|1.869|1.659|2.129|1.919|2026-04-01
59476|NA|1.695|NA|2.015|2026-04-01
59477|NA|1.715|NA|1.985|2026-04-01
59478|NA|1.699|NA|1.995|2026-04-01
59479|NA|1.679|NA|1.995|2026-04-01
59483|NA|1.769|NA|2.048|2026-04-01
59484|2.069|1.769|2.429|2.129|2026-04-01
59485|1.935|1.735|2.269|2.069|2026-04-01
59486|2.089|1.789|2.439|2.139|2026-04-01
59488|1.759|1.759|2.059|2.059|2026-04-01
59490|1.952|1.732|2.268|2.048|2026-04-01
59492|1.889|1.739|2.209|2.059|2026-04-01
59494|1.949|1.739|2.346|2.139|2026-04-01
59497|1.818|1.718|2.071|1.971|2026-04-01
59499|1.719|1.719|2.029|2.029|2026-04-01
59500|NA|1.749|NA|2.069|2026-04-01
59501|1.969|1.759|2.299|2.089|2026-04-01
59502|NA|1.769|NA|2.069|2026-04-01
59503|1.942|1.732|2.258|2.048|2026-04-01
59504|NA|1.73|NA|2.05|2026-04-01
59506|1.849|1.699|2.199|2.049|2026-04-01
59507|2.119|1.769|2.519|2.169|2026-04-01
59508|1.975|1.765|2.325|2.115|2026-04-01
59510|1.769|NA|2.119|NA|2026-04-01
59511|NA|1.697|NA|2.067|2026-04-01
59512|1.955|1.735|2.255|2.035|2026-04-01
59513|1.957|1.737|2.255|2.035|2026-04-01
59515|1.799|1.739|2.139|2.079|2026-04-01
59516|2.057|1.839|2.377|2.159|2026-04-01
59517|1.729|1.729|2.169|2.169|2026-04-01
59518|1.759|1.759|2.139|2.139|2026-04-01
59519|1.699|1.699|1.959|1.959|2026-04-01
59520|1.659|1.659|1.999|1.999|2026-04-01
59522|1.719|1.719|2.049|2.049|2026-04-01
59525|1.878|1.728|2.198|2.048|2026-04-01
59526|1.768|1.768|2.048|2.048|2026-04-01
59527|1.889|1.739|2.249|2.099|2026-04-01
59528|2.109|1.889|2.369|2.139|2026-04-01
59529|1.959|1.759|2.199|1.999|2026-04-01
59530|NA|1.705|NA|2.008|2026-04-01
59531|1.899|1.899|2.199|2.199|2026-04-01
59533|NA|1.777|NA|2.179|2026-04-01
59534|1.689|1.689|2.069|2.069|2026-04-01
59535|1.875|1.675|2.299|2.099|2026-04-01
59536|1.92|1.72|2.249|2.049|2026-04-01
59537|NA|1.717|NA|2.035|2026-04-01
59539|2.029|1.829|2.349|2.149|2026-04-01
59540|2.147|1.797|2.429|2.079|2026-04-01
59541|NA|1.899|NA|2.089|2026-04-01
59542|1.939|1.799|1.899|2.149|2026-04-01
59543|1.979|1.779|2.349|2.149|2026-04-01
59545|NA|1.756|NA|2.156|2026-04-01
59550|1.957|1.737|2.273|2.053|2026-04-01
59551|1.959|1.859|1.899|2.099|2026-04-01
59552|NA|1.779|NA|2.119|2026-04-01
59553|NA|1.799|NA|2.149|2026-04-01
59554|1.932|1.722|2.218|2.008|2026-04-01
59555|2.209|1.959|2.449|2.199|2026-04-01
59556|1.819|1.819|2.039|2.039|2026-04-01
59557|1.727|1.727|2.027|2.027|2026-04-01
59558|NA|1.73|NA|2.068|2026-04-01
59559|1.729|1.729|2.099|2.099|2026-04-01
59560|NA|1.699|NA|2.039|2026-04-01
59561|1.919|1.699|2.259|2.039|2026-04-01
59562|1.769|1.769|2.099|2.099|2026-04-01
59564|NA|1.719|NA|2.059|2026-04-01
59565|2.179|1.779|2.449|2.049|2026-04-01
59566|1.925|1.705|2.255|2.035|2026-04-01
59568|NA|1.739|NA|2.099|2026-04-01
59569|1.955|1.735|2.255|2.035|2026-04-01
59571|2.097|1.735|2.297|1.997|2026-04-01
59573|1.699|1.699|1.999|1.999|2026-04-01
59580|NA|1.873|NA|2.151|2026-04-01
59582|1.919|1.719|2.269|2.069|2026-04-01
59584|1.739|1.739|2.099|2.099|2026-04-01
59585|1.957|1.737|2.265|2.045|2026-04-01
59586|NA|1.717|NA|2.035|2026-04-01
59587|1.979|1.769|2.259|2.049|2026-04-01
59589|1.699|1.699|1.999|1.999|2026-04-01
59590|1.739|1.739|1.659|1.659|2026-04-01
59591|1.759|1.759|1.999|1.999|2026-04-01
59592|NA|1.759|NA|2.099|2026-04-01
59593|NA|1.699|NA|2.079|2026-04-01
59595|NA|1.765|NA|2.175|2026-04-01
59596|NA|1.939|NA|2.199|2026-04-01
59597|1.709|1.709|2.014|2.014|2026-04-01
59598|1.949|1.749|2.329|2.129|2026-04-01
59599|1.959|1.749|2.299|2.089|2026-04-01
59600|NA|1.717|NA|2.033|2026-04-01
59601|1.697|1.697|2.069|2.069|2026-04-01
59602|1.95|1.73|2.253|2.033|2026-04-01
59603|1.957|1.737|2.273|2.053|2026-04-01
59604|1.957|1.737|2.265|2.045|2026-04-01
59605|1.95|1.725|2.233|2.028|2026-04-01
59606|NA|1.739|NA|2.039|2026-04-01
59609|1.939|1.729|2.289|2.079|2026-04-01
59610|NA|1.739|NA|2.059|2026-04-01
59611|NA|1.689|NA|2.035|2026-04-01
59612|1.719|1.719|2.099|2.099|2026-04-01
59615|1.849|1.749|2.149|2.049|2026-04-01
59616|1.935|1.725|2.245|2.035|2026-04-01
59618|1.878|1.698|2.269|2.089|2026-04-01
59619|1.889|1.729|2.279|2.119|2026-04-01
59620|1.989|1.779|2.329|2.119|2026-04-01
59622|1.942|1.732|2.238|2.028|2026-04-01
59623|1.719|1.719|2.024|2.024|2026-04-01
59624|NA|1.695|NA|2.025|2026-04-01
59625|1.957|1.737|2.273|2.053|2026-04-01
59626|2.119|1.919|2.489|2.259|2026-04-01
59627|1.959|1.759|2.279|2.079|2026-04-01
59628|1.849|1.749|2.099|2.099|2026-04-01
59629|1.978|1.778|2.199|2.039|2026-04-01
59630|1.839|1.739|2.199|2.099|2026-04-01
59631|1.977|1.766|2.317|2.106|2026-04-01
59632|1.939|1.759|2.279|2.099|2026-04-01
59634|NA|1.699|NA|2.019|2026-04-01
59636|1.945|1.779|2.129|2.129|2026-04-01
59638|1.945|1.725|2.255|2.035|2026-04-01
59639|1.957|1.737|2.255|2.035|2026-04-01
59640|NA|NA|NA|2.035|2026-04-01
59641|1.955|1.735|2.273|2.053|2026-04-01
59642|1.957|1.737|2.265|2.045|2026-04-01
59644|1.739|1.739|2.029|2.029|2026-04-01
59645|1.699|NA|1.979|NA|2026-04-01
59646|1.669|1.669|1.699|1.699|2026-04-01
59647|1.875|1.695|2.175|1.995|2026-04-01
59650|2.039|1.759|2.339|2.059|2026-04-01
59651|1.879|1.729|2.189|2.039|2026-04-01
59653|1.799|NA|2.149|NA|2026-04-01
59654|1.957|1.737|2.255|2.035|2026-04-01
59656|1.957|1.737|2.273|2.053|2026-04-01
59657|1.955|1.735|2.273|2.053|2026-04-01
59658|1.957|1.737|2.273|2.053|2026-04-01
59659|1.957|1.737|2.273|2.053|2026-04-01
59660|1.945|1.725|2.255|2.035|2026-04-01
59661|1.73|1.73|2.05|2.05|2026-04-01
59662|1.957|1.737|2.265|2.045|2026-04-01
59663|1.719|1.719|2.099|2.099|2026-04-01
59664|1.959|1.759|2.349|2.149|2026-04-01
59665|2.129|1.779|2.519|2.169|2026-04-01
59667|1.957|1.737|2.273|2.053|2026-04-01
59669|NA|1.897|NA|2.097|2026-04-01
59670|NA|1.739|NA|2.089|2026-04-01
59671|1.739|1.739|2.129|2.129|2026-04-01
59673|NA|1.749|NA|2.089|2026-04-01
59674|1.839|1.839|2.129|2.129|2026-04-01
59676|1.859|1.859|2.089|2.089|2026-04-01
59677|1.947|1.737|2.263|2.053|2026-04-01
59678|1.679|1.679|1.659|1.659|2026-04-01
59679|1.989|1.749|2.289|2.049|2026-04-01
59681|2.149|1.769|2.479|2.099|2026-04-01
59682|1.799|1.799|2.048|2.048|2026-04-01
59683|1.942|1.732|2.258|2.048|2026-04-01
59684|NA|1.739|NA|2.099|2026-04-01
59687|1.799|1.799|2.039|1.949|2026-04-01
59688|1.689|1.689|1.999|1.999|2026-04-01
59689|1.957|1.737|2.291|2.053|2026-04-01
59690|1.945|1.725|2.235|2.033|2026-04-01
59691|1.937|1.717|2.253|2.033|2026-04-01
59692|1.95|1.73|2.253|2.033|2026-04-01
59693|1.955|1.735|2.265|2.045|2026-04-01
59694|1.939|1.729|2.299|2.089|2026-04-01
59695|NA|1.719|NA|2.049|2026-04-01
59696|1.799|1.799|2.099|2.099|2026-04-01
59697|NA|1.719|NA|2.039|2026-04-01
59699|NA|1.719|NA|2.039|2026-04-01
59700|1.969|1.749|2.299|2.079|2026-04-01
59701|1.926|1.726|2.256|2.056|2026-04-01
59702|1.989|1.759|2.329|2.099|2026-04-01
59705|NA|1.71|NA|1.98|2026-04-01
59706|NA|1.699|NA|1.669|2026-04-01
59707|1.909|1.719|2.289|2.099|2026-04-01
59708|1.719|1.719|2.079|2.079|2026-04-01
59709|NA|1.737|NA|2.045|2026-04-01
59710|1.955|1.735|2.253|2.033|2026-04-01
59711|1.957|1.737|2.255|2.035|2026-04-01
59712|1.945|1.725|2.255|2.035|2026-04-01
59713|1.937|1.717|2.26|2.04|2026-04-01
59714|1.957|1.737|2.273|2.053|2026-04-01
59715|1.957|1.737|2.273|2.053|2026-04-01
59716|1.942|1.732|2.255|2.045|2026-04-01
59718|1.809|1.759|2.109|2.059|2026-04-01
59720|2.199|1.799|2.539|2.139|2026-04-01
59721|NA|1.769|NA|2.099|2026-04-01
59722|2.049|1.829|2.399|2.179|2026-04-01
59723|1.729|1.729|2.039|2.039|2026-04-01
59724|NA|1.769|NA|2.129|2026-04-01
59725|NA|1.759|NA|2.139|2026-04-01
59726|1.769|1.769|2.099|2.099|2026-04-01
59727|NA|1.717|NA|2.033|2026-04-01
59728|1.95|1.73|2.245|2.033|2026-04-01
59729|1.945|1.725|NA|NA|2026-04-01
59730|1.957|1.737|2.255|2.035|2026-04-01
59731|1.945|1.725|2.255|2.035|2026-04-01
59732|1.937|1.717|2.253|2.033|2026-04-01
59733|1.957|1.737|2.273|2.053|2026-04-01
59734|1.957|1.737|2.273|2.053|2026-04-01
59735|1.999|1.819|2.309|2.129|2026-04-01
59736|1.759|1.759|1.999|1.999|2026-04-01
59737|1.759|1.759|1.999|1.999|2026-04-01
59739|1.799|1.799|2.099|2.099|2026-04-01
59740|1.759|1.759|2.049|2.049|2026-04-01
59741|1.779|1.779|2.119|2.119|2026-04-01
59742|1.949|1.739|2.289|2.079|2026-04-01
59743|1.979|1.759|2.319|2.099|2026-04-01
59744|1.935|1.765|2.245|2.075|2026-04-01
59745|1.729|1.729|2.049|2.049|2026-04-01
59747|1.957|1.737|2.273|2.053|2026-04-01
59748|1.937|1.717|2.253|2.033|2026-04-01
59749|1.937|1.717|2.253|2.033|2026-04-01
59750|1.957|1.737|2.255|2.035|2026-04-01
59751|1.937|1.717|2.255|2.035|2026-04-01
59752|1.779|1.779|2.149|2.149|2026-04-01
59754|1.819|1.819|2.109|2.109|2026-04-01
59755|2.019|1.819|2.359|2.159|2026-04-01
59756|NA|1.689|NA|2.039|2026-04-01
59757|1.909|1.699|2.219|2.009|2026-04-01
59758|NA|1.747|NA|2.117|2026-04-01
59759|NA|1.719|NA|2.049|2026-04-01
59760|1.789|1.789|2.139|2.139|2026-04-01
59761|NA|1.779|NA|2.089|2026-04-01
59764|1.839|1.769|2.169|2.099|2026-04-01
59765|1.937|1.717|2.253|2.033|2026-04-01
59766|1.957|1.737|2.255|2.035|2026-04-01
59767|1.937|1.717|2.273|2.053|2026-04-01
59768|NA|NA|2.26|2.035|2026-04-01
59769|1.957|1.737|2.273|2.053|2026-04-01
59770|1.957|1.737|2.235|2.033|2026-04-01
59772|1.942|1.732|2.258|2.048|2026-04-01
59773|1.734|1.734|2.097|2.097|2026-04-01
59774|1.699|1.699|2.039|2.039|2026-04-01
59775|NA|1.729|NA|NA|2026-04-01
59776|1.957|1.737|2.273|2.053|2026-04-01
59779|1.849|1.699|2.249|2.099|2026-04-01
59780|1.967|1.806|2.317|2.156|2026-04-01
59781|1.937|1.737|2.227|2.027|2026-04-01
59782|NA|1.757|NA|2.097|2026-04-01
59783|1.679|NA|1.579|NA|2026-04-01
59784|1.759|NA|2.099|NA|2026-04-01
59786|1.955|1.735|2.273|2.053|2026-04-01
59787|1.957|1.737|2.265|2.045|2026-04-01
59788|1.957|1.737|2.273|2.053|2026-04-01
59789|1.95|1.73|2.253|2.033|2026-04-01
59790|1.758|1.699|2.094|2.035|2026-04-01
59791|1.989|1.789|2.289|2.089|2026-04-01
59793|2.066|1.762|2.334|2.12|2026-04-01
59794|1.909|1.739|2.289|2.119|2026-04-01
59795|1.759|NA|2.059|NA|2026-04-01
59796|NA|1.718|NA|2.098|2026-04-01
59797|NA|1.769|NA|2.149|2026-04-01
59799|1.869|1.717|2.039|2.033|2026-04-01
59800|1.957|1.737|2.253|2.033|2026-04-01
59801|1.957|1.737|2.273|2.053|2026-04-01
59802|1.937|1.712|2.27|2.045|2026-04-01
59803|1.955|1.735|NA|NA|2026-04-01
59804|1.937|1.717|2.253|2.033|2026-04-01
59805|NA|1.769|NA|2.099|2026-04-01
59806|1.819|1.749|2.169|2.099|2026-04-01
59807|NA|1.799|NA|2.159|2026-04-01
59809|1.745|NA|2.105|NA|2026-04-01
59810|NA|NA|1.769|NA|2026-04-01
59811|1.759|1.759|2.099|2.099|2026-04-01
59812|1.925|1.745|2.285|2.105|2026-04-01
59813|1.773|1.773|2.115|2.115|2026-04-01
59814|1.929|1.729|2.299|2.099|2026-04-01
59815|NA|1.719|NA|2.099|2026-04-01
59816|NA|1.739|NA|2.079|2026-04-01
59817|NA|1.769|NA|2.059|2026-04-01
59818|NA|1.697|NA|2.025|2026-04-01
59819|1.955|1.735|2.255|2.035|2026-04-01
59820|1.957|1.737|2.265|2.045|2026-04-01
59821|1.95|1.73|2.253|2.033|2026-04-01
59822|NA|1.754|NA|2.065|2026-04-01
59823|1.834|1.734|2.124|2.024|2026-04-01
59824|NA|1.684|NA|1.605|2026-04-01
59825|NA|1.684|NA|1.605|2026-04-01
59826|NA|1.694|NA|1.628|2026-04-01
59827|2.059|1.799|2.369|2.099|2026-04-01
59828|1.957|1.737|2.265|2.045|2026-04-01
59829|1.937|1.717|2.265|2.045|2026-04-01
59831|1.937|1.717|2.253|2.033|2026-04-01
59832|1.93|1.72|2.235|2.028|2026-04-01
59833|NA|1.659|NA|1.589|2026-04-01
59834|NA|1.649|NA|1.565|2026-04-01
59835|1.925|1.715|2.218|2.028|2026-04-01
59836|1.829|1.829|2.099|2.099|2026-04-01
59838|1.979|1.769|2.279|2.069|2026-04-01
59839|NA|1.719|NA|2.089|2026-04-01
59840|1.957|1.737|2.273|2.053|2026-04-01
59841|1.937|1.717|2.255|2.035|2026-04-01
59844|1.942|1.732|2.258|2.048|2026-04-01
59845|NA|1.779|NA|2.069|2026-04-01
59846|1.955|1.735|2.273|2.053|2026-04-01
59847|1.909|1.719|2.279|2.089|2026-04-01
59848|NA|1.718|NA|2.028|2026-04-01
59849|1.915|1.705|2.245|2.035|2026-04-01
59850|NA|1.739|NA|2.069|2026-04-01
59851|NA|1.689|NA|1.999|2026-04-01
59852|NA|1.685|NA|2.019|2026-04-01
59853|NA|1.745|NA|2.095|2026-04-01
59854|1.779|1.719|2.069|1.999|2026-04-01
59855|1.919|1.719|2.279|2.079|2026-04-01
59856|NA|1.749|NA|2.109|2026-04-01
59857|2.119|1.869|2.489|2.219|2026-04-01
59858|NA|1.899|NA|2.119|2026-04-01
59859|NA|1.769|NA|2.089|2026-04-01
59860|1.989|1.789|2.359|2.159|2026-04-01
59861|1.729|1.729|2.059|2.059|2026-04-01
59862|NA|1.769|NA|2.069|2026-04-01
59863|NA|1.739|NA|1.639|2026-04-01
59864|NA|1.689|NA|2.099|2026-04-01
59866|NA|1.788|NA|1.988|2026-04-01
59868|1.957|1.737|2.273|2.053|2026-04-01
59869|1.945|1.725|2.253|2.033|2026-04-01
59870|NA|1.717|NA|2.035|2026-04-01
59871|1.957|1.737|2.273|2.053|2026-04-01
59872|NA|1.717|NA|2.033|2026-04-01
59873|NA|1.624|NA|1.564|2026-04-01
59874|1.794|1.794|2.034|2.034|2026-04-01
59878|NA|1.697|NA|2.017|2026-04-01
59879|NA|1.799|NA|2.149|2026-04-01
59880|1.979|1.779|2.349|2.149|2026-04-01
59881|1.969|1.769|2.339|2.139|2026-04-01
59882|1.715|1.715|1.975|1.975|2026-04-01
59883|NA|1.709|NA|2.009|2026-04-01
59884|NA|1.699|NA|1.995|2026-04-01
59885|NA|1.749|NA|2.039|2026-04-01
59886|2.069|1.819|2.349|2.099|2026-04-01
59887|2.017|1.806|2.347|2.136|2026-04-01
59888|1.799|1.799|2.129|2.129|2026-04-01
59890|2.057|1.789|2.367|2.099|2026-04-01
59891|NA|1.725|NA|2.035|2026-04-01
59892|1.937|1.717|2.253|2.033|2026-04-01
59893|1.937|1.717|2.255|2.035|2026-04-01
59894|1.959|1.749|2.309|2.099|2026-04-01
59896|1.839|1.839|1.999|1.999|2026-04-01
59898|1.88|1.88|2.099|2.099|2026-04-01
59901|1.745|1.745|2.083|2.083|2026-04-01
59902|NA|1.789|NA|2.169|2026-04-01
59903|1.779|1.779|2.159|2.159|2026-04-01
59904|1.927|1.717|2.245|2.035|2026-04-01
59905|1.94|1.73|2.238|2.028|2026-04-01
59906|NA|1.658|NA|1.578|2026-04-01
59907|NA|1.714|NA|2.055|2026-04-01
59908|NA|1.714|NA|2.055|2026-04-01
59911|NA|1.789|NA|2.119|2026-04-01
59913|1.749|NA|2.129|NA|2026-04-01
59915|1.949|1.699|2.309|2.059|2026-04-01
59917|NA|1.699|NA|2.059|2026-04-01
59918|NA|1.779|NA|2.099|2026-04-01
59919|2.999|1.725|2.999|2.075|2026-04-01
59920|1.979|1.779|2.329|2.129|2026-04-01
59921|1.969|1.719|2.299|2.049|2026-04-01
59922|NA|1.789|NA|2.089|2026-04-01
59924|1.799|1.799|2.099|2.099|2026-04-01
59925|1.695|1.695|1.999|1.999|2026-04-01
59927|1.819|1.719|2.199|2.099|2026-04-01
59928|1.909|1.769|2.239|2.099|2026-04-01
59931|1.729|1.729|2.059|2.059|2026-04-01
59934|NA|1.714|NA|2.055|2026-04-01
59935|1.799|1.799|2.099|2.099|2026-04-01
59936|1.987|1.819|2.247|2.079|2026-04-01
59937|2.089|1.839|2.409|2.159|2026-04-01
59939|1.769|1.769|2.159|2.159|2026-04-01
59941|1.719|1.719|2.079|2.079|2026-04-01
59942|2.019|1.819|2.349|2.149|2026-04-01
59943|1.947|1.786|2.317|2.156|2026-04-01
59946|1.759|1.759|2.089|2.089|2026-04-01
59948|1.879|1.719|2.279|2.119|2026-04-01
59949|NA|1.789|NA|2.109|2026-04-01
59953|1.94|1.72|2.253|2.033|2026-04-01
59954|1.799|1.799|2.099|2.099|2026-04-01
59955|NA|1.625|NA|1.654|2026-04-01
59956|NA|1.666|NA|1.644|2026-04-01
59959|1.88|1.88|2.099|2.099|2026-04-01
59962|1.839|1.739|2.159|2.059|2026-04-01
59964|1.899|1.699|2.199|1.999|2026-04-01
59965|NA|1.633|NA|1.564|2026-04-01
59966|1.949|1.759|2.319|2.129|2026-04-01
59969|NA|1.899|NA|2.199|2026-04-01
59970|NA|1.724|NA|2.055|2026-04-01
59971|1.722|1.722|2.104|2.104|2026-04-01
59972|2.037|1.826|2.367|2.156|2026-04-01
59973|NA|1.759|NA|2.089|2026-04-01
59974|NA|1.714|NA|2.045|2026-04-01
59975|1.904|1.724|2.225|2.078|2026-04-01
59977|NA|1.769|NA|2.069|2026-04-01
59978|1.759|1.759|2.069|2.069|2026-04-01
59979|NA|1.714|NA|2.045|2026-04-01
59980|NA|1.759|NA|2.059|2026-04-01
59981|NA|1.759|NA|2.059|2026-04-01
59982|1.979|1.769|2.309|2.099|2026-04-01
59985|1.899|NA|1.999|NA|2026-04-01
59987|2.169|1.819|2.499|2.149|2026-04-01
59988|1.999|1.789|2.269|2.059|2026-04-01
59989|NA|1.709|NA|1.709|2026-04-01
59990|1.897|1.897|2.097|2.097|2026-04-01
59991|1.769|1.719|2.069|2.019|2026-04-01
59993|NA|1.754|NA|2.076|2026-04-01
59994|NA|1.656|NA|1.556|2026-04-01
59995|NA|1.643|NA|1.585|2026-04-01
59996|1.769|1.669|1.669|1.569|2026-04-01
59997|NA|1.665|NA|1.654|2026-04-01
59998|NA|1.635|NA|1.614|2026-04-01
59999|NA|1.628|NA|1.605|2026-04-01
60003|NA|1.729|NA|2.049|2026-04-01
60005|2.059|1.779|2.429|2.149|2026-04-01
60008|NA|1.724|NA|2.026|2026-04-01
60009|NA|1.644|NA|1.574|2026-04-01
60010|1.819|1.739|2.019|1.939|2026-04-01
60012|1.929|1.729|2.299|2.099|2026-04-01
60014|NA|1.654|NA|1.604|2026-04-01
60015|1.889|1.689|2.279|2.079|2026-04-01
60016|NA|1.644|NA|1.574|2026-04-01
60017|NA|1.705|NA|1.995|2026-04-01
60018|NA|1.645|NA|1.574|2026-04-01
60019|1.889|1.749|2.089|2.079|2026-04-01
60021|1.879|1.879|2.099|2.099|2026-04-01
60025|1.809|1.729|2.079|1.999|2026-04-01
60027|1.999|1.799|2.279|2.079|2026-04-01
60028|1.729|1.699|2.029|1.999|2026-04-01
60029|NA|1.734|NA|2.055|2026-04-01
60031|1.839|1.739|2.199|2.099|2026-04-01
60032|NA|1.759|NA|2.099|2026-04-01
60033|2.057|1.866|2.317|2.126|2026-04-01
60037|1.859|1.699|2.159|1.999|2026-04-01
60038|NA|1.699|NA|2.098|2026-04-01
60040|NA|1.734|NA|2.055|2026-04-01
60041|NA|1.734|NA|2.055|2026-04-01
60042|NA|1.734|NA|2.055|2026-04-01
60043|NA|1.799|NA|2.059|2026-04-01
60044|1.949|1.739|2.349|2.139|2026-04-01
60045|1.719|1.719|1.989|1.989|2026-04-01
60046|NA|1.759|NA|2.089|2026-04-01
60047|1.949|1.759|2.319|2.129|2026-04-01
60050|1.939|1.739|2.279|2.079|2026-04-01
60052|1.999|1.799|2.269|2.069|2026-04-01
60053|1.949|1.739|2.265|2.055|2026-04-01
60054|1.749|1.699|2.049|1.999|2026-04-01
60055|1.939|1.799|2.259|2.099|2026-04-01
60057|1.749|NA|2.099|NA|2026-04-01
60059|NA|1.732|NA|2.04|2026-04-01
60060|NA|1.724|NA|2.055|2026-04-01
60061|NA|1.724|NA|2.055|2026-04-01
60062|NA|1.724|NA|2.055|2026-04-01
60063|NA|1.724|NA|2.055|2026-04-01
60064|1.967|1.797|2.177|2.097|2026-04-01
60065|1.819|1.819|2.149|2.149|2026-04-01
60066|1.969|1.797|2.177|2.097|2026-04-01
60067|1.905|1.705|2.165|1.965|2026-04-01
60068|NA|1.748|NA|2.078|2026-04-01
60069|1.919|1.719|2.239|2.039|2026-04-01
60071|NA|1.724|NA|2.055|2026-04-01
60072|NA|1.658|NA|1.689|2026-04-01
60073|1.794|1.694|2.127|2.027|2026-04-01
60074|NA|1.669|NA|1.579|2026-04-01
60075|NA|1.749|NA|2.039|2026-04-01
60077|1.942|1.732|2.235|2.025|2026-04-01
60079|2.029|1.749|2.389|2.109|2026-04-01
60080|1.739|1.709|2.069|2.039|2026-04-01
60082|NA|1.757|NA|2.087|2026-04-01
60087|2.089|1.759|2.369|2.119|2026-04-01
60090|NA|1.595|NA|1.594|2026-04-01
60092|1.705|1.705|2.058|2.058|2026-04-01
60093|2.399|1.999|2.399|2.199|2026-04-01
60094|NA|1.589|NA|1.638|2026-04-01
60095|NA|1.739|NA|2.069|2026-04-01
60096|1.972|1.762|2.284|2.094|2026-04-01
60098|NA|1.729|NA|2.089|2026-04-01
60100|NA|1.789|NA|1.979|2026-04-01
60101|1.799|1.799|1.999|1.999|2026-04-01
60102|NA|1.819|NA|2.059|2026-04-01
60106|1.679|1.679|2.029|2.029|2026-04-01
60107|NA|1.689|NA|2.029|2026-04-01
60109|1.909|1.697|2.059|2.013|2026-04-01
60110|1.969|1.769|2.289|2.089|2026-04-01
60113|NA|1.734|NA|2.055|2026-04-01
60115|NA|1.638|NA|1.576|2026-04-01
60116|1.73|1.73|2.03|2.03|2026-04-01
60117|NA|1.655|NA|1.589|2026-04-01
60118|NA|1.724|NA|2.065|2026-04-01
60119|NA|1.734|NA|2.034|2026-04-01
60121|1.759|1.759|2.149|2.149|2026-04-01
60122|1.75|1.75|2.09|2.09|2026-04-01
60123|1.975|1.765|2.275|2.065|2026-04-01
60125|1.759|1.759|2.139|2.139|2026-04-01
60126|NA|1.768|NA|2.118|2026-04-01
60127|1.819|1.719|2.099|1.999|2026-04-01
60128|NA|1.798|NA|2.118|2026-04-01
60129|1.849|1.749|2.179|2.079|2026-04-01
60130|NA|1.768|NA|2.118|2026-04-01
60131|NA|1.818|NA|2.128|2026-04-01
60134|NA|1.754|NA|2.095|2026-04-01
60135|NA|1.749|NA|2.099|2026-04-01
60136|NA|1.69|NA|2.04|2026-04-01
60137|NA|1.764|NA|2.084|2026-04-01
60139|NA|1.759|NA|2.079|2026-04-01
60141|2.74|NA|2.74|NA|2026-04-01
60142|NA|1.729|NA|2.089|2026-04-01
60143|NA|1.724|NA|2.055|2026-04-01
60144|NA|1.625|NA|1.619|2026-04-01
60145|1.969|1.719|2.359|2.109|2026-04-01
60146|NA|1.798|NA|2.098|2026-04-01
60147|NA|1.719|NA|2.059|2026-04-01
60149|1.695|1.695|2.025|2.025|2026-04-01
60150|NA|1.728|NA|2.098|2026-04-01
60151|1.959|1.759|2.259|2.059|2026-04-01
60152|1.949|1.749|2.249|2.049|2026-04-01
60153|1.819|1.719|2.167|2.067|2026-04-01
60154|1.759|NA|2.059|NA|2026-04-01
60155|NA|1.688|NA|1.99|2026-04-01
60158|1.949|1.739|2.249|2.039|2026-04-01
60159|1.759|1.759|2.139|2.139|2026-04-01
60160|NA|1.749|NA|2.099|2026-04-01
60161|NA|1.795|NA|2.095|2026-04-01
60162|NA|1.779|NA|2.099|2026-04-01
60163|1.749|NA|2.059|NA|2026-04-01
60164|1.779|1.779|2.099|2.099|2026-04-01
60167|1.799|1.799|2.109|2.109|2026-04-01
60169|NA|1.759|NA|2.079|2026-04-01
60170|NA|1.819|NA|2.169|2026-04-01
60171|NA|1.795|NA|2.095|2026-04-01
60177|NA|1.739|NA|2.089|2026-04-01
60179|NA|1.799|NA|2.149|2026-04-01
60180|1.957|1.737|2.273|2.053|2026-04-01
60181|1.955|1.735|NA|NA|2026-04-01
60183|1.909|1.699|2.299|2.089|2026-04-01
60184|1.719|1.719|2.029|2.029|2026-04-01
60185|NA|1.799|NA|2.099|2026-04-01
60186|1.709|1.709|2.029|2.029|2026-04-01
60187|1.975|1.755|2.273|2.053|2026-04-01
60188|1.965|1.715|2.285|2.035|2026-04-01
60189|NA|1.598|NA|1.594|2026-04-01
60194|NA|1.708|NA|2.055|2026-04-01
60196|1.766|1.766|2.088|2.088|2026-04-01
60197|1.819|1.819|2.149|2.149|2026-04-01
60199|NA|1.719|NA|2.129|2026-04-01
60200|NA|1.714|NA|2.045|2026-04-01
60201|NA|1.694|NA|1.995|2026-04-01
60202|NA|1.694|NA|1.995|2026-04-01
60203|NA|1.694|NA|1.995|2026-04-01
60205|NA|1.725|NA|1.986|2026-04-01
60207|NA|1.664|NA|2.034|2026-04-01
60208|NA|1.634|NA|1.605|2026-04-01
60209|NA|1.644|NA|1.634|2026-04-01
60210|1.768|1.738|2.088|2.058|2026-04-01
60211|1.768|1.738|2.088|2.058|2026-04-01
60213|NA|1.699|NA|2.049|2026-04-01
60214|NA|1.709|NA|2.079|2026-04-01
60215|NA|1.729|NA|2.069|2026-04-01
60216|NA|1.717|NA|2.057|2026-04-01
60218|1.719|1.719|2.069|2.069|2026-04-01
60219|1.899|1.699|2.249|2.049|2026-04-01
60220|1.769|1.769|2.099|2.099|2026-04-01
60221|1.729|1.729|1.679|1.679|2026-04-01
60222|1.959|1.749|2.259|2.049|2026-04-01
60223|1.909|1.699|2.299|2.089|2026-04-01
60225|1.959|1.769|2.299|2.129|2026-04-01
60226|1.769|1.769|2.139|2.139|2026-04-01
60227|1.939|1.739|2.299|2.099|2026-04-01
60228|2.129|1.829|2.449|2.149|2026-04-01
60229|1.955|1.745|2.349|2.139|2026-04-01
60232|NA|1.729|NA|2.059|2026-04-01
60233|1.899|1.899|2.079|2.079|2026-04-01
60235|1.919|1.799|2.219|2.099|2026-04-01
60236|1.919|1.799|2.219|2.099|2026-04-01
60237|1.979|1.779|2.309|2.109|2026-04-01
60238|1.915|1.705|2.245|2.035|2026-04-01
60239|1.959|1.769|2.159|1.999|2026-04-01
60240|1.945|1.735|2.255|2.045|2026-04-01
60244|NA|1.625|NA|1.615|2026-04-01
60245|NA|1.724|NA|2.088|2026-04-01
60246|NA|1.714|NA|2.065|2026-04-01
60247|NA|1.704|NA|2.045|2026-04-01
60248|NA|1.714|NA|2.055|2026-04-01
60249|NA|1.724|NA|2.065|2026-04-01
60250|1.747|1.747|2.097|2.097|2026-04-01
60251|NA|1.714|NA|2.055|2026-04-01
60252|NA|1.704|NA|2.045|2026-04-01
60254|1.738|1.738|2.019|2.019|2026-04-01
60255|1.738|1.738|2.019|2.019|2026-04-01
60256|NA|1.799|NA|2.149|2026-04-01
60257|NA|1.879|NA|2.099|2026-04-01
60258|1.869|1.749|2.179|2.059|2026-04-01
60259|1.739|1.739|2.099|2.099|2026-04-01
60260|2.129|1.919|2.499|2.279|2026-04-01
60262|NA|1.708|NA|2.055|2026-04-01
60265|NA|1.719|NA|2.029|2026-04-01
60266|1.789|1.789|2.149|2.149|2026-04-01
60267|NA|1.719|NA|2.069|2026-04-01
60268|NA|1.719|NA|2.069|2026-04-01
60270|1.949|1.759|2.289|2.099|2026-04-01
60271|1.719|1.719|2.009|2.009|2026-04-01
60273|NA|1.745|NA|1.986|2026-04-01
60274|NA|1.734|NA|2.055|2026-04-01
60275|NA|1.734|NA|2.055|2026-04-01
60276|NA|1.635|NA|1.624|2026-04-01
60277|NA|1.734|NA|2.055|2026-04-01
60278|NA|1.734|NA|2.055|2026-04-01
60279|1.899|1.899|1.969|1.969|2026-04-01
60280|1.899|1.899|1.978|1.978|2026-04-01
60281|1.899|1.699|2.199|1.999|2026-04-01
60283|1.942|1.732|2.258|2.048|2026-04-01
60284|NA|1.697|NA|2.047|2026-04-01
60285|NA|1.737|NA|2.067|2026-04-01
60286|NA|1.727|NA|2.077|2026-04-01
60287|1.749|1.749|2.059|2.059|2026-04-01
60288|1.799|1.799|2.069|2.069|2026-04-01
60289|NA|1.719|NA|2.099|2026-04-01
60290|1.957|1.737|2.265|2.045|2026-04-01
60292|1.818|1.728|2.097|2.017|2026-04-01
60293|1.699|1.699|2.059|2.059|2026-04-01
60294|1.739|1.739|2.079|2.079|2026-04-01
60295|1.729|1.729|2.049|2.049|2026-04-01
60296|1.739|1.739|2.099|2.099|2026-04-01
60297|1.899|1.699|2.169|1.969|2026-04-01
60299|NA|1.699|NA|2.039|2026-04-01
60300|1.729|NA|2.039|NA|2026-04-01
60301|NA|1.759|NA|2.069|2026-04-01
60302|1.799|1.799|1.989|1.989|2026-04-01
60303|1.899|1.899|2.049|2.049|2026-04-01
60304|NA|1.714|NA|2.035|2026-04-01
60305|NA|1.714|NA|2.035|2026-04-01
60306|NA|1.745|NA|1.986|2026-04-01
60307|NA|1.735|NA|1.895|2026-04-01
60308|NA|1.688|NA|1.984|2026-04-01
60309|NA|1.688|NA|1.984|2026-04-01
60310|NA|1.699|NA|1.999|2026-04-01
60311|NA|1.729|NA|2.089|2026-04-01
60313|NA|1.724|NA|2.065|2026-04-01
60314|NA|1.724|NA|2.065|2026-04-01
60315|NA|1.724|NA|2.065|2026-04-01
60316|NA|1.558|NA|1.589|2026-04-01
60319|1.957|1.737|2.253|2.033|2026-04-01
60321|NA|1.749|NA|NA|2026-04-01
60322|1.957|1.737|2.26|2.04|2026-04-01
60323|1.759|1.759|2.159|2.159|2026-04-01
60324|NA|1.719|NA|2.129|2026-04-01
60325|NA|1.759|NA|2.039|2026-04-01
60329|NA|1.765|NA|1.554|2026-04-01
60331|NA|1.799|NA|2.099|2026-04-01
60333|2.029|1.799|2.329|2.099|2026-04-01
60334|NA|1.759|NA|2.149|2026-04-01
60335|NA|1.709|NA|2.059|2026-04-01
60336|1.859|1.739|2.179|2.059|2026-04-01
60337|1.952|1.742|2.258|2.048|2026-04-01
60338|1.979|1.799|2.279|2.099|2026-04-01
60340|NA|1.729|NA|2.059|2026-04-01
60341|NA|1.699|NA|1.999|2026-04-01
60343|1.989|1.759|2.289|2.059|2026-04-01
60344|1.969|1.759|2.334|2.124|2026-04-01
60345|NA|1.759|NA|2.079|2026-04-01
60346|NA|1.759|NA|2.079|2026-04-01
60347|NA|1.734|NA|2.055|2026-04-01
60348|NA|1.708|NA|2.075|2026-04-01
60349|NA|1.714|NA|2.045|2026-04-01
60350|NA|1.704|NA|2.007|2026-04-01
60351|1.929|1.719|2.269|2.059|2026-04-01
60352|NA|1.779|NA|2.139|2026-04-01
60353|1.879|1.779|2.199|2.099|2026-04-01
60354|1.879|1.779|2.199|2.099|2026-04-01
60358|1.949|1.749|2.249|2.049|2026-04-01
60360|1.957|1.729|2.273|2.045|2026-04-01
60361|1.759|1.759|2.059|2.059|2026-04-01
60362|NA|1.769|NA|2.029|2026-04-01
60363|NA|1.698|NA|2.054|2026-04-01
60364|NA|1.799|NA|2.099|2026-04-01
60365|NA|1.727|NA|2.097|2026-04-01
60366|NA|1.687|NA|2.017|2026-04-01
60367|NA|1.677|NA|2.027|2026-04-01
60368|NA|1.674|NA|2.028|2026-04-01
60369|NA|1.698|NA|2.058|2026-04-01
60370|NA|1.667|NA|2.027|2026-04-01
60371|NA|1.767|NA|2.057|2026-04-01
60372|1.759|NA|2.099|NA|2026-04-01
60373|NA|1.697|NA|2.077|2026-04-01
60374|NA|1.797|NA|2.145|2026-04-01
60375|1.819|1.719|2.189|2.089|2026-04-01
60376|2.059|1.809|2.419|2.169|2026-04-01
60377|1.762|1.762|2.114|2.114|2026-04-01
60378|1.747|1.747|2.087|2.087|2026-04-01
60379|1.737|1.737|2.037|2.037|2026-04-01
60380|NA|1.708|NA|1.778|2026-04-01
60381|1.679|1.679|2.039|2.039|2026-04-01
60382|NA|1.697|NA|2.057|2026-04-01
60384|NA|1.729|NA|2.069|2026-04-01
60385|NA|1.797|NA|2.069|2026-04-01
60386|NA|1.717|NA|2.033|2026-04-01
60388|1.909|1.709|2.217|2.017|2026-04-01
60389|NA|1.788|NA|2.138|2026-04-01
60390|NA|1.625|NA|1.595|2026-04-01
60391|NA|1.575|NA|1.645|2026-04-01
60392|NA|1.775|NA|1.996|2026-04-01
60393|NA|1.715|NA|2.065|2026-04-01
60394|NA|1.684|NA|1.585|2026-04-01
60395|NA|1.589|NA|1.659|2026-04-01
60396|NA|1.586|NA|1.654|2026-04-01
60397|NA|1.578|NA|1.599|2026-04-01
60398|2.109|1.759|2.449|2.099|2026-04-01
60399|NA|1.565|NA|1.606|2026-04-01
60400|NA|1.714|NA|2.055|2026-04-01
60401|NA|1.564|NA|1.645|2026-04-01
60402|NA|1.589|NA|1.659|2026-04-01
60403|NA|1.724|NA|2.065|2026-04-01
60404|1.699|1.699|1.999|1.999|2026-04-01
60406|1.779|1.779|2.069|2.069|2026-04-01
60407|1.798|NA|2.058|NA|2026-04-01
60409|1.959|1.759|2.279|2.079|2026-04-01
60410|NA|1.759|NA|2.099|2026-04-01
60411|1.939|1.759|2.289|2.109|2026-04-01
60412|1.929|1.729|2.389|2.039|2026-04-01
60413|1.695|1.695|1.995|1.995|2026-04-01
60414|NA|1.737|NA|2.027|2026-04-01
60415|2.099|1.899|2.439|2.239|2026-04-01
60417|1.789|1.789|2.159|2.159|2026-04-01
60418|1.899|1.699|2.259|2.059|2026-04-01
60420|1.758|1.758|2.138|2.138|2026-04-01
60421|1.805|1.735|2.125|1.949|2026-04-01
60422|2.049|1.749|2.439|2.139|2026-04-01
60424|1.939|1.739|2.269|2.069|2026-04-01
60425|NA|1.759|NA|2.094|2026-04-01
60426|1.849|1.729|2.269|2.189|2026-04-01
60427|1.695|1.695|2.055|2.055|2026-04-01
60428|NA|1.729|NA|2.119|2026-04-01
60429|NA|1.759|NA|2.139|2026-04-01
60430|1.899|1.749|2.249|2.099|2026-04-01
60431|1.699|1.699|2.069|2.069|2026-04-01
60432|1.739|1.739|2.089|2.089|2026-04-01
60433|1.749|1.749|2.049|2.049|2026-04-01
60434|1.739|1.739|2.089|2.089|2026-04-01
60435|1.739|1.739|2.089|2.089|2026-04-01
60436|1.719|1.719|2.029|2.029|2026-04-01
60438|NA|1.699|NA|2.089|2026-04-01
60439|NA|1.739|NA|2.089|2026-04-01
60440|1.957|1.737|2.273|2.053|2026-04-01
60441|NA|1.717|NA|2.033|2026-04-01
60442|1.937|1.717|2.255|2.035|2026-04-01
60443|1.957|1.737|2.273|2.053|2026-04-01
60444|NA|NA|2.26|2.04|2026-04-01
60445|NA|1.618|NA|1.528|2026-04-01
60446|NA|1.588|NA|1.538|2026-04-01
60448|NA|1.709|NA|2.079|2026-04-01
60449|NA|1.739|NA|1.999|2026-04-01
60450|2.099|1.799|2.458|2.158|2026-04-01
60451|2.029|1.739|2.309|2.019|2026-04-01
60452|1.939|1.729|2.289|2.079|2026-04-01
60454|NA|1.719|NA|2.099|2026-04-01
60455|NA|1.799|NA|2.099|2026-04-01
60456|1.799|1.799|2.119|2.119|2026-04-01
60457|NA|1.839|NA|2.159|2026-04-01
60459|1.959|1.699|2.249|1.989|2026-04-01
60460|NA|1.759|NA|2.079|2026-04-01
60461|NA|1.797|NA|2.067|2026-04-01
60462|NA|1.797|NA|2.067|2026-04-01
60463|NA|1.797|NA|2.067|2026-04-01
60464|NA|1.797|NA|2.067|2026-04-01
60465|1.889|1.709|2.209|2.029|2026-04-01
60466|NA|1.85|NA|2.3|2026-04-01
60467|1.957|1.737|2.273|2.053|2026-04-01
60468|1.957|1.737|2.255|2.035|2026-04-01
60469|NA|1.789|NA|2.159|2026-04-01
60470|1.949|1.759|NA|NA|2026-04-01
60471|1.747|1.747|2.097|2.097|2026-04-01
60477|NA|1.759|NA|2.129|2026-04-01
60479|1.999|1.799|2.299|2.099|2026-04-01
60480|1.899|1.695|2.099|2.035|2026-04-01
60481|1.915|1.735|2.275|2.095|2026-04-01
60482|NA|1.769|NA|2.109|2026-04-01
60483|1.827|1.727|2.107|2.007|2026-04-01
60484|NA|1.685|NA|2.015|2026-04-01
60485|2.119|1.759|2.399|2.059|2026-04-01
60486|NA|1.788|NA|2.118|2026-04-01
60487|NA|1.779|NA|2.079|2026-04-01
60488|NA|1.729|NA|2.099|2026-04-01
60489|NA|1.647|NA|1.597|2026-04-01
60490|1.919|1.729|2.269|2.079|2026-04-01
60493|NA|1.719|NA|2.099|2026-04-01
60495|1.949|1.739|2.249|2.039|2026-04-01
60497|NA|1.699|NA|2.039|2026-04-01
60498|1.819|1.719|2.199|2.099|2026-04-01
60499|1.719|1.719|2.109|2.109|2026-04-01
60501|1.877|1.737|2.237|2.097|2026-04-01
60502|NA|1.749|NA|2.049|2026-04-01
60503|1.739|1.739|2.099|2.099|2026-04-01
60504|1.779|1.779|2.069|2.069|2026-04-01
60505|1.96|1.75|2.309|2.099|2026-04-01
60506|1.739|1.739|2.059|2.059|2026-04-01
60508|NA|1.697|NA|2.097|2026-04-01
60509|1.929|1.779|2.259|2.109|2026-04-01
60510|NA|1.839|NA|2.109|2026-04-01
60511|NA|1.719|NA|2.099|2026-04-01
60512|1.689|1.689|2.039|2.039|2026-04-01
60513|NA|1.759|NA|2.047|2026-04-01
60515|NA|1.737|NA|2.099|2026-04-01
60516|NA|1.719|NA|2.099|2026-04-01
60517|1.97|1.74|2.269|2.039|2026-04-01
60518|NA|1.799|NA|2.099|2026-04-01
60519|NA|1.739|NA|2.069|2026-04-01
60520|NA|1.759|NA|2.047|2026-04-01
60521|1.957|1.737|2.265|2.045|2026-04-01
60522|2.239|1.749|2.629|2.139|2026-04-01
60523|1.729|NA|2.059|NA|2026-04-01
60524|1.859|1.719|2.239|2.099|2026-04-01
60525|NA|1.767|NA|2.067|2026-04-01
60526|1.899|1.899|2.129|2.129|2026-04-01
60528|2.054|1.73|2.049|NA|2026-04-01
60529|1.937|1.717|2.253|2.033|2026-04-01
60530|1.957|1.737|2.273|2.053|2026-04-01
60531|1.945|1.725|2.273|2.053|2026-04-01
60532|1.957|1.737|2.273|2.053|2026-04-01
60533|1.958|1.738|2.248|2.028|2026-04-01
60534|1.804|1.72|NA|NA|2026-04-01
60535|NA|NA|2.255|2.035|2026-04-01
60536|1.799|1.799|2.049|2.049|2026-04-01
60537|1.969|1.759|2.309|2.099|2026-04-01
60538|1.929|1.769|2.289|2.129|2026-04-01
60539|1.729|NA|2.049|NA|2026-04-01
60541|1.949|1.739|2.269|2.059|2026-04-01
60543|NA|1.635|NA|1.574|2026-04-01
60544|NA|1.685|NA|1.876|2026-04-01
60545|NA|1.714|NA|2.055|2026-04-01
60546|NA|1.739|NA|2.089|2026-04-01
60547|1.709|1.709|2.079|2.079|2026-04-01
60548|NA|1.849|NA|2.099|2026-04-01
60549|NA|1.799|NA|2.079|2026-04-01
60550|NA|1.789|NA|2.059|2026-04-01
60552|NA|1.719|NA|2.029|2026-04-01
60553|1.95|1.74|2.245|2.035|2026-04-01
60554|NA|1.789|NA|2.099|2026-04-01
60555|1.749|1.749|2.139|2.139|2026-04-01
60556|1.799|1.699|2.189|2.089|2026-04-01
60557|2.019|1.799|2.299|2.079|2026-04-01
60558|1.999|1.799|2.379|2.179|2026-04-01
60559|NA|1.779|NA|2.055|2026-04-01
60560|NA|1.749|NA|2.139|2026-04-01
60561|NA|1.635|NA|1.574|2026-04-01
60562|1.839|1.739|2.199|2.099|2026-04-01
60564|NA|1.759|NA|2.059|2026-04-01
60565|NA|1.735|NA|2.055|2026-04-01
60567|1.957|1.732|2.26|2.035|2026-04-01
60568|NA|1.729|NA|2.099|2026-04-01
60569|2.082|1.822|2.398|2.138|2026-04-01
60571|NA|1.656|NA|1.586|2026-04-01
60572|1.929|1.749|2.229|2.049|2026-04-01
60573|1.967|1.799|2.317|2.149|2026-04-01
60574|1.92|1.7|2.255|2.035|2026-04-01
60576|1.949|1.699|2.279|2.029|2026-04-01
60577|1.969|1.769|2.289|2.089|2026-04-01
60578|1.999|1.759|2.329|2.089|2026-04-01
60579|1.699|1.699|1.999|1.999|2026-04-01
60580|1.709|1.709|2.019|2.019|2026-04-01
60581|NA|1.698|NA|2.035|2026-04-01
60582|NA|1.669|NA|2.049|2026-04-01
60584|NA|1.759|NA|2.099|2026-04-01
60585|NA|1.695|NA|2.095|2026-04-01
60586|1.939|1.729|2.289|2.079|2026-04-01
60587|NA|1.714|NA|2.045|2026-04-01
60588|1.969|1.749|2.299|2.079|2026-04-01
60589|1.979|1.779|2.279|2.079|2026-04-01
60590|1.94|1.72|2.233|2.033|2026-04-01
60591|1.957|1.737|2.253|2.033|2026-04-01
60592|1.957|1.737|2.273|2.053|2026-04-01
60593|1.957|1.737|2.235|2.033|2026-04-01
60594|1.729|1.729|2.099|2.099|2026-04-01
60595|1.899|1.749|2.219|2.069|2026-04-01
60596|1.889|1.689|2.189|1.989|2026-04-01
60597|NA|1.717|NA|2.033|2026-04-01
60598|1.729|1.729|1.999|1.999|2026-04-01
60601|1.969|1.719|2.299|2.049|2026-04-01
60603|NA|1.729|NA|2.069|2026-04-01
60604|NA|1.719|NA|2.069|2026-04-01
60605|NA|1.719|NA|2.069|2026-04-01
60606|NA|1.719|NA|2.059|2026-04-01
60607|NA|1.719|NA|2.069|2026-04-01
60609|1.939|1.759|2.269|2.089|2026-04-01
60610|NA|1.628|NA|1.564|2026-04-01
60611|NA|1.665|NA|1.594|2026-04-01
60613|NA|1.739|NA|2.079|2026-04-01
60615|1.889|1.675|2.309|2.099|2026-04-01
60617|NA|1.699|NA|2.028|2026-04-01
60618|NA|1.759|NA|2.099|2026-04-01
60619|NA|1.639|NA|1.573|2026-04-01
60620|NA|1.76|NA|2.063|2026-04-01
60621|1.942|1.732|2.258|2.048|2026-04-01
60622|1.962|1.752|2.278|2.068|2026-04-01
60623|1.819|1.719|2.149|2.049|2026-04-01
60624|NA|1.819|NA|2.099|2026-04-01
60625|NA|1.799|NA|1.999|2026-04-01
60626|1.705|1.705|1.948|1.948|2026-04-01
60627|NA|1.649|NA|1.999|2026-04-01
60628|NA|1.644|NA|1.584|2026-04-01
60629|1.809|1.809|2.139|2.139|2026-04-01
60630|NA|1.694|NA|1.998|2026-04-01
60632|2.129|1.779|2.399|2.049|2026-04-01
60633|1.684|1.684|1.994|1.994|2026-04-01
60634|1.689|1.689|1.999|1.999|2026-04-01
60637|NA|1.745|NA|2.095|2026-04-01
60638|1.905|1.725|2.245|2.065|2026-04-01
60639|NA|1.799|NA|2.079|2026-04-01
60640|1.915|1.712|2.245|2.035|2026-04-01
60641|1.826|1.826|2.166|2.166|2026-04-01
60643|1.945|1.945|2.129|2.129|2026-04-01
60645|NA|1.759|NA|2.099|2026-04-01
60646|NA|1.739|NA|2.019|2026-04-01
60647|1.942|1.732|2.255|2.045|2026-04-01
60648|1.959|NA|2.099|NA|2026-04-01
60649|NA|1.695|NA|2.065|2026-04-01
60650|2.119|1.919|2.489|2.259|2026-04-01
60651|1.869|1.719|2.209|2.059|2026-04-01
60652|NA|1.719|NA|2.049|2026-04-01
60654|1.869|1.689|2.269|2.089|2026-04-01
60658|NA|1.719|NA|1.999|2026-04-01
60661|NA|1.729|NA|2.059|2026-04-01
60662|NA|1.719|NA|2.097|2026-04-01
60663|1.887|1.737|2.137|2.087|2026-04-01
60664|1.738|NA|2.068|NA|2026-04-01
60666|1.879|1.729|2.199|2.049|2026-04-01
60667|1.797|1.687|1.997|1.997|2026-04-01
60668|NA|1.719|NA|1.879|2026-04-01
60669|NA|1.674|NA|1.988|2026-04-01
60670|1.909|1.689|2.269|2.049|2026-04-01
60672|2.057|1.796|2.417|2.156|2026-04-01
60673|1.869|1.719|2.139|1.989|2026-04-01
60674|NA|1.723|NA|2.108|2026-04-01
60675|1.979|1.759|2.289|2.069|2026-04-01
60677|1.859|1.649|2.189|1.979|2026-04-01
60678|1.939|1.719|2.249|2.029|2026-04-01
60680|NA|1.699|NA|2.049|2026-04-01
60681|NA|1.735|NA|2.048|2026-04-01
60682|NA|1.757|NA|2.087|2026-04-01
60683|NA|1.719|NA|1.999|2026-04-01
60684|NA|1.719|NA|2.099|2026-04-01
60685|NA|1.694|NA|2.078|2026-04-01
60686|1.699|1.699|2.049|2.049|2026-04-01
60687|1.839|1.689|2.184|2.034|2026-04-01
60688|1.839|1.739|2.159|2.059|2026-04-01
60689|1.749|1.749|2.099|2.099|2026-04-01
60690|1.969|1.769|2.279|2.079|2026-04-01
60691|NA|1.799|NA|2.099|2026-04-01
60692|1.809|1.809|1.999|1.999|2026-04-01
60693|1.679|1.679|2.037|2.037|2026-04-01
60694|1.698|1.698|2.097|2.097|2026-04-01
60695|NA|1.697|NA|2.077|2026-04-01
60696|1.669|1.669|2.059|2.059|2026-04-01
60698|2.049|1.799|2.329|2.079|2026-04-01
60699|1.919|1.719|2.239|2.039|2026-04-01
60700|1.959|1.759|2.269|2.069|2026-04-01
60701|1.799|1.799|2.099|2.099|2026-04-01
60702|1.939|1.739|2.269|2.069|2026-04-01
60703|2.119|1.819|2.429|2.129|2026-04-01
60704|1.972|1.762|2.335|2.125|2026-04-01
60705|NA|1.759|NA|2.099|2026-04-01
60706|NA|NA|NA|2.099|2026-04-01
60707|1.699|1.699|1.999|1.999|2026-04-01
60709|1.719|1.719|2.059|2.059|2026-04-01
60710|2.019|1.819|2.299|2.099|2026-04-01
60711|2.049|1.899|2.249|2.099|2026-04-01
60712|NA|1.737|NA|2.053|2026-04-01
60713|1.922|1.712|2.238|2.028|2026-04-01
60714|1.779|1.779|2.079|2.079|2026-04-01
60718|NA|1.699|NA|2.059|2026-04-01
60719|1.839|1.729|2.179|2.069|2026-04-01
60720|1.999|1.799|2.349|2.149|2026-04-01
60721|NA|1.714|NA|2.035|2026-04-01
60722|1.919|1.699|2.249|2.029|2026-04-01
60723|1.909|1.699|2.249|2.039|2026-04-01
60725|1.799|1.799|1.999|1.999|2026-04-01
60726|1.849|1.849|2.229|2.229|2026-04-01
60727|1.959|1.779|2.329|2.149|2026-04-01
60728|1.985|1.775|2.209|1.999|2026-04-01
60729|1.955|1.735|NA|NA|2026-04-01
60730|1.95|1.73|2.253|2.033|2026-04-01
60731|1.745|1.735|2.065|2.055|2026-04-01
60732|1.957|1.737|2.255|2.035|2026-04-01
60733|1.789|1.789|2.089|2.089|2026-04-01
60734|1.73|1.73|2.05|2.05|2026-04-01
60735|1.99|NA|1.99|NA|2026-04-01
60737|1.759|1.759|2.099|2.099|2026-04-01
60738|1.819|1.819|2.149|2.149|2026-04-01
60739|1.899|1.899|2.039|2.034|2026-04-01
60740|NA|1.739|NA|2.059|2026-04-01
60741|1.799|1.799|2.079|2.079|2026-04-01
60742|1.939|1.729|2.309|2.099|2026-04-01
60743|NA|1.732|NA|2.048|2026-04-01
60744|NA|1.73|NA|2.033|2026-04-01
60745|2.009|1.759|2.339|2.089|2026-04-01
60746|1.999|1.799|2.329|2.129|2026-04-01
60747|NA|1.769|NA|2.097|2026-04-01
60748|1.799|NA|2.099|NA|2026-04-01
60749|1.999|1.799|2.349|2.149|2026-04-01
60750|1.984|1.764|2.304|2.084|2026-04-01
60751|NA|1.646|NA|1.549|2026-04-01
60752|NA|1.719|NA|2.099|2026-04-01
60753|2.099|1.799|2.449|2.149|2026-04-01
60754|1.899|NA|2.149|NA|2026-04-01
60755|NA|1.769|NA|2.069|2026-04-01
60757|1.799|1.799|2.049|2.049|2026-04-01
60758|1.709|1.699|2.009|1.999|2026-04-01
60759|NA|1.789|NA|2.029|2026-04-01
60760|NA|1.749|NA|2.049|2026-04-01
60761|NA|1.799|NA|2.049|2026-04-01
60762|NA|1.889|NA|2.049|2026-04-01
60763|NA|1.829|NA|2.169|2026-04-01
60764|NA|1.719|NA|2.099|2026-04-01
60765|1.829|1.769|2.159|2.099|2026-04-01
60766|1.919|1.719|2.349|2.149|2026-04-01
60767|2.089|1.759|2.499|2.149|2026-04-01
60770|1.999|1.799|2.395|2.195|2026-04-01
60771|NA|1.729|NA|2.019|2026-04-01
60772|2.059|1.789|2.329|2.059|2026-04-01
60774|1.779|1.779|2.089|2.089|2026-04-01
60776|1.679|1.679|1.999|1.999|2026-04-01
60779|1.757|1.757|2.087|2.087|2026-04-01
60780|1.61|1.61|1.89|1.89|2026-04-01
60782|1.909|1.759|2.248|2.098|2026-04-01
60783|1.759|1.759|2.069|2.069|2026-04-01
60784|NA|1.705|NA|2.069|2026-04-01
60785|NA|1.715|NA|2.048|2026-04-01
60786|2.005|1.785|2.375|2.155|2026-04-01
60787|1.729|1.729|2.059|2.059|2026-04-01
60788|NA|1.689|NA|2.059|2026-04-01
60789|1.937|1.717|2.253|2.033|2026-04-01
60790|1.799|1.799|1.729|1.729|2026-04-01
60796|NA|1.745|NA|2.095|2026-04-01
60800|1.806|1.806|2.146|2.146|2026-04-01
60801|NA|1.729|NA|2.099|2026-04-01
60802|1.776|NA|2.056|NA|2026-04-01
60804|1.859|1.759|2.179|2.079|2026-04-01
60805|1.959|1.729|2.299|2.069|2026-04-01
60806|2.02|1.759|2.35|2.089|2026-04-01
60807|1.779|1.779|2.069|2.069|2026-04-01
60808|NA|1.799|NA|2.169|2026-04-01
60809|1.985|1.755|2.305|2.075|2026-04-01
60810|1.949|1.799|2.219|2.069|2026-04-01
60811|NA|1.758|NA|1.998|2026-04-01
60812|1.759|1.759|2.059|2.059|2026-04-01
60813|1.759|1.759|2.059|2.059|2026-04-01
60814|1.759|1.759|2.049|2.049|2026-04-01
60815|1.993|1.833|2.355|2.165|2026-04-01
60816|1.759|1.759|2.099|2.099|2026-04-01
60817|1.737|1.737|2.053|2.053|2026-04-01
60818|1.809|1.809|2.149|2.149|2026-04-01
60822|1.754|1.754|1.999|1.999|2026-04-01
60823|NA|1.769|NA|2.119|2026-04-01
60824|NA|1.699|NA|1.998|2026-04-01
60825|1.955|1.735|2.255|2.035|2026-04-01
60826|1.957|1.737|2.273|2.053|2026-04-01
60828|1.949|1.749|2.339|2.139|2026-04-01
60829|NA|1.699|NA|2.049|2026-04-01
60830|1.779|1.729|2.099|2.049|2026-04-01
60832|2.039|1.759|2.399|2.119|2026-04-01
60834|1.935|1.735|2.278|2.078|2026-04-01
60837|1.799|1.699|2.189|2.089|2026-04-01
60838|1.869|1.739|2.179|2.049|2026-04-01
60841|1.669|1.669|2.019|2.019|2026-04-01
60842|1.729|1.729|2.069|2.069|2026-04-01
60843|1.689|1.689|2.079|2.079|2026-04-01
60844|NA|1.699|NA|2.059|2026-04-01
60847|1.705|NA|2.039|NA|2026-04-01
60850|2.039|1.789|2.399|2.149|2026-04-01
60851|2.049|1.799|2.409|2.159|2026-04-01
60853|NA|1.694|NA|1.986|2026-04-01
60854|NA|1.699|NA|2.059|2026-04-01
60855|NA|1.749|NA|2.059|2026-04-01
60856|NA|1.739|NA|2.099|2026-04-01
60858|1.969|1.759|2.309|2.099|2026-04-01
60859|1.989|1.739|2.299|2.049|2026-04-01
60861|NA|1.749|NA|2.059|2026-04-01
60862|1.769|1.769|2.079|2.079|2026-04-01
60863|NA|1.699|NA|2.094|2026-04-01
60864|NA|1.729|NA|2.089|2026-04-01
60865|NA|1.729|NA|2.039|2026-04-01
60866|NA|1.749|NA|NA|2026-04-01
60867|NA|1.749|NA|NA|2026-04-01
60868|NA|1.729|NA|NA|2026-04-01
60870|1.959|1.759|2.289|2.089|2026-04-01
60871|1.739|1.739|1.999|1.999|2026-04-01
60872|2.038|1.738|2.358|2.058|2026-04-01
60875|NA|1.695|NA|2.016|2026-04-01
60876|2.009|1.809|2.359|2.159|2026-04-01
60877|1.739|1.739|1.939|1.939|2026-04-01
60878|NA|1.732|NA|2.048|2026-04-01
60880|1.959|1.739|2.249|2.029|2026-04-01
60882|1.939|1.729|2.209|1.999|2026-04-01
60883|NA|1.744|NA|2.089|2026-04-01
60884|1.937|1.717|2.255|2.035|2026-04-01
60886|1.945|1.725|2.253|2.033|2026-04-01
60887|1.819|NA|2.179|NA|2026-04-01
60888|1.799|NA|2.099|NA|2026-04-01
60889|1.959|1.769|2.319|2.129|2026-04-01
60891|1.939|1.739|2.299|2.099|2026-04-01
60892|NA|1.799|NA|2.079|2026-04-01
60894|1.945|1.735|2.258|2.048|2026-04-01
60895|1.799|1.699|2.189|2.089|2026-04-01
60896|NA|1.649|NA|1.559|2026-04-01
60897|1.96|1.96|2.29|2.29|2026-04-01
60898|NA|1.799|NA|2.099|2026-04-01
60899|1.799|1.739|2.139|2.079|2026-04-01
60900|1.949|1.749|2.299|2.099|2026-04-01
60901|NA|1.759|NA|2.069|2026-04-01
60902|NA|1.799|NA|2.099|2026-04-01
60904|NA|1.648|NA|1.614|2026-04-01
60905|NA|1.623|NA|1.612|2026-04-01
60906|NA|1.634|NA|1.603|2026-04-01
60907|NA|1.636|NA|1.624|2026-04-01
60908|NA|1.654|NA|1.605|2026-04-01
60909|NA|1.624|NA|1.544|2026-04-01
60910|NA|1.749|NA|2.079|2026-04-01
60911|NA|1.758|NA|2.098|2026-04-01
60912|1.759|1.759|2.06|2.06|2026-04-01
60913|NA|1.759|NA|2.089|2026-04-01
60915|1.759|NA|2.059|NA|2026-04-01
60919|NA|1.829|NA|2.159|2026-04-01
60920|1.759|1.759|2.159|2.159|2026-04-01
60921|1.719|1.719|1.999|1.999|2026-04-01
60922|NA|1.719|NA|2.069|2026-04-01
60924|1.959|1.759|2.269|2.069|2026-04-01
60925|1.957|1.737|2.273|2.053|2026-04-01
60926|1.969|1.749|2.319|2.099|2026-04-01
60927|1.899|1.779|2.159|2.079|2026-04-01
60928|1.977|1.766|2.367|2.156|2026-04-01
60929|NA|1.737|NA|2.045|2026-04-01
60930|1.909|1.729|2.259|2.079|2026-04-01
60931|1.955|1.735|2.255|2.035|2026-04-01
60932|1.797|1.797|2.097|2.097|2026-04-01
60933|NA|1.729|NA|2.089|2026-04-01
60936|NA|1.789|NA|2.069|2026-04-01
60938|1.941|1.731|2.258|2.048|2026-04-01
60939|NA|1.819|NA|2.159|2026-04-01
60942|1.865|1.765|2.145|2.045|2026-04-01
60947|NA|1.789|NA|2.099|2026-04-01
60949|1.957|1.737|2.265|2.045|2026-04-01
60950|1.957|1.737|2.253|2.033|2026-04-01
60951|1.957|1.737|2.273|2.053|2026-04-01
60952|1.955|1.735|NA|NA|2026-04-01
60953|1.957|1.737|2.255|2.035|2026-04-01
60954|NA|1.627|NA|1.552|2026-04-01
60955|NA|1.779|NA|2.069|2026-04-01
60958|1.859|1.759|2.129|2.029|2026-04-01
60960|1.799|1.799|2.159|2.159|2026-04-01
60962|NA|1.704|NA|2.055|2026-04-01
60963|1.969|1.769|2.299|2.099|2026-04-01
60964|1.729|1.729|2.029|2.029|2026-04-01
60965|NA|1.729|NA|2.069|2026-04-01
60966|1.699|1.699|2.079|2.079|2026-04-01
60967|1.689|1.689|2.069|2.069|2026-04-01
60968|1.925|1.705|2.259|2.039|2026-04-01
60970|1.979|1.779|2.339|2.139|2026-04-01
60971|1.999|1.779|2.349|2.149|2026-04-01
60972|NA|1.749|NA|2.139|2026-04-01
60973|2.089|1.869|2.399|2.259|2026-04-01
60975|NA|1.709|NA|2.059|2026-04-01
60976|2.009|1.799|2.339|2.129|2026-04-01
60977|1.799|1.799|2.099|2.099|2026-04-01
60978|1.829|1.699|2.169|2.039|2026-04-01
60981|NA|1.889|NA|2.249|2026-04-01
60982|1.925|1.715|2.245|2.035|2026-04-01
60987|1.979|1.779|2.299|2.099|2026-04-01
60988|2.099|1.819|2.419|2.139|2026-04-01
60989|1.899|1.689|2.249|2.049|2026-04-01
60990|2.009|1.759|2.399|2.149|2026-04-01
60991|1.797|1.797|2.097|2.097|2026-04-01
60992|NA|1.729|NA|2.089|2026-04-01
60998|2.029|1.779|2.409|2.159|2026-04-01
61000|NA|1.749|NA|2.079|2026-04-01
61003|NA|1.644|NA|1.596|2026-04-01
61004|NA|1.789|NA|2.129|2026-04-01
61005|1.698|1.698|2.028|2.028|2026-04-01
61007|NA|1.689|NA|2.079|2026-04-01
61008|1.945|1.725|2.265|2.045|2026-04-01
61009|1.937|1.717|2.253|2.033|2026-04-01
61016|1.969|1.769|2.309|2.109|2026-04-01
61018|1.744|1.744|2.024|2.024|2026-04-01
61020|1.745|1.745|2.069|2.069|2026-04-01
61021|1.969|1.759|2.269|2.059|2026-04-01
61023|1.749|1.749|2.099|2.099|2026-04-01
61024|1.745|1.745|2.045|2.045|2026-04-01
61025|NA|1.719|NA|2.099|2026-04-01
61026|NA|1.779|NA|2.139|2026-04-01
61027|NA|1.749|NA|2.089|2026-04-01
61028|NA|1.759|NA|2.059|2026-04-01
61029|1.699|1.699|1.999|1.999|2026-04-01
61030|NA|1.839|NA|2.099|2026-04-01
61032|1.779|1.779|2.079|2.079|2026-04-01
61033|1.927|1.717|2.249|2.039|2026-04-01
61034|1.967|1.747|2.273|2.053|2026-04-01
61035|2.057|1.747|2.427|2.077|2026-04-01
61036|1.95|1.73|2.253|2.033|2026-04-01
61037|NA|1.749|NA|2.059|2026-04-01
61038|NA|1.819|NA|2.149|2026-04-01
61040|1.939|1.729|2.239|2.029|2026-04-01
61041|1.839|1.739|2.199|2.099|2026-04-01
61042|NA|1.729|NA|2.059|2026-04-01
61043|NA|1.789|NA|2.089|2026-04-01
61044|NA|1.699|NA|2.059|2026-04-01
61045|NA|1.729|NA|2.049|2026-04-01
61046|1.719|1.719|2.099|2.099|2026-04-01
61047|2.009|1.759|2.339|2.089|2026-04-01
61048|1.909|1.709|2.309|2.109|2026-04-01
61049|2.019|1.819|2.319|2.119|2026-04-01
61050|1.869|1.779|2.189|2.099|2026-04-01
61051|NA|1.829|NA|1.989|2026-04-01
61052|NA|1.715|NA|1.925|2026-04-01
61053|1.759|1.759|2.099|2.099|2026-04-01
61056|1.945|1.725|NA|NA|2026-04-01
61057|2.029|1.779|2.399|2.149|2026-04-01
61058|NA|2.099|NA|2.399|2026-04-01
61059|2.054|1.789|2.364|2.099|2026-04-01
61060|NA|1.709|NA|2.039|2026-04-01
61061|1.88|1.67|2.249|2.039|2026-04-01
61062|1.759|1.759|2.109|2.109|2026-04-01
61063|1.957|1.737|2.273|2.053|2026-04-01
61066|1.948|1.798|2.208|2.058|2026-04-01
61067|NA|1.769|NA|2.169|2026-04-01
61068|NA|1.719|NA|2.069|2026-04-01
61069|2.109|1.759|2.489|2.139|2026-04-01
61070|NA|1.719|NA|2.029|2026-04-01
61071|2.095|1.905|2.335|2.145|2026-04-01
61072|1.739|1.739|2.099|2.099|2026-04-01
61073|NA|1.759|NA|2.049|2026-04-01
61074|1.919|1.699|2.229|2.029|2026-04-01
61076|1.779|1.779|2.139|2.139|2026-04-01
61077|1.759|1.759|2.119|2.119|2026-04-01
61078|NA|1.739|NA|2.099|2026-04-01
61079|1.87|NA|1.997|NA|2026-04-01
61080|NA|1.736|NA|1.896|2026-04-01
61081|NA|1.75|NA|1.995|2026-04-01
61082|NA|1.799|NA|2.129|2026-04-01
61086|1.929|1.749|2.229|2.049|2026-04-01
61087|2.059|1.799|2.259|1.999|2026-04-01
61088|NA|1.759|NA|2.079|2026-04-01
61090|1.899|1.719|2.279|2.099|2026-04-01
61092|NA|1.709|NA|1.659|2026-04-01
61093|NA|1.739|NA|2.049|2026-04-01
61094|1.937|1.717|2.253|2.033|2026-04-01
61096|1.929|1.719|2.299|2.089|2026-04-01
61097|1.979|1.779|2.349|2.149|2026-04-01
61098|2.009|1.799|2.309|2.099|2026-04-01
61099|1.95|1.73|2.27|2.05|2026-04-01
61101|1.969|1.769|2.299|2.099|2026-04-01
61102|1.979|1.779|2.299|2.099|2026-04-01
61103|1.759|NA|2.099|NA|2026-04-01
61104|1.837|1.767|2.097|2.097|2026-04-01
61106|NA|1.732|NA|2.048|2026-04-01
61107|1.709|1.709|2.039|2.039|2026-04-01
61108|NA|1.729|NA|2.099|2026-04-01
61109|1.719|1.679|1.949|1.909|2026-04-01
61110|1.999|1.745|2.409|2.155|2026-04-01
61112|1.759|1.759|2.049|2.049|2026-04-01
61113|1.719|NA|2.089|NA|2026-04-01
61115|NA|1.719|NA|2.119|2026-04-01
61118|NA|1.732|NA|2.048|2026-04-01
61121|NA|1.738|NA|2.058|2026-04-01
61123|1.759|NA|2.059|NA|2026-04-01
61124|NA|1.739|NA|2.099|2026-04-01
61125|1.779|NA|2.05|NA|2026-04-01
61128|1.945|1.725|2.253|2.033|2026-04-01
61129|NA|1.615|NA|1.634|2026-04-01
61131|1.789|1.789|2.159|2.159|2026-04-01
61132|1.919|1.719|2.299|2.099|2026-04-01
61133|1.979|1.749|2.299|2.069|2026-04-01
61134|1.759|1.759|2.069|2.069|2026-04-01
61135|2.199|1.739|2.199|1.999|2026-04-01
61136|1.937|1.737|2.255|2.055|2026-04-01
61137|1.797|1.757|2.177|2.027|2026-04-01
61142|1.664|1.664|2.034|2.034|2026-04-01
61143|NA|1.799|NA|2.099|2026-04-01
61144|NA|1.688|NA|1.988|2026-04-01
61145|NA|1.697|NA|2.007|2026-04-01
61146|1.899|1.749|1.879|1.729|2026-04-01
61147|1.989|1.779|2.287|2.077|2026-04-01
61148|NA|1.789|NA|2.099|2026-04-01
61149|NA|1.819|NA|2.099|2026-04-01
61151|NA|1.749|NA|2.069|2026-04-01
61152|NA|1.749|NA|2.069|2026-04-01
61153|NA|1.759|NA|2.129|2026-04-01
61154|NA|1.719|NA|2.069|2026-04-01
61155|NA|1.789|NA|2.159|2026-04-01
61156|NA|1.779|NA|2.079|2026-04-01
61157|1.937|1.717|2.255|2.035|2026-04-01
61158|1.957|1.737|2.253|2.033|2026-04-01
61159|1.957|1.737|2.265|2.045|2026-04-01
61160|1.937|1.717|2.255|2.035|2026-04-01
61161|1.759|1.759|1.999|1.999|2026-04-01
61163|NA|1.719|NA|2.059|2026-04-01
61164|1.697|1.697|2.056|2.056|2026-04-01
61165|NA|1.759|NA|2.129|2026-04-01
61167|1.758|1.758|2.038|2.038|2026-04-01
61168|NA|1.749|NA|2.099|2026-04-01
61170|NA|1.719|NA|2.099|2026-04-01
61171|1.949|1.719|NA|NA|2026-04-01
61173|1.759|NA|2.099|NA|2026-04-01
61176|1.955|1.745|2.279|2.069|2026-04-01
61177|2.089|1.839|2.409|2.159|2026-04-01
61178|1.925|1.715|2.245|2.035|2026-04-01
61179|NA|1.746|NA|2.046|2026-04-01
61180|1.849|1.749|2.139|2.039|2026-04-01
61181|1.957|1.737|2.245|2.025|2026-04-01
61182|NA|1.717|NA|2.033|2026-04-01
61183|1.989|1.725|2.239|2.075|2026-04-01
61188|NA|1.719|NA|2.099|2026-04-01
61190|1.829|1.829|2.159|2.159|2026-04-01
61191|1.949|1.759|2.319|2.129|2026-04-01
61192|1.899|1.739|2.259|2.099|2026-04-01
61193|NA|1.73|NA|2.035|2026-04-01
61194|1.999|1.819|2.329|2.149|2026-04-01
61195|1.937|1.717|2.253|2.033|2026-04-01
61196|NA|1.729|NA|2.099|2026-04-01
61197|1.799|1.799|2.059|2.059|2026-04-01
61198|2.379|2.379|2.679|2.679|2026-04-01
61199|NA|1.779|NA|2.099|2026-04-01
61200|1.969|1.819|2.339|2.189|2026-04-01
61201|1.739|NA|2.099|NA|2026-04-01
61202|NA|1.679|NA|1.989|2026-04-01
61204|1.737|1.737|2.057|2.057|2026-04-01
61205|1.955|1.715|2.265|2.025|2026-04-01
61206|1.899|1.779|2.209|2.089|2026-04-01
61207|NA|1.799|NA|2.069|2026-04-01
61209|NA|1.689|NA|2.029|2026-04-01
61211|NA|1.779|NA|2.079|2026-04-01
61212|NA|1.699|NA|2.059|2026-04-01
61213|1.817|1.717|2.127|2.027|2026-04-01
61214|1.739|1.739|2.029|2.029|2026-04-01
61215|1.849|1.729|2.189|2.069|2026-04-01
61218|NA|1.749|NA|2.099|2026-04-01
61219|NA|1.779|NA|2.079|2026-04-01
61220|NA|1.719|NA|2.049|2026-04-01
61221|1.719|1.679|2.039|1.999|2026-04-01
61222|NA|1.729|NA|2.129|2026-04-01
61223|1.699|1.699|2.039|2.039|2026-04-01
61225|NA|1.789|NA|2.129|2026-04-01
61226|NA|1.719|NA|1.999|2026-04-01
61228|1.729|1.729|2.059|2.059|2026-04-01
61229|1.929|1.719|2.259|2.049|2026-04-01
61230|1.769|NA|2.139|NA|2026-04-01
61231|NA|1.899|NA|2.189|2026-04-01
61232|1.899|1.737|2.104|2.04|2026-04-01
61234|1.779|1.779|2.079|2.079|2026-04-01
61235|1.718|1.718|2.048|2.048|2026-04-01
61238|1.747|1.747|2.067|2.067|2026-04-01
61239|1.799|1.799|2.099|2.099|2026-04-01
61240|1.952|1.742|2.235|2.025|2026-04-01
61242|1.829|1.739|2.149|2.059|2026-04-01
61243|NA|1.799|NA|2.099|2026-04-01
61244|1.735|1.735|2.059|2.059|2026-04-01
61246|1.989|1.739|2.299|2.049|2026-04-01
61247|2.029|1.779|2.369|2.119|2026-04-01
61248|1.989|1.739|2.329|2.079|2026-04-01
61249|1.699|1.699|1.999|1.999|2026-04-01
61250|1.895|1.645|2.289|2.039|2026-04-01
61251|1.899|1.749|2.249|2.099|2026-04-01
61252|1.957|1.737|2.273|2.053|2026-04-01
61253|1.739|1.739|2.089|2.089|2026-04-01
61254|NA|1.689|NA|2.079|2026-04-01
61256|1.699|1.699|1.999|1.999|2026-04-01
61257|1.915|1.705|2.245|2.035|2026-04-01
61258|1.797|1.797|2.099|2.099|2026-04-01
61259|1.94|1.72|2.26|2.04|2026-04-01
61260|NA|1.799|NA|2.079|2026-04-01
61261|NA|1.749|NA|2.089|2026-04-01
61265|1.857|1.737|2.219|2.099|2026-04-01
61266|1.949|1.739|2.339|2.129|2026-04-01
61268|1.699|1.699|1.899|1.899|2026-04-01
61269|NA|1.755|NA|2.055|2026-04-01
61270|1.937|1.717|2.253|2.033|2026-04-01
61271|1.957|1.737|2.273|2.053|2026-04-01
61272|1.955|1.735|2.265|2.045|2026-04-01
61273|1.94|1.72|2.253|2.033|2026-04-01
61274|1.945|1.725|2.253|2.033|2026-04-01
61275|1.957|1.737|2.273|2.053|2026-04-01
61276|1.955|1.735|2.253|2.033|2026-04-01
61277|1.957|1.737|2.27|2.05|2026-04-01
61278|1.957|1.737|2.273|2.053|2026-04-01
61279|1.942|1.732|2.255|2.045|2026-04-01
61280|2.039|1.799|2.339|2.099|2026-04-01
61281|2.099|1.899|2.299|2.099|2026-04-01
61282|NA|1.739|NA|2.059|2026-04-01
61283|NA|1.799|NA|1.959|2026-04-01
61284|2.029|1.729|2.379|2.079|2026-04-01
61285|1.967|1.747|2.273|2.053|2026-04-01
61286|1.942|1.732|2.258|2.048|2026-04-01
61287|1.949|1.769|2.309|2.169|2026-04-01
61288|1.759|1.759|2.039|2.039|2026-04-01
61289|1.719|1.719|2.089|2.089|2026-04-01
61292|2.089|1.739|2.499|2.149|2026-04-01
61293|2.025|1.875|2.245|2.095|2026-04-01
61294|1.999|1.799|2.349|2.149|2026-04-01
61295|NA|1.759|NA|2.009|2026-04-01
61296|1.972|1.762|2.335|2.125|2026-04-01
61297|1.819|1.819|2.099|2.099|2026-04-01
61299|NA|1.719|NA|2.049|2026-04-01
61300|NA|1.687|NA|2.017|2026-04-01
61301|NA|1.699|NA|1.999|2026-04-01
61302|NA|1.729|NA|2.089|2026-04-01
61303|1.75|1.75|2.03|2.03|2026-04-01
61304|1.999|1.799|2.299|2.099|2026-04-01
61305|1.979|1.759|2.219|2.099|2026-04-01
61306|NA|1.799|NA|2.129|2026-04-01
61307|NA|1.799|NA|2.159|2026-04-01
61308|NA|1.759|NA|2.079|2026-04-01
61309|1.927|1.717|2.243|2.033|2026-04-01
61310|1.799|NA|2.099|NA|2026-04-01
61311|1.937|1.717|2.255|2.035|2026-04-01
61313|NA|1.779|NA|2.099|2026-04-01
61314|NA|1.779|NA|2.119|2026-04-01
61315|NA|1.729|NA|2.119|2026-04-01
61316|NA|1.729|NA|2.089|2026-04-01
61318|NA|1.769|NA|2.119|2026-04-01
61319|1.969|1.759|2.249|2.039|2026-04-01
61320|1.799|1.799|1.979|1.979|2026-04-01
61321|1.737|1.737|2.087|2.087|2026-04-01
61323|NA|1.697|NA|2.057|2026-04-01
61324|1.899|1.699|2.275|2.075|2026-04-01
61325|NA|1.819|NA|2.119|2026-04-01
61327|NA|1.739|NA|2.079|2026-04-01
61330|1.977|1.766|2.317|2.106|2026-04-01
61331|1.739|NA|2.099|NA|2026-04-01
61332|NA|1.819|NA|2.099|2026-04-01
61333|NA|1.809|NA|2.179|2026-04-01
61334|NA|1.719|NA|2.099|2026-04-01
61335|1.709|1.709|2.069|2.069|2026-04-01
61337|1.799|1.799|2.169|2.169|2026-04-01
61338|NA|1.719|NA|2.029|2026-04-01
61339|1.957|1.737|2.273|2.053|2026-04-01
61340|2.35|2.35|1.98|1.98|2026-04-01
61342|NA|1.799|NA|2.079|2026-04-01
61343|NA|1.737|NA|2.053|2026-04-01
61345|2.039|1.739|2.399|2.099|2026-04-01
61346|NA|1.729|NA|2.129|2026-04-01
61347|1.755|1.755|2.115|2.115|2026-04-01
61348|1.699|1.699|2.039|2.039|2026-04-01
61349|NA|1.799|NA|2.099|2026-04-01
61350|2.029|1.779|2.399|2.149|2026-04-01
61351|1.719|1.719|2.149|2.149|2026-04-01
61352|1.779|1.779|2.149|2.149|2026-04-01
61353|1.769|1.769|2.119|2.119|2026-04-01
61354|1.755|NA|2.085|NA|2026-04-01
61355|1.869|1.769|2.219|2.119|2026-04-01
61357|NA|1.724|NA|2.055|2026-04-01
61358|2.019|1.819|2.349|2.149|2026-04-01
61360|1.959|1.749|2.309|2.099|2026-04-01
61361|1.959|1.749|2.309|2.099|2026-04-01
61362|NA|1.749|NA|2.099|2026-04-01
61363|NA|1.719|NA|2.099|2026-04-01
61366|1.981|1.771|2.313|2.123|2026-04-01
61367|1.773|1.773|2.135|2.135|2026-04-01
61368|1.949|1.759|2.289|2.099|2026-04-01
61369|2.039|1.819|2.419|2.199|2026-04-01
61370|1.965|1.745|2.325|2.105|2026-04-01
61371|1.899|1.699|2.259|2.059|2026-04-01
61372|1.937|1.717|2.253|2.033|2026-04-01
61373|1.809|1.809|2.129|2.129|2026-04-01
61375|NA|1.679|NA|2.049|2026-04-01
61376|NA|1.699|NA|2.029|2026-04-01
61377|NA|1.685|NA|2.045|2026-04-01
61379|NA|1.679|NA|2.029|2026-04-01
61380|1.849|1.749|2.199|2.099|2026-04-01
61381|NA|1.759|NA|2.099|2026-04-01
61382|1.969|1.769|2.309|2.109|2026-04-01
61383|NA|1.719|NA|2.059|2026-04-01
61385|1.949|1.749|2.329|2.129|2026-04-01
61386|NA|1.737|NA|2.033|2026-04-01
61387|1.909|1.719|2.249|2.059|2026-04-01
61388|1.949|1.739|2.249|2.039|2026-04-01
61392|NA|1.739|NA|2.069|2026-04-01
61393|NA|1.769|NA|2.109|2026-04-01
61394|NA|1.709|NA|2.069|2026-04-01
61395|NA|1.749|NA|2.119|2026-04-01
61396|NA|1.759|NA|2.139|2026-04-01
61398|1.942|1.732|2.245|2.035|2026-04-01
61399|1.769|1.769|2.139|2.139|2026-04-01
61400|1.727|1.727|2.077|2.057|2026-04-01
61406|1.769|1.769|2.099|2.099|2026-04-01
61407|1.837|1.747|2.097|2.057|2026-04-01
61409|NA|1.85|NA|2.12|2026-04-01
61410|NA|1.727|NA|2.047|2026-04-01
61411|1.897|1.747|2.177|2.057|2026-04-01
61412|NA|1.737|NA|2.047|2026-04-01
61413|1.797|1.737|2.097|2.047|2026-04-01
61414|NA|1.759|NA|2.179|2026-04-01
61415|1.909|1.759|2.189|2.039|2026-04-01
61418|1.979|1.729|2.299|2.049|2026-04-01
61419|NA|1.719|NA|2.039|2026-04-01
61420|NA|1.745|NA|2.095|2026-04-01
61421|1.966|1.736|2.329|2.099|2026-04-01
61422|NA|1.729|NA|2.099|2026-04-01
61423|2.049|1.799|2.449|2.199|2026-04-01
61424|1.925|1.715|2.245|2.035|2026-04-01
61425|1.899|1.749|2.289|2.139|2026-04-01
61426|NA|1.799|NA|2.159|2026-04-01
61427|NA|1.727|NA|2.027|2026-04-01
61428|NA|1.737|NA|2.057|2026-04-01
61429|NA|1.727|NA|2.047|2026-04-01
61431|NA|1.739|NA|2.149|2026-04-01
61432|1.707|1.707|2.097|2.097|2026-04-01
61433|NA|1.729|NA|2.049|2026-04-01
61434|1.888|1.888|1.777|1.777|2026-04-01
61435|2.019|2.019|1.969|1.969|2026-04-01
61436|1.979|1.739|2.319|2.079|2026-04-01
61441|1.949|1.739|2.249|2.039|2026-04-01
61442|1.939|1.699|2.289|2.049|2026-04-01
61443|NA|1.699|NA|1.989|2026-04-01
61444|NA|1.749|NA|2.079|2026-04-01
61445|1.849|1.699|2.139|1.989|2026-04-01
61447|NA|1.779|NA|2.069|2026-04-01
61448|NA|1.747|NA|2.075|2026-04-01
61457|1.799|1.799|2.049|2.049|2026-04-01
61458|1.947|1.737|2.243|2.033|2026-04-01
61459|NA|1.719|NA|2.089|2026-04-01
61460|NA|1.719|NA|2.089|2026-04-01
61461|NA|1.729|NA|2.089|2026-04-01
61462|1.779|1.779|2.139|2.139|2026-04-01
61463|1.899|1.719|2.259|2.149|2026-04-01
61468|1.799|1.799|2.079|2.079|2026-04-01
61474|1.909|1.735|2.059|2.035|2026-04-01
61477|NA|1.699|NA|2.049|2026-04-01
61478|1.719|1.719|2.029|2.029|2026-04-01
61479|1.809|1.739|2.149|2.079|2026-04-01
61481|1.899|1.749|2.229|2.079|2026-04-01
61482|2.019|1.819|2.349|2.149|2026-04-01
61483|1.799|1.799|2.149|2.149|2026-04-01
61484|1.94|1.72|2.233|2.013|2026-04-01
61485|1.937|1.717|2.253|2.033|2026-04-01
61486|1.937|1.717|2.253|2.033|2026-04-01
61487|1.917|1.717|2.233|2.033|2026-04-01
61488|1.917|1.717|2.255|2.035|2026-04-01
61489|1.937|1.717|2.255|2.035|2026-04-01
61490|1.955|1.735|2.255|2.035|2026-04-01
61491|1.955|1.735|2.255|2.035|2026-04-01
61492|1.957|1.737|2.26|2.04|2026-04-01
61494|1.759|1.759|2.049|2.049|2026-04-01
61495|NA|1.719|NA|2.049|2026-04-01
61496|NA|1.699|NA|1.999|2026-04-01
61497|NA|1.689|NA|1.989|2026-04-01
61500|NA|1.759|NA|2.099|2026-04-01
61501|NA|1.829|NA|2.099|2026-04-01
61502|1.715|1.715|2.029|2.029|2026-04-01
61503|NA|1.899|NA|2.199|2026-04-01
61504|NA|1.759|NA|2.139|2026-04-01
61505|1.719|NA|2.029|NA|2026-04-01
61506|1.72|NA|1.98|NA|2026-04-01
61507|NA|1.719|NA|2.029|2026-04-01
61508|NA|1.739|NA|2.089|2026-04-01
61509|NA|1.729|NA|2.089|2026-04-01
61510|NA|1.729|NA|2.089|2026-04-01
61511|1.939|1.699|2.274|2.034|2026-04-01
61512|NA|1.719|NA|2.089|2026-04-01
61513|NA|1.729|NA|2.099|2026-04-01
61514|NA|1.717|NA|2.057|2026-04-01
61515|NA|1.757|NA|2.097|2026-04-01
61516|2.019|2.019|2.259|2.259|2026-04-01
61517|NA|1.727|NA|2.057|2026-04-01
61518|1.879|1.729|2.249|2.099|2026-04-01
61519|1.679|1.679|2.029|2.029|2026-04-01
61520|2.019|1.769|2.349|2.099|2026-04-01
61521|NA|1.769|NA|2.129|2026-04-01
61522|NA|1.732|NA|2.048|2026-04-01
61523|1.959|1.729|2.249|2.099|2026-04-01
61525|NA|1.759|NA|2.099|2026-04-01
61526|NA|1.729|NA|2.059|2026-04-01
61527|2.039|1.749|2.309|2.069|2026-04-01
61528|2.079|1.769|2.309|1.999|2026-04-01
61529|NA|1.779|NA|2.119|2026-04-01
61530|1.939|1.739|2.299|2.099|2026-04-01
61531|NA|1.708|NA|2.008|2026-04-01
61532|NA|1.725|NA|2.025|2026-04-01
61533|1.779|1.699|2.079|1.999|2026-04-01
61535|1.989|1.759|2.289|2.059|2026-04-01
61536|1.749|1.749|2.059|2.059|2026-04-01
61537|NA|1.749|NA|2.069|2026-04-01
61538|1.669|1.669|2.019|2.019|2026-04-01
61539|1.739|1.739|2.049|2.049|2026-04-01
61540|1.789|1.789|NA|1.997|2026-04-01
61541|1.819|1.729|2.139|2.049|2026-04-01
61542|2.424|2.424|2.667|2.667|2026-04-01
61544|1.749|1.749|2.089|2.089|2026-04-01
61545|1.759|1.759|2.079|2.079|2026-04-01
61546|1.729|1.729|1.999|1.999|2026-04-01
61547|NA|1.719|NA|2.049|2026-04-01
61548|NA|1.729|NA|2.099|2026-04-01
61549|2.039|1.789|2.299|2.049|2026-04-01
61551|1.699|1.699|2.019|2.019|2026-04-01
61552|1.999|1.749|2.299|2.049|2026-04-01
61553|NA|1.739|NA|2.099|2026-04-01
61554|1.769|1.769|2.039|2.039|2026-04-01
61555|NA|1.758|NA|2.078|2026-04-01
61556|NA|1.739|NA|2.099|2026-04-01
61557|1.976|1.976|2.099|2.099|2026-04-01
61558|NA|1.799|NA|2.099|2026-04-01
61559|NA|1.737|NA|2.045|2026-04-01
61560|1.779|1.779|2.039|2.039|2026-04-01
61561|1.789|1.789|2.099|2.099|2026-04-01
61562|1.789|1.789|2.109|2.109|2026-04-01
61564|1.787|1.787|1.995|1.995|2026-04-01
61565|1.729|1.729|2.029|2.029|2026-04-01
61566|1.989|1.779|2.319|2.109|2026-04-01
61567|1.715|1.715|2.023|2.023|2026-04-01
61568|1.896|1.798|2.226|2.128|2026-04-01
61569|1.738|1.738|1.995|1.995|2026-04-01
61570|2.029|1.779|2.339|2.149|2026-04-01
61571|1.942|1.732|2.238|2.028|2026-04-01
61572|1.899|1.899|2.145|2.145|2026-04-01
61573|NA|1.719|NA|2.019|2026-04-01
61574|NA|1.739|NA|2.026|2026-04-01
61575|1.949|1.799|2.249|2.099|2026-04-01
61576|NA|1.759|NA|2.089|2026-04-01
61578|1.739|NA|2.059|NA|2026-04-01
61579|1.919|1.719|2.259|2.059|2026-04-01
61580|1.937|1.717|2.273|2.053|2026-04-01
61581|1.922|1.712|2.238|2.028|2026-04-01
61582|1.937|1.717|2.253|2.033|2026-04-01
61583|1.999|NA|1.899|NA|2026-04-01
61584|NA|1.769|NA|2.109|2026-04-01
61585|NA|1.729|NA|2.089|2026-04-01
61586|1.989|1.749|2.319|2.079|2026-04-01
61587|1.942|1.732|2.245|2.035|2026-04-01
61588|NA|1.749|NA|2.099|2026-04-01
61589|NA|1.749|NA|2.099|2026-04-01
61591|2.009|1.799|2.269|2.059|2026-04-01
61592|1.789|1.789|2.099|2.099|2026-04-01
61593|1.889|1.739|2.139|1.989|2026-04-01
61594|1.709|1.709|2.049|2.049|2026-04-01
61595|1.949|1.759|2.289|2.099|2026-04-01
61596|NA|1.699|NA|2.049|2026-04-01
61598|1.897|1.737|2.177|2.037|2026-04-01
61599|1.729|1.729|2.099|2.099|2026-04-01
61601|1.969|1.869|2.269|2.169|2026-04-01
61602|1.869|1.869|2.169|2.169|2026-04-01
61603|1.942|1.732|2.258|2.048|2026-04-01
61604|1.899|1.749|2.239|2.089|2026-04-01
61605|NA|1.729|NA|2.099|2026-04-01
61606|1.899|1.749|2.209|2.059|2026-04-01
61607|1.798|1.798|2.098|2.098|2026-04-01
61608|2.009|1.789|2.299|2.079|2026-04-01
61609|NA|1.678|NA|2.008|2026-04-01
61610|NA|1.699|NA|2.029|2026-04-01
61612|1.799|1.799|2.039|2.039|2026-04-01
61613|1.719|1.719|2.069|2.069|2026-04-01
61614|1.729|1.729|2.089|2.089|2026-04-01
61615|NA|1.819|NA|2.079|2026-04-01
61616|NA|1.759|NA|2.099|2026-04-01
61617|1.758|1.758|2.098|2.098|2026-04-01
61618|1.949|1.759|2.319|2.129|2026-04-01
61619|NA|1.749|NA|2.029|2026-04-01
61621|1.779|1.779|2.119|2.119|2026-04-01
61622|1.937|1.717|2.253|2.033|2026-04-01
61623|1.957|1.737|2.27|2.05|2026-04-01
61624|NA|1.739|NA|2.099|2026-04-01
61625|1.859|1.759|2.219|2.119|2026-04-01
61626|1.759|1.759|2.059|2.059|2026-04-01
61627|NA|1.749|NA|2.099|2026-04-01
61628|1.929|1.759|2.289|2.119|2026-04-01
61629|1.889|1.759|2.099|2.099|2026-04-01
61630|NA|1.775|NA|2.135|2026-04-01
61631|1.739|1.739|2.099|2.099|2026-04-01
61632|1.796|1.796|2.166|2.166|2026-04-01
61633|1.729|1.729|2.089|2.089|2026-04-01
61635|1.699|1.699|2.019|2.019|2026-04-01
61636|1.749|1.749|2.079|2.079|2026-04-01
61637|NA|1.769|NA|2.079|2026-04-01
61638|2.289|1.999|2.389|2.099|2026-04-01
61639|2.109|1.759|2.449|2.099|2026-04-01
61641|NA|1.819|NA|2.149|2026-04-01
61642|NA|1.759|NA|2.139|2026-04-01
61643|NA|1.759|NA|2.099|2026-04-01
61644|NA|1.779|NA|2.149|2026-04-01
61645|1.895|1.895|1.998|1.998|2026-04-01
61646|2.009|1.799|2.369|2.159|2026-04-01
61647|NA|1.719|NA|2.079|2026-04-01
61648|NA|1.779|NA|2.149|2026-04-01
61649|1.999|1.799|2.349|2.149|2026-04-01
61650|1.945|1.725|2.255|2.035|2026-04-01
61652|1.986|1.786|2.356|2.156|2026-04-01
61653|NA|1.685|NA|1.995|2026-04-01
61654|1.955|1.745|2.309|2.099|2026-04-01
61656|1.979|1.769|2.269|2.059|2026-04-01
61657|1.839|1.729|2.069|2.059|2026-04-01
61658|NA|1.829|NA|2.219|2026-04-01
61659|1.979|1.739|2.319|2.079|2026-04-01
61660|1.729|1.729|2.079|2.079|2026-04-01
61662|NA|1.699|NA|2.039|2026-04-01
61663|1.947|1.737|2.243|2.033|2026-04-01
61664|NA|1.779|NA|2.179|2026-04-01
61665|1.819|1.619|1.899|1.699|2026-04-01
61666|2.118|1.918|2.388|2.188|2026-04-01
61668|1.759|1.759|2.059|2.059|2026-04-01
61669|1.799|1.799|2.109|2.109|2026-04-01
61671|1.829|1.729|2.199|2.099|2026-04-01
61672|1.755|1.755|2.105|2.105|2026-04-01
61673|1.839|1.839|1.949|1.949|2026-04-01
61674|NA|1.675|NA|1.984|2026-04-01
61675|1.729|1.729|2.049|2.049|2026-04-01
61676|NA|1.819|NA|2.099|2026-04-01
61677|NA|1.759|NA|2.089|2026-04-01
61678|2.009|1.759|2.399|2.149|2026-04-01
61679|1.759|1.759|2.059|2.059|2026-04-01
61680|NA|1.779|NA|2.179|2026-04-01
61681|NA|1.715|NA|2.075|2026-04-01
61682|1.688|1.688|2.048|2.048|2026-04-01
61683|1.94|1.72|2.253|2.033|2026-04-01
61684|NA|1.769|NA|2.079|2026-04-01
61685|1.997|1.786|2.367|2.156|2026-04-01
61686|1.937|1.717|2.253|2.033|2026-04-01
61687|1.95|1.73|2.253|2.033|2026-04-01
61688|1.937|1.717|2.26|2.04|2026-04-01
61689|1.759|1.759|2.099|2.099|2026-04-01
61690|NA|1.779|NA|2.099|2026-04-01
61691|NA|1.719|NA|2.129|2026-04-01
61692|2.029|1.779|2.399|2.149|2026-04-01
61693|NA|1.809|NA|2.159|2026-04-01
61694|NA|1.739|NA|2.149|2026-04-01
61695|NA|1.739|NA|2.099|2026-04-01
61696|NA|1.739|NA|2.129|2026-04-01
61697|NA|1.709|NA|2.079|2026-04-01
61698|NA|1.729|NA|2.109|2026-04-01
61699|NA|1.749|NA|2.089|2026-04-01
61700|NA|1.749|NA|2.089|2026-04-01
61701|NA|1.789|NA|2.139|2026-04-01
61702|NA|1.739|NA|2.179|2026-04-01
61703|NA|1.739|NA|2.119|2026-04-01
61704|NA|1.759|NA|2.099|2026-04-01
61705|NA|1.739|NA|2.119|2026-04-01
61706|NA|1.719|NA|2.109|2026-04-01
61707|NA|1.789|NA|2.169|2026-04-01
61708|NA|1.729|NA|2.139|2026-04-01
61709|NA|1.709|NA|2.099|2026-04-01
61710|NA|1.759|NA|NA|2026-04-01
61711|NA|1.784|NA|2.089|2026-04-01
61712|NA|1.759|NA|2.159|2026-04-01
61713|NA|1.779|NA|2.129|2026-04-01
61714|NA|1.728|NA|2.078|2026-04-01
61715|NA|1.749|NA|2.069|2026-04-01
61716|NA|1.759|NA|2.129|2026-04-01
61717|NA|1.729|NA|2.139|2026-04-01
61718|NA|1.769|NA|2.109|2026-04-01
61719|NA|1.829|NA|2.099|2026-04-01
61720|NA|1.739|NA|2.089|2026-04-01
61721|NA|1.789|NA|2.149|2026-04-01
61722|NA|1.759|NA|2.079|2026-04-01
61723|NA|1.759|NA|2.099|2026-04-01
61724|NA|1.749|NA|2.119|2026-04-01
61725|NA|1.769|NA|2.119|2026-04-01
61726|NA|1.809|NA|2.139|2026-04-01
61727|NA|1.759|NA|2.049|2026-04-01
61728|NA|1.739|NA|2.169|2026-04-01
61729|NA|2.089|NA|2.279|2026-04-01
61730|NA|2.089|NA|2.279|2026-04-01
61731|NA|1.789|NA|2.169|2026-04-01
61732|NA|1.759|NA|2.109|2026-04-01
61733|NA|1.759|NA|2.109|2026-04-01
61734|NA|1.809|NA|2.149|2026-04-01
61735|NA|1.759|NA|2.099|2026-04-01
61736|NA|1.799|NA|2.149|2026-04-01
61737|NA|1.799|NA|2.149|2026-04-01
61738|NA|1.749|NA|2.109|2026-04-01
61739|NA|1.769|NA|2.159|2026-04-01
61740|NA|1.809|NA|2.159|2026-04-01
61741|NA|1.769|NA|2.129|2026-04-01
61742|NA|1.769|NA|2.139|2026-04-01
61743|NA|1.739|NA|2.099|2026-04-01
61744|NA|1.789|NA|2.139|2026-04-01
61745|NA|1.819|NA|2.169|2026-04-01
61746|NA|1.769|NA|2.059|2026-04-01
61747|NA|1.819|NA|2.149|2026-04-01
61748|NA|1.729|NA|2.079|2026-04-01
61749|NA|1.729|NA|2.079|2026-04-01
61750|NA|1.729|NA|2.079|2026-04-01
61751|NA|1.819|NA|2.159|2026-04-01
61752|NA|1.819|NA|2.159|2026-04-01
61753|NA|1.779|NA|2.049|2026-04-01
61754|NA|1.779|NA|2.159|2026-04-01
61755|NA|1.759|NA|2.099|2026-04-01
61756|NA|1.789|NA|2.169|2026-04-01
61757|NA|1.697|NA|1.997|2026-04-01
61758|NA|1.759|NA|2.109|2026-04-01
61759|NA|1.719|NA|2.039|2026-04-01
61760|NA|1.779|NA|2.109|2026-04-01
61761|NA|1.779|NA|2.109|2026-04-01
61762|NA|1.759|NA|2.129|2026-04-01
61763|NA|1.729|NA|2.099|2026-04-01
61764|NA|1.719|NA|2.099|2026-04-01
61765|NA|1.749|NA|2.129|2026-04-01
61769|1.959|1.749|2.299|2.089|2026-04-01
61770|1.909|1.719|2.289|2.099|2026-04-01
61771|NA|1.729|NA|2.089|2026-04-01
61772|NA|1.739|NA|2.049|2026-04-01
61773|2.149|1.819|2.349|2.159|2026-04-01
61774|1.739|1.739|2.099|2.099|2026-04-01
61775|1.729|1.729|2.079|2.079|2026-04-01
61776|NA|1.719|NA|2.049|2026-04-01
61777|1.739|1.739|2.059|2.059|2026-04-01
61778|NA|1.714|NA|2.039|2026-04-01
61779|1.949|1.759|2.229|2.039|2026-04-01
61780|2.05|1.85|2.299|2.099|2026-04-01
61782|2.118|2.118|2.249|2.249|2026-04-01
61784|NA|1.759|NA|2.099|2026-04-01
61785|NA|1.699|NA|2.099|2026-04-01
61786|NA|1.799|NA|2.099|2026-04-01
61787|NA|1.729|NA|2.119|2026-04-01
61789|2.099|1.799|2.399|2.099|2026-04-01
61790|2.099|1.799|2.399|2.099|2026-04-01
61791|1.799|1.799|2.099|2.099|2026-04-01
61792|1.799|1.799|2.099|2.099|2026-04-01
61793|NA|1.767|NA|2.087|2026-04-01
61794|NA|1.737|NA|2.037|2026-04-01
61795|NA|1.667|NA|1.987|2026-04-01
61796|NA|1.779|NA|2.069|2026-04-01
61797|2.009|1.819|2.349|2.159|2026-04-01
61798|1.86|1.86|2.1|2.1|2026-04-01
61799|1.725|1.725|2.095|2.095|2026-04-01
61800|NA|1.749|NA|2.109|2026-04-01
61801|1.999|1.749|2.359|2.109|2026-04-01
61802|1.728|1.728|2.098|2.098|2026-04-01
61803|1.942|1.732|2.258|2.048|2026-04-01
61804|1.972|1.762|2.335|2.125|2026-04-01
61805|NA|1.759|NA|2.069|2026-04-01
61806|NA|1.809|NA|2.149|2026-04-01
61807|NA|1.799|NA|2.139|2026-04-01
61808|1.899|1.749|2.219|2.069|2026-04-01
61809|NA|1.739|NA|2.029|2026-04-01
61810|NA|1.799|NA|2.159|2026-04-01
61812|NA|1.739|NA|NA|2026-04-01
61813|NA|1.749|NA|2.069|2026-04-01
61814|1.942|1.732|2.245|2.035|2026-04-01
61817|1.979|1.779|2.309|2.109|2026-04-01
61818|1.749|1.749|1.989|1.989|2026-04-01
61819|1.739|1.739|2.029|2.029|2026-04-01
61820|1.979|1.779|2.339|2.139|2026-04-01
61821|1.699|1.699|2.019|2.019|2026-04-01
61822|NA|1.769|NA|2.099|2026-04-01
61823|NA|1.759|NA|2.099|2026-04-01
61824|NA|1.739|NA|2.099|2026-04-01
61825|NA|1.739|NA|2.099|2026-04-01
61826|1.809|1.759|2.159|2.109|2026-04-01
61827|1.759|1.759|2.059|2.059|2026-04-01
61828|NA|1.799|NA|2.159|2026-04-01
61829|NA|1.789|NA|2.159|2026-04-01
61830|NA|1.799|NA|2.159|2026-04-01
61831|2.029|1.779|2.349|2.099|2026-04-01
61832|1.957|1.737|2.273|2.053|2026-04-01
61833|NA|1.753|NA|2.114|2026-04-01
61834|NA|1.759|NA|2.119|2026-04-01
61837|1.95|1.73|2.25|2.033|2026-04-01
61838|NA|1.779|NA|2.149|2026-04-01
61839|1.957|1.737|2.25|2.03|2026-04-01
61840|NA|1.796|NA|2.158|2026-04-01
61843|1.929|1.739|2.289|2.099|2026-04-01
61844|1.749|1.749|2.119|2.119|2026-04-01
61845|1.669|1.669|1.989|1.989|2026-04-01
61846|NA|1.779|NA|2.139|2026-04-01
61847|1.719|1.719|2.099|2.099|2026-04-01
61849|1.945|1.725|2.245|2.025|2026-04-01
61850|NA|1.749|NA|2.089|2026-04-01
61851|1.909|1.719|2.249|2.059|2026-04-01
61852|1.799|1.799|1.999|1.999|2026-04-01
61853|NA|1.729|NA|2.089|2026-04-01
61855|1.719|1.719|2.059|2.059|2026-04-01
61856|NA|1.739|NA|2.099|2026-04-01
61859|NA|1.797|NA|2.097|2026-04-01
61860|NA|1.727|NA|2.067|2026-04-01
61861|NA|1.777|NA|2.077|2026-04-01
61862|1.955|1.745|2.258|2.048|2026-04-01
61863|NA|1.699|NA|1.999|2026-04-01
61864|2.059|2.059|2.259|2.259|2026-04-01
61865|1.689|1.689|1.989|1.989|2026-04-01
61866|1.739|NA|2.089|NA|2026-04-01
61867|NA|1.729|NA|2.099|2026-04-01
61869|1.839|1.739|2.109|2.009|2026-04-01
61870|1.937|1.717|2.253|2.033|2026-04-01
61871|1.957|1.737|2.273|2.053|2026-04-01
61872|NA|1.737|NA|2.057|2026-04-01
61873|1.749|1.749|2.039|2.039|2026-04-01
61874|1.749|NA|2.139|NA|2026-04-01
61875|1.749|1.749|2.099|2.099|2026-04-01
61876|NA|1.727|NA|2.037|2026-04-01
61877|1.749|1.729|2.069|2.049|2026-04-01
61878|NA|1.759|NA|2.159|2026-04-01
61879|NA|1.729|NA|2.069|2026-04-01
61881|1.979|1.779|2.349|2.149|2026-04-01
61883|NA|1.789|NA|2.129|2026-04-01
61884|NA|1.799|NA|2.149|2026-04-01
61885|2.029|1.779|2.269|2.129|2026-04-01
61886|NA|1.819|NA|2.139|2026-04-01
61888|NA|1.729|NA|2.049|2026-04-01
61889|NA|1.779|NA|2.139|2026-04-01
61890|1.749|1.749|2.089|2.089|2026-04-01
61892|1.749|1.749|2.089|2.089|2026-04-01
61893|1.997|1.786|2.307|2.096|2026-04-01
61894|NA|1.669|NA|2.029|2026-04-01
61895|NA|1.769|NA|2.069|2026-04-01
61896|NA|1.769|NA|2.069|2026-04-01
61897|1.787|1.737|2.097|2.047|2026-04-01
61898|NA|1.733|NA|2.083|2026-04-01
61900|1.979|1.779|2.319|2.119|2026-04-01
61902|NA|1.727|NA|2.027|2026-04-01
61903|NA|1.759|NA|2.019|2026-04-01
61904|NA|1.749|NA|2.069|2026-04-01
61907|1.919|1.699|2.279|2.059|2026-04-01
61908|NA|1.789|NA|2.137|2026-04-01
61909|1.749|1.749|2.099|2.099|2026-04-01
61910|1.799|1.799|2.169|2.169|2026-04-01
61911|1.72|1.72|1.929|1.929|2026-04-01
61912|1.929|1.739|2.269|2.079|2026-04-01
61913|1.709|1.709|2.039|2.039|2026-04-01
61914|1.739|1.739|2.109|2.109|2026-04-01
61916|1.899|1.899|1.969|1.969|2026-04-01
61917|NA|1.795|NA|2.097|2026-04-01
61918|1.749|NA|2.039|NA|2026-04-01
61920|1.889|1.739|2.209|2.059|2026-04-01
61921|NA|1.817|NA|2.097|2026-04-01
61922|1.739|1.739|2.069|2.069|2026-04-01
61923|NA|1.728|NA|2.068|2026-04-01
61924|1.679|1.679|1.979|1.979|2026-04-01
61926|1.929|1.739|2.289|2.099|2026-04-01
61927|1.664|1.664|1.994|1.994|2026-04-01
61928|1.979|1.769|2.279|2.069|2026-04-01
61929|1.755|1.745|2.075|2.075|2026-04-01
61930|1.93|1.72|2.235|2.025|2026-04-01
61932|NA|1.737|NA|2.045|2026-04-01
61933|1.957|1.737|2.265|2.045|2026-04-01
61934|1.699|1.699|2.039|2.039|2026-04-01
61935|1.639|1.639|1.719|1.719|2026-04-01
61936|1.789|1.789|2.069|2.069|2026-04-01
61937|1.919|1.719|2.299|2.099|2026-04-01
61939|NA|1.799|NA|2.169|2026-04-01
61940|NA|1.689|NA|2.049|2026-04-01
61941|2.029|1.779|2.399|2.149|2026-04-01
61942|NA|1.739|NA|2.079|2026-04-01
61943|NA|1.699|NA|2.029|2026-04-01
61944|1.829|1.729|2.099|1.999|2026-04-01
61945|NA|1.819|NA|2.099|2026-04-01
61946|NA|1.779|NA|2.099|2026-04-01
61948|1.769|1.769|2.119|2.119|2026-04-01
61949|1.979|1.729|2.279|2.029|2026-04-01
61951|NA|1.739|NA|2.069|2026-04-01
61952|1.719|1.719|2.099|2.099|2026-04-01
61953|1.957|1.737|2.273|2.053|2026-04-01
61954|1.859|NA|2.099|NA|2026-04-01
61955|1.759|NA|1.999|NA|2026-04-01
61956|1.937|1.717|2.26|2.04|2026-04-01
61957|NA|1.769|NA|2.069|2026-04-01
61958|NA|1.789|NA|2.149|2026-04-01
61959|1.869|1.659|1.959|1.749|2026-04-01
61960|1.739|NA|2.099|NA|2026-04-01
61962|1.699|1.699|1.999|1.999|2026-04-01
61963|NA|1.849|NA|2.039|2026-04-01
61964|2.099|1.799|2.359|2.059|2026-04-01
61965|1.769|1.769|2.099|2.099|2026-04-01
61966|1.664|1.664|2.054|2.054|2026-04-01
61968|2.028|1.728|2.348|2.048|2026-04-01
61973|1.779|1.779|2.139|2.139|2026-04-01
61974|NA|1.739|NA|2.059|2026-04-01
61975|NA|1.737|NA|1.997|2026-04-01
61976|NA|1.737|NA|1.997|2026-04-01
61977|1.947|1.737|2.263|2.053|2026-04-01
61978|NA|1.759|NA|2.099|2026-04-01
61979|NA|1.759|NA|2.069|2026-04-01
61980|1.739|1.739|1.999|1.999|2026-04-01
61981|1.962|1.742|2.268|2.048|2026-04-01
61982|NA|1.788|NA|2.086|2026-04-01
61983|NA|1.717|NA|2.035|2026-04-01
61985|1.909|1.729|2.289|2.109|2026-04-01
61986|1.979|1.759|2.339|2.119|2026-04-01
61987|1.959|1.759|2.359|2.159|2026-04-01
61988|1.989|1.779|2.329|2.119|2026-04-01
61989|1.779|1.779|2.119|2.119|2026-04-01
61990|NA|1.717|NA|2.033|2026-04-01
61991|NA|1.789|NA|2.099|2026-04-01
61992|NA|1.699|NA|2.069|2026-04-01
61994|1.979|1.769|2.309|2.099|2026-04-01
61996|1.732|1.732|2.048|2.048|2026-04-01
61997|NA|1.749|NA|2.129|2026-04-01
61998|1.957|1.737|2.27|2.05|2026-04-01
62004|1.72|1.72|1.999|1.999|2026-04-01
62005|2.069|1.769|2.359|2.059|2026-04-01
62006|1.739|1.739|2.059|2.059|2026-04-01
62007|1.739|1.739|2.079|2.079|2026-04-01
62008|NA|1.667|NA|2.037|2026-04-01
62009|1.929|1.729|2.219|2.049|2026-04-01
62010|1.779|1.779|2.149|2.149|2026-04-01
62017|NA|1.749|NA|2.109|2026-04-01
62018|1.979|1.779|2.299|2.099|2026-04-01
62019|NA|1.757|NA|2.067|2026-04-01
62020|NA|1.599|NA|1.619|2026-04-01
62021|1.939|1.739|2.349|2.149|2026-04-01
62022|1.749|1.749|2.069|2.069|2026-04-01
62023|1.719|1.719|1.989|1.989|2026-04-01
62024|1.942|1.732|2.258|2.048|2026-04-01
62025|1.915|1.705|2.309|2.099|2026-04-01
62026|NA|1.769|NA|2.079|2026-04-01
62027|NA|1.689|NA|1.989|2026-04-01
62028|1.799|1.799|2.069|2.069|2026-04-01
62030|1.975|1.975|2.185|2.185|2026-04-01
62031|NA|1.699|NA|1.999|2026-04-01
62032|2.159|1.809|2.519|2.169|2026-04-01
62033|NA|1.779|NA|2.069|2026-04-01
62034|NA|1.729|NA|NA|2026-04-01
62035|1.649|1.649|1.949|1.949|2026-04-01
62036|1.905|1.695|2.218|2.008|2026-04-01
62037|1.989|1.749|2.279|2.039|2026-04-01
62038|NA|1.699|NA|2.029|2026-04-01
62039|1.889|1.789|2.149|2.049|2026-04-01
62040|NA|1.859|NA|2.099|2026-04-01
62041|1.759|NA|2.029|NA|2026-04-01
62042|1.759|NA|2.089|NA|2026-04-01
62043|1.849|1.699|2.199|2.049|2026-04-01
62044|1.924|1.724|2.264|2.064|2026-04-01
62045|2.028|1.728|2.328|2.028|2026-04-01
62046|1.999|1.789|2.309|2.099|2026-04-01
62047|2.018|1.718|2.388|2.088|2026-04-01
62048|2.008|1.708|2.318|2.018|2026-04-01
62049|NA|1.842|NA|2.144|2026-04-01
62053|NA|1.799|NA|2.139|2026-04-01
62054|1.789|NA|2.059|NA|2026-04-01
62055|1.969|1.759|2.309|2.099|2026-04-01
62056|1.789|NA|2.069|NA|2026-04-01
62057|1.957|1.737|2.253|2.033|2026-04-01
62058|1.945|1.725|NA|NA|2026-04-01
62059|1.919|1.719|2.219|2.019|2026-04-01
62060|1.927|1.717|2.243|2.033|2026-04-01
62061|1.997|1.797|2.297|2.097|2026-04-01
62062|1.759|1.759|2.059|2.059|2026-04-01
62063|1.745|1.745|2.098|2.098|2026-04-01
62065|1.957|1.737|2.255|2.035|2026-04-01
62066|1.957|1.737|2.26|2.04|2026-04-01
62067|1.955|1.735|2.253|2.033|2026-04-01
62068|1.935|1.717|2.265|2.045|2026-04-01
62070|1.789|1.789|2.169|2.169|2026-04-01
62071|NA|1.748|NA|2.078|2026-04-01
62072|1.888|1.738|2.279|2.129|2026-04-01
62073|NA|1.767|NA|2.097|2026-04-01
62074|1.789|1.739|2.149|2.099|2026-04-01
62075|NA|1.699|NA|1.999|2026-04-01
62077|1.729|1.729|2.039|2.039|2026-04-01
62078|2.029|1.799|2.329|2.099|2026-04-01
62079|1.969|1.729|2.329|2.089|2026-04-01
62080|1.759|1.759|2.089|2.089|2026-04-01
62081|NA|1.749|NA|2.069|2026-04-01
62083|1.947|1.737|2.263|2.053|2026-04-01
62084|1.969|1.669|2.289|1.989|2026-04-01
62085|1.849|1.749|2.159|2.059|2026-04-01
62086|2.109|1.759|2.449|2.099|2026-04-01
62087|1.916|1.701|2.246|2.031|2026-04-01
62088|1.94|1.72|2.26|2.04|2026-04-01
62089|1.957|1.737|2.26|2.04|2026-04-01
62090|1.957|1.737|2.253|2.033|2026-04-01
62092|NA|1.939|NA|2.149|2026-04-01
62093|1.919|1.725|2.049|NA|2026-04-01
62094|NA|1.737|NA|2.033|2026-04-01
62095|1.899|1.749|2.209|2.059|2026-04-01
62096|NA|1.749|NA|2.099|2026-04-01
62097|NA|1.759|NA|2.059|2026-04-01
62098|NA|1.759|NA|2.089|2026-04-01
62099|1.819|1.699|2.049|2.049|2026-04-01
62101|NA|1.739|NA|2.059|2026-04-01
62103|1.737|1.737|2.067|2.067|2026-04-01
62104|1.799|NA|2.099|NA|2026-04-01
62105|1.774|NA|2.05|NA|2026-04-01
62108|NA|1.699|NA|2.019|2026-04-01
62110|1.739|1.699|2.089|2.019|2026-04-01
62112|NA|1.769|NA|2.139|2026-04-01
62113|1.984|1.759|2.294|2.069|2026-04-01
62114|1.959|1.769|2.309|2.119|2026-04-01
62115|1.799|1.799|2.099|2.099|2026-04-01
62116|1.745|1.745|2.098|2.098|2026-04-01
62117|1.929|1.759|2.269|2.099|2026-04-01
62118|1.739|1.739|2.039|2.039|2026-04-01
62119|1.929|1.799|2.259|2.129|2026-04-01
62120|1.759|1.759|1.999|1.999|2026-04-01
62123|1.879|1.719|2.049|2.039|2026-04-01
62124|1.957|1.737|2.273|2.053|2026-04-01
62125|1.999|1.799|2.299|2.119|2026-04-01
62126|NA|1.709|NA|2.059|2026-04-01
62128|1.799|1.799|2.139|2.139|2026-04-01
62129|NA|1.725|NA|2.035|2026-04-01
62130|NA|1.769|NA|2.079|2026-04-01
62131|1.957|1.737|2.253|2.033|2026-04-01
62132|NA|1.749|NA|2.059|2026-04-01
62133|NA|1.745|NA|2.065|2026-04-01
62134|NA|1.739|NA|2.039|2026-04-01
62135|NA|1.735|NA|2.055|2026-04-01
62137|NA|1.729|NA|2.089|2026-04-01
62138|NA|1.899|NA|2.139|2026-04-01
62139|NA|1.759|NA|2.089|2026-04-01
62140|NA|1.729|NA|2.059|2026-04-01
62141|NA|1.717|NA|2.047|2026-04-01
62143|2.009|1.799|2.359|2.149|2026-04-01
62144|1.989|1.779|2.309|2.099|2026-04-01
62145|2.079|1.799|2.359|2.079|2026-04-01
62146|NA|1.699|NA|1.999|2026-04-01
62147|NA|1.749|NA|2.049|2026-04-01
62149|NA|1.737|NA|2.047|2026-04-01
62150|NA|1.727|NA|2.047|2026-04-01
62151|1.745|1.745|2.059|2.059|2026-04-01
62153|NA|1.749|NA|2.099|2026-04-01
62154|NA|1.764|NA|2.112|2026-04-01
62156|NA|1.799|NA|2.159|2026-04-01
62158|1.877|1.687|2.187|1.997|2026-04-01
62160|1.819|1.819|2.099|2.099|2026-04-01
62161|1.935|1.725|2.238|2.028|2026-04-01
62162|1.927|1.717|2.243|2.033|2026-04-01
62163|NA|1.697|NA|2.037|2026-04-01
62165|1.697|1.697|2.077|2.077|2026-04-01
62166|1.699|1.699|1.999|1.999|2026-04-01
62169|1.798|1.798|1.958|1.958|2026-04-01
62170|1.779|1.779|1.989|1.989|2026-04-01
62171|1.909|1.709|2.259|2.059|2026-04-01
62172|1.699|1.699|2.035|2.035|2026-04-01
62173|NA|1.739|NA|2.089|2026-04-01
62174|1.759|1.759|2.099|2.099|2026-04-01
62175|1.869|1.749|2.259|2.139|2026-04-01
62176|1.849|1.699|2.149|1.999|2026-04-01
62178|NA|1.759|NA|2.049|2026-04-01
62179|NA|1.729|NA|2.059|2026-04-01
62180|2.019|1.759|2.319|2.059|2026-04-01
62181|NA|1.699|NA|2.099|2026-04-01
62182|NA|1.685|NA|NA|2026-04-01
62186|1.829|1.739|2.169|2.079|2026-04-01
62187|1.937|1.717|2.253|2.033|2026-04-01
62188|1.957|1.737|2.273|2.053|2026-04-01
62189|2.079|1.717|2.064|2.04|2026-04-01
62190|1.959|1.759|2.239|2.039|2026-04-01
62191|NA|1.759|NA|2.049|2026-04-01
62192|NA|1.759|NA|1.999|2026-04-01
62193|1.779|1.779|2.014|2.014|2026-04-01
62194|NA|1.769|NA|2.109|2026-04-01
62195|1.779|1.779|2.079|2.079|2026-04-01
62196|1.899|1.899|1.999|1.999|2026-04-01
62197|NA|1.764|NA|2.094|2026-04-01
62198|1.949|1.749|2.339|2.139|2026-04-01
62199|NA|1.729|NA|NA|2026-04-01
62200|1.939|1.729|2.299|2.089|2026-04-01
62201|1.942|1.732|2.258|2.048|2026-04-01
62202|1.955|1.735|2.253|2.033|2026-04-01
62203|1.955|1.735|2.235|2.015|2026-04-01
62205|NA|1.728|NA|2.048|2026-04-01
62206|NA|1.699|NA|2.049|2026-04-01
62207|1.879|1.729|2.279|2.129|2026-04-01
62208|NA|1.869|NA|2.169|2026-04-01
62209|NA|1.699|NA|2.039|2026-04-01
62211|NA|1.679|NA|2.034|2026-04-01
62212|NA|1.749|NA|NA|2026-04-01
62213|1.945|1.725|2.253|2.033|2026-04-01
62214|NA|1.679|NA|2.049|2026-04-01
62215|NA|1.699|NA|1.999|2026-04-01
62217|NA|1.847|NA|1.937|2026-04-01
62218|1.978|1.778|2.268|2.068|2026-04-01
62219|NA|1.689|NA|1.999|2026-04-01
62220|NA|1.799|NA|2.099|2026-04-01
62221|1.949|1.759|2.289|2.099|2026-04-01
62222|1.718|1.718|1.998|1.998|2026-04-01
62224|1.939|1.739|2.289|2.089|2026-04-01
62225|1.899|1.899|1.999|1.999|2026-04-01
62226|1.989|1.799|2.289|2.099|2026-04-01
62227|1.982|1.782|2.281|2.081|2026-04-01
62228|1.937|1.717|2.255|2.035|2026-04-01
62229|NA|1.779|NA|2.119|2026-04-01
62230|1.758|1.758|2.14|2.14|2026-04-01
62232|1.759|1.759|2.099|2.099|2026-04-01
62233|NA|1.719|NA|2.099|2026-04-01
62234|NA|1.719|NA|2.099|2026-04-01
62235|1.979|1.759|2.279|2.059|2026-04-01
62236|NA|1.839|NA|2.159|2026-04-01
62237|NA|1.789|NA|2.129|2026-04-01
62238|1.689|1.689|1.999|1.999|2026-04-01
62239|2.029|1.819|2.359|2.149|2026-04-01
62240|1.969|1.789|2.279|2.099|2026-04-01
62241|1.959|1.759|2.219|2.019|2026-04-01
62242|1.708|1.708|2.068|2.068|2026-04-01
62243|NA|1.789|NA|NA|2026-04-01
62244|1.929|1.739|2.309|2.119|2026-04-01
62245|2.064|1.749|2.374|2.059|2026-04-01
62246|1.859|NA|2.099|NA|2026-04-01
62247|1.799|1.799|2.129|2.129|2026-04-01
62248|NA|1.725|NA|2.099|2026-04-01
62249|1.699|1.699|2.035|2.035|2026-04-01
62250|1.95|1.737|2.265|2.045|2026-04-01
62251|NA|1.749|NA|2.179|2026-04-01
62252|1.839|1.715|2.049|2.028|2026-04-01
62253|1.965|1.745|2.235|2.015|2026-04-01
62254|1.759|1.759|2.099|2.099|2026-04-01
62255|1.952|1.732|2.268|2.048|2026-04-01
62257|1.859|NA|2.045|NA|2026-04-01
62258|NA|1.737|NA|2.053|2026-04-01
62262|2.059|1.759|2.389|2.089|2026-04-01
62263|1.998|1.798|2.369|2.169|2026-04-01
62264|1.949|1.739|2.269|2.059|2026-04-01
62265|1.959|1.759|2.299|2.099|2026-04-01
62266|1.939|1.739|2.249|2.049|2026-04-01
62267|1.899|1.699|2.289|2.089|2026-04-01
62268|1.959|1.759|2.095|1.895|2026-04-01
62269|NA|1.729|NA|2.069|2026-04-01
62270|NA|1.779|NA|2.089|2026-04-01
62271|1.899|1.749|2.269|2.119|2026-04-01
62272|1.979|1.769|2.309|2.099|2026-04-01
62273|2.079|1.779|2.449|2.149|2026-04-01
62274|1.999|1.749|2.349|2.099|2026-04-01
62275|1.989|1.739|2.349|2.099|2026-04-01
62276|1.98|1.78|2.19|1.99|2026-04-01
62277|NA|1.742|NA|2.04|2026-04-01
62278|NA|1.739|NA|2.059|2026-04-01
62279|1.959|1.749|2.299|2.089|2026-04-01
62280|NA|1.705|NA|2.025|2026-04-01
62281|1.839|NA|1.929|NA|2026-04-01
62282|1.674|1.674|1.989|1.989|2026-04-01
62283|NA|1.719|NA|2.039|2026-04-01
62284|1.699|1.699|1.999|1.999|2026-04-01
62285|1.957|1.732|2.273|2.048|2026-04-01
62286|1.889|1.689|2.189|1.989|2026-04-01
62287|NA|1.799|NA|2.039|2026-04-01
62288|1.849|1.749|2.189|2.089|2026-04-01
62289|NA|1.719|NA|2.069|2026-04-01
62290|NA|1.737|NA|2.057|2026-04-01
62291|1.749|NA|2.059|NA|2026-04-01
62292|NA|1.719|NA|2.029|2026-04-01
62293|NA|1.697|NA|1.997|2026-04-01
62294|NA|1.829|NA|2.099|2026-04-01
62295|NA|1.759|NA|2.089|2026-04-01
62296|NA|1.739|NA|2.079|2026-04-01
62298|NA|1.735|NA|2.025|2026-04-01
62300|1.789|NA|2.029|NA|2026-04-01
62301|NA|1.749|NA|2.049|2026-04-01
62302|1.739|1.739|2.109|2.109|2026-04-01
62303|NA|1.799|NA|2.149|2026-04-01
62304|2.379|2.379|2.678|2.678|2026-04-01
62305|NA|1.759|NA|2.139|2026-04-01
62306|NA|1.759|NA|2.149|2026-04-01
62307|NA|1.778|NA|2.138|2026-04-01
62308|NA|1.759|NA|2.079|2026-04-01
62309|NA|1.739|NA|2.099|2026-04-01
62310|NA|1.749|NA|2.149|2026-04-01
62311|1.799|1.699|2.129|2.029|2026-04-01
62312|1.749|1.749|2.045|2.045|2026-04-01
62314|NA|1.779|NA|2.129|2026-04-01
62315|NA|1.699|NA|1.999|2026-04-01
62316|NA|1.742|NA|2.055|2026-04-01
62317|1.919|1.769|2.269|2.119|2026-04-01
62318|1.959|1.739|2.309|2.089|2026-04-01
62319|NA|1.769|NA|2.099|2026-04-01
62320|NA|1.799|NA|2.049|2026-04-01
62321|1.879|1.729|2.239|2.089|2026-04-01
62322|1.969|1.769|2.319|2.119|2026-04-01
62323|1.797|1.797|2.097|2.097|2026-04-01
62324|1.962|1.777|2.322|2.137|2026-04-01
62325|1.929|1.719|2.239|2.029|2026-04-01
62326|1.929|1.739|2.289|2.079|2026-04-01
62327|1.699|1.699|1.999|1.999|2026-04-01
62328|1.909|1.699|2.289|2.079|2026-04-01
62330|1.927|1.717|2.243|2.033|2026-04-01
62331|1.919|1.729|2.259|2.069|2026-04-01
62332|NA|1.764|NA|2.112|2026-04-01
62333|1.779|1.779|2.049|2.049|2026-04-01
62335|1.959|1.739|2.309|2.089|2026-04-01
62336|NA|1.719|NA|2.069|2026-04-01
62337|NA|1.799|NA|2.129|2026-04-01
62338|1.769|1.769|2.059|2.059|2026-04-01
62339|2.049|1.759|2.309|2.129|2026-04-01
62340|NA|1.735|NA|2.054|2026-04-01
62341|2.129|1.779|2.449|2.099|2026-04-01
62342|NA|1.724|NA|2.055|2026-04-01
62343|1.82|1.82|2.07|2.07|2026-04-01
62344|NA|1.757|NA|2.047|2026-04-01
62345|NA|1.714|NA|2.045|2026-04-01
62346|1.937|1.717|2.253|2.033|2026-04-01
62347|1.957|1.737|2.255|2.035|2026-04-01
62348|1.957|1.737|2.273|2.053|2026-04-01
62349|1.957|1.737|2.273|2.053|2026-04-01
62350|1.674|1.674|1.989|1.989|2026-04-01
62351|1.727|1.727|1.997|1.997|2026-04-01
62352|1.779|1.779|2.109|2.109|2026-04-01
62353|2.049|1.699|2.289|2.039|2026-04-01
62354|NA|1.71|NA|2.04|2026-04-01
62355|NA|1.769|NA|2.099|2026-04-01
62356|1.759|1.759|2.089|2.089|2026-04-01
62357|1.959|1.759|2.299|2.099|2026-04-01
62358|NA|1.729|NA|2.049|2026-04-01
62360|1.905|1.695|2.219|2.009|2026-04-01
62362|1.799|1.799|2.159|2.159|2026-04-01
62363|1.739|NA|2.109|NA|2026-04-01
62364|NA|1.724|NA|2.065|2026-04-01
62365|1.785|1.785|2.019|2.019|2026-04-01
62366|NA|1.799|NA|2.059|2026-04-01
62367|1.969|1.749|2.299|2.079|2026-04-01
62368|1.829|1.729|2.239|2.139|2026-04-01
62369|1.759|1.759|2.099|2.099|2026-04-01
62370|NA|1.749|NA|2.089|2026-04-01
62371|NA|1.77|NA|2.049|2026-04-01
62372|1.949|1.729|2.279|2.059|2026-04-01
62373|1.949|1.759|2.289|2.099|2026-04-01
62374|NA|1.767|NA|2.097|2026-04-01
62375|NA|1.749|NA|2.069|2026-04-01
62376|1.967|1.747|2.283|2.063|2026-04-01
62377|NA|1.699|NA|2.079|2026-04-01
62378|2.009|1.819|2.349|2.159|2026-04-01
62379|NA|1.839|NA|2.229|2026-04-01
62380|NA|1.769|NA|2.099|2026-04-01
62381|1.749|1.749|2.099|2.099|2026-04-01
62382|NA|1.749|NA|2.079|2026-04-01
62383|1.799|1.799|2.069|2.069|2026-04-01
62384|NA|1.799|NA|2.069|2026-04-01
62385|NA|1.749|NA|2.119|2026-04-01
62386|1.969|1.769|2.259|2.059|2026-04-01
62388|NA|1.73|NA|2.04|2026-04-01
62389|1.996|1.796|2.346|2.146|2026-04-01
62390|1.949|1.779|2.199|2.149|2026-04-01
62391|2.079|1.839|2.259|2.149|2026-04-01
62392|1.969|1.789|2.279|2.099|2026-04-01
62393|1.952|1.732|2.268|2.048|2026-04-01
62394|NA|1.799|NA|2.099|2026-04-01
62395|1.892|1.682|2.125|1.915|2026-04-01
62396|1.895|1.685|2.205|1.995|2026-04-01
62397|NA|1.719|NA|2.089|2026-04-01
62399|1.749|1.749|2.089|2.089|2026-04-01
62400|NA|1.766|NA|1.999|2026-04-01
62401|1.989|1.789|2.349|2.149|2026-04-01
62402|NA|1.759|NA|2.099|2026-04-01
62403|NA|1.739|NA|2.039|2026-04-01
62404|NA|1.8|NA|2.159|2026-04-01
62405|NA|1.757|NA|2.139|2026-04-01
62406|NA|1.769|NA|2.159|2026-04-01
62407|NA|1.779|NA|2.139|2026-04-01
62408|1.969|1.769|2.398|2.069|2026-04-01
62409|1.745|1.745|2.065|2.065|2026-04-01
62410|1.789|1.689|2.179|2.079|2026-04-01
62411|NA|1.759|NA|2.109|2026-04-01
62412|1.967|1.747|2.265|2.045|2026-04-01
62413|NA|1.677|NA|2.027|2026-04-01
62414|1.942|1.732|2.258|2.048|2026-04-01
62418|NA|1.869|NA|2.105|2026-04-01
62419|NA|1.719|NA|1.999|2026-04-01
62421|1.699|1.679|2.029|2.009|2026-04-01
62424|1.695|1.695|2.055|2.055|2026-04-01
62425|NA|1.686|NA|1.996|2026-04-01
62426|1.879|1.729|2.249|2.099|2026-04-01
62429|2.061|1.737|2.327|2.045|2026-04-01
62431|NA|1.899|NA|2.094|2026-04-01
62432|1.929|1.729|2.239|2.039|2026-04-01
62433|NA|1.759|NA|2.099|2026-04-01
62434|NA|1.699|NA|1.979|2026-04-01
62435|1.91|1.71|2.229|2.029|2026-04-01
62438|1.917|1.717|2.24|2.033|2026-04-01
62441|NA|1.695|NA|2.035|2026-04-01
62442|2.057|1.797|2.357|2.097|2026-04-01
62443|NA|1.729|NA|2.079|2026-04-01
62444|NA|1.729|NA|2.079|2026-04-01
62445|1.669|1.669|2.029|2.029|2026-04-01
62446|NA|1.558|NA|1.608|2026-04-01
62448|NA|1.769|NA|2.089|2026-04-01
62449|1.849|1.699|2.089|2.019|2026-04-01
62450|NA|1.739|NA|2.059|2026-04-01
62451|1.999|1.798|2.298|2.098|2026-04-01
62452|1.939|1.739|2.249|2.049|2026-04-01
62454|1.857|1.807|2.177|2.087|2026-04-01
62455|1.769|1.769|2.059|2.059|2026-04-01
62457|NA|1.829|NA|2.119|2026-04-01
62458|2.009|1.759|2.379|2.129|2026-04-01
62460|1.747|NA|2.048|NA|2026-04-01
62462|1.699|NA|1.999|NA|2026-04-01
62463|1.929|1.729|2.299|2.099|2026-04-01
62464|1.899|1.899|1.999|1.999|2026-04-01
62465|1.729|1.729|2.029|2.029|2026-04-01
62466|2.029|1.729|2.449|2.099|2026-04-01
62467|1.737|1.737|2.057|2.057|2026-04-01
62468|1.829|1.829|2.079|2.079|2026-04-01
62469|NA|1.709|NA|2.069|2026-04-01
62470|NA|1.699|NA|1.979|2026-04-01
62471|1.989|1.779|2.309|2.099|2026-04-01
62472|NA|1.705|NA|1.999|2026-04-01
62473|1.719|1.719|2.069|2.069|2026-04-01
62474|1.769|1.769|2.159|2.159|2026-04-01
62475|NA|1.799|NA|2.035|2026-04-01
62476|1.939|1.749|2.289|2.099|2026-04-01
62477|NA|1.717|NA|2.033|2026-04-01
62478|1.739|1.739|2.049|2.049|2026-04-01
62479|1.989|1.779|2.269|2.059|2026-04-01
62480|2.099|1.739|2.299|2.049|2026-04-01
62481|1.959|1.759|2.309|2.109|2026-04-01
62482|2.029|1.829|2.15|1.95|2026-04-01
62484|1.929|1.719|2.179|1.959|2026-04-01
62485|NA|1.759|NA|2.099|2026-04-01
62486|1.999|1.799|2.369|2.169|2026-04-01
62487|NA|1.729|NA|2.049|2026-04-01
62488|1.789|1.789|2.019|2.019|2026-04-01
62489|NA|1.659|NA|1.979|2026-04-01
62490|NA|1.739|NA|2.059|2026-04-01
62492|1.889|1.729|2.239|2.079|2026-04-01
62493|1.919|1.719|2.349|2.149|2026-04-01
62494|NA|1.737|NA|NA|2026-04-01
62495|NA|1.729|NA|2.049|2026-04-01
62496|1.919|1.689|2.299|2.069|2026-04-01
62497|2.199|1.969|2.499|2.369|2026-04-01
62498|1.819|1.719|2.149|2.049|2026-04-01
62499|NA|1.689|NA|2.069|2026-04-01
62500|1.969|1.749|2.299|2.079|2026-04-01
62501|1.749|1.749|2.129|2.129|2026-04-01
62504|2.115|1.715|2.445|2.045|2026-04-01
62505|NA|1.747|NA|2.037|2026-04-01
62506|1.724|1.724|2.069|2.069|2026-04-01
62507|1.777|1.777|2.158|2.158|2026-04-01
62508|1.796|1.796|2.036|2.036|2026-04-01
62509|NA|1.747|NA|2.077|2026-04-01
62510|2.029|1.799|2.309|2.079|2026-04-01
62511|1.699|1.699|2.059|2.059|2026-04-01
62512|1.949|1.739|2.249|2.039|2026-04-01
62513|1.799|1.799|2.169|2.169|2026-04-01
62514|NA|1.779|NA|2.119|2026-04-01
62515|1.779|1.779|2.119|2.119|2026-04-01
62516|1.939|1.719|2.299|2.079|2026-04-01
62517|1.795|1.795|2.045|2.045|2026-04-01
62518|1.942|1.732|2.258|2.048|2026-04-01
62519|NA|1.739|NA|2.089|2026-04-01
62520|1.899|1.699|2.229|2.029|2026-04-01
62521|1.699|1.699|1.999|1.999|2026-04-01
62522|1.799|1.799|2.079|2.079|2026-04-01
62523|1.699|1.699|1.969|1.969|2026-04-01
62524|NA|1.709|NA|2.069|2026-04-01
62525|2.052|1.842|2.355|2.145|2026-04-01
62526|1.979|1.769|2.369|2.159|2026-04-01
62527|1.859|1.729|2.219|2.069|2026-04-01
62528|1.789|1.739|2.119|2.069|2026-04-01
62529|2.029|1.779|2.399|2.149|2026-04-01
62530|1.999|1.779|2.319|2.099|2026-04-01
62531|1.769|1.769|2.129|2.129|2026-04-01
62532|NA|1.699|NA|2.049|2026-04-01
62533|1.899|1.724|2.219|2.044|2026-04-01
62534|1.979|1.769|2.279|2.069|2026-04-01
62535|NA|1.827|NA|2.157|2026-04-01
62536|1.959|1.759|2.339|2.139|2026-04-01
62538|NA|1.729|NA|2.099|2026-04-01
62539|1.942|1.732|2.258|2.048|2026-04-01
62540|1.794|1.794|2.179|2.179|2026-04-01
62541|1.719|1.719|2.029|2.029|2026-04-01
62543|2.009|1.799|2.369|2.159|2026-04-01
62545|2.039|1.739|2.399|2.099|2026-04-01
62547|NA|1.799|NA|1.999|2026-04-01
62548|1.937|1.717|2.273|2.053|2026-04-01
62551|1.909|1.709|2.084|2.049|2026-04-01
62552|NA|1.759|NA|2.119|2026-04-01
62553|1.927|1.717|2.263|2.053|2026-04-01
62554|NA|1.799|NA|2.014|2026-04-01
62555|1.739|1.739|2.079|2.079|2026-04-01
62557|1.749|NA|1.999|NA|2026-04-01
62558|NA|1.849|NA|2.059|2026-04-01
62559|1.761|NA|2.079|NA|2026-04-01
62560|NA|1.749|NA|2.069|2026-04-01
62561|NA|1.719|NA|2.049|2026-04-01
62562|1.969|1.759|2.299|2.089|2026-04-01
62563|1.957|1.737|2.26|2.04|2026-04-01
62564|NA|1.719|NA|2.029|2026-04-01
62565|NA|1.677|NA|1.997|2026-04-01
62566|NA|1.724|NA|2.045|2026-04-01
62567|2.049|1.849|2.369|2.169|2026-04-01
62568|NA|1.673|NA|1.963|2026-04-01
62569|1.919|1.829|2.129|2.039|2026-04-01
62570|NA|1.779|NA|2.099|2026-04-01
62574|1.799|1.799|2.119|2.119|2026-04-01
62575|1.922|1.712|2.238|2.028|2026-04-01
62576|1.779|1.779|2.149|2.149|2026-04-01
62577|2.069|1.789|2.339|2.059|2026-04-01
62578|NA|1.779|NA|2.099|2026-04-01
62579|1.789|1.729|2.079|2.029|2026-04-01
62580|1.999|1.799|2.259|2.059|2026-04-01
62581|1.768|1.768|2.108|2.108|2026-04-01
62582|1.865|1.655|2.289|2.079|2026-04-01
62583|1.979|1.769|2.349|2.139|2026-04-01
62584|1.714|NA|1.999|NA|2026-04-01
62585|1.83|1.72|2.143|2.033|2026-04-01
62588|NA|1.739|NA|2.025|2026-04-01
62589|1.967|1.747|2.27|2.05|2026-04-01
62590|1.714|NA|1.999|NA|2026-04-01
62591|NA|1.719|NA|2.069|2026-04-01
62592|1.949|1.749|2.269|2.069|2026-04-01
62594|1.957|1.737|2.273|2.053|2026-04-01
62595|NA|1.749|NA|2.089|2026-04-01
62603|1.949|1.749|2.279|2.079|2026-04-01
62604|2.019|1.769|2.369|2.119|2026-04-01
62605|1.749|NA|2.019|NA|2026-04-01
62606|NA|1.789|NA|2.099|2026-04-01
62607|1.739|1.739|2.049|2.049|2026-04-01
62608|1.719|NA|2.035|NA|2026-04-01
62609|1.749|NA|2.009|NA|2026-04-01
62610|1.695|NA|1.989|NA|2026-04-01
62611|1.749|NA|2.035|NA|2026-04-01
62613|NA|1.699|NA|2.019|2026-04-01
62614|1.915|1.705|2.279|2.069|2026-04-01
62615|1.875|1.665|2.191|1.981|2026-04-01
62616|1.929|1.729|2.259|2.059|2026-04-01
62617|NA|1.725|NA|2.045|2026-04-01
62618|2.125|1.725|2.415|2.015|2026-04-01
62619|1.739|1.739|2.099|2.099|2026-04-01
62620|2.019|1.739|2.459|2.179|2026-04-01
62622|NA|1.669|NA|1.999|2026-04-01
62623|NA|1.759|NA|2.099|2026-04-01
62627|1.659|1.659|1.959|1.959|2026-04-01
62628|2.019|1.819|2.299|2.099|2026-04-01
62629|1.999|1.799|2.199|1.999|2026-04-01
62630|1.687|1.687|2.047|2.047|2026-04-01
62631|NA|1.749|NA|1.999|2026-04-01
62632|NA|1.722|NA|2.008|2026-04-01
62633|1.939|1.739|2.249|2.049|2026-04-01
62634|NA|1.769|NA|2.169|2026-04-01
62636|1.799|1.799|2.099|2.099|2026-04-01
62637|NA|1.809|NA|2.139|2026-04-01
62639|NA|1.799|NA|2.099|2026-04-01
62641|NA|1.759|NA|2.089|2026-04-01
62642|1.779|NA|1.999|NA|2026-04-01
62643|NA|1.669|NA|1.989|2026-04-01
62644|NA|1.739|NA|2.059|2026-04-01
62645|1.998|1.778|2.298|2.078|2026-04-01
62646|NA|1.766|NA|2.066|2026-04-01
62647|1.998|1.778|2.298|2.078|2026-04-01
62648|NA|1.729|NA|2.069|2026-04-01
62650|1.947|1.736|2.267|2.056|2026-04-01
62651|NA|1.735|NA|2.035|2026-04-01
62652|2.097|1.786|2.477|2.166|2026-04-01
62655|1.896|1.896|2.156|2.156|2026-04-01
62657|1.759|1.759|2.099|2.099|2026-04-01
62658|NA|1.849|NA|2.099|2026-04-01
62659|2.059|1.849|2.309|2.099|2026-04-01
62661|NA|1.689|NA|2.029|2026-04-01
62662|1.957|1.737|2.253|2.033|2026-04-01
62663|NA|1.747|NA|2.087|2026-04-01
62664|NA|1.739|NA|2.079|2026-04-01
62665|NA|1.699|NA|2.029|2026-04-01
62666|1.749|1.749|2.159|2.159|2026-04-01
62667|NA|1.847|NA|2.122|2026-04-01
62668|NA|1.714|NA|2.055|2026-04-01
62669|1.929|1.729|2.259|2.059|2026-04-01
62670|NA|1.739|NA|2.069|2026-04-01
62672|NA|1.779|NA|2.069|2026-04-01
62674|1.879|1.779|2.139|2.039|2026-04-01
62675|NA|1.724|NA|2.075|2026-04-01
62676|1.939|1.749|2.289|2.099|2026-04-01
62677|NA|1.705|NA|2.075|2026-04-01
62678|2.039|1.809|2.289|2.059|2026-04-01
62679|1.847|1.847|2.099|2.099|2026-04-01
62680|NA|1.799|NA|2.099|2026-04-01
62682|NA|1.799|NA|2.099|2026-04-01
62683|NA|1.739|NA|2.069|2026-04-01
62685|1.799|1.719|2.057|1.999|2026-04-01
62686|1.789|NA|2.079|NA|2026-04-01
62691|NA|2.156|NA|2.534|2026-04-01
62693|1.799|1.799|2.049|2.049|2026-04-01
